sample	cutadapt_total_processed	cutadapt_reverse_complemented	cutadapt_passing_filters	cutadapt_passing_filters_percent	DADA2_input	filtered	denoisedF	denoisedR	merged	nonchim
Leaf_16S_F1_R1	17,800	NA	8,247	46.3%	8247	6570	6569	6567	6399	6373
Leaf_16S_F1_R10	38,505	NA	19,591	50.9%	19591	18440	18419	18403	18201	18116
Leaf_16S_F1_R11	29,327	NA	11,292	38.5%	11292	10568	10556	10536	10351	10292
Leaf_16S_F1_R12	27,457	NA	12,301	44.8%	12301	11642	11625	11629	11498	11459
Leaf_16S_F1_R13	25,022	NA	13,030	52.1%	13030	12336	12333	12322	12231	12209
Leaf_16S_F1_R14	24,776	NA	11,124	44.9%	11124	10515	10452	10456	10274	10241
Leaf_16S_F1_R15	58,067	NA	36,759	63.3%	36759	34797	34781	34770	34273	34199
Leaf_16S_F1_R16	68,719	NA	44,440	64.7%	44440	41168	41138	41119	40567	40463
Leaf_16S_F1_R17	28,259	NA	3,225	11.4%	3225	3048	2946	2903	2568	2469
Leaf_16S_F1_R18	32,296	NA	8,846	27.4%	8846	8434	8191	8026	7078	6762
Leaf_16S_F1_R19	12,961	NA	4,692	36.2%	4692	4404	4272	4240	3808	3683
Leaf_16S_F1_R2	44,531	NA	17,365	39.0%	17365	16417	16398	16384	16172	16013
Leaf_16S_F1_R20	21,470	NA	5,756	26.8%	5756	5484	5316	5256	4637	4444
Leaf_16S_F1_R21	16,482	NA	4,381	26.6%	4381	4144	4027	3977	3545	3410
Leaf_16S_F1_R22	3,654	NA	3,026	82.8%	3026	2891	2784	2751	2463	2370
Leaf_16S_F1_R23	5,149	NA	4,517	87.7%	4517	4268	4144	4089	3608	3451
Leaf_16S_F1_R24	5,942	NA	4,651	78.3%	4651	4421	4271	4230	3710	3577
Leaf_16S_F1_R3	19,277	NA	4,082	21.2%	4082	3859	3848	3847	3750	3709
Leaf_16S_F1_R4	26,088	NA	17,387	66.6%	17387	16410	16399	16388	16118	16004
Leaf_16S_F1_R5	28,596	NA	6,577	23.0%	6577	6218	6205	6190	6094	6055
Leaf_16S_F1_R6	43,298	NA	14,480	33.4%	14480	13659	13634	13628	13438	13312
Leaf_16S_F1_R7	15,565	NA	2,141	13.8%	2141	1979	1971	1949	1847	1801
Leaf_16S_F1_R8	48,614	NA	30,735	63.2%	30735	28357	28327	28317	27615	27473
Leaf_16S_F1_R9	31,925	NA	9,390	29.4%	9390	8862	8853	8848	8671	8590
Leaf_16S_F10_R1	38,269	NA	20,047	52.4%	20047	18904	18867	18874	18466	18305
Leaf_16S_F10_R10	10,552	NA	5,825	55.2%	5825	2690	2689	2690	2618	2611
Leaf_16S_F10_R11	22,048	NA	11,942	54.2%	11942	11120	11097	11102	10842	10777
Leaf_16S_F10_R12	26,881	NA	11,590	43.1%	11590	10923	10912	10907	10713	10658
Leaf_16S_F10_R13	8,324	NA	7,434	89.3%	7434	6995	6990	6986	6854	6813
Leaf_16S_F10_R14	1,966	NA	978	49.7%	978	915	911	909	887	875
Leaf_16S_F10_R15	2,135	NA	1,085	50.8%	1085	1022	1021	1019	985	974
Leaf_16S_F10_R16	8,329	NA	7,258	87.1%	7258	6821	6819	6815	6708	6651
Leaf_16S_F10_R17	1,982	NA	1,055	53.2%	1055	984	975	964	908	890
Leaf_16S_F10_R18	2,896	NA	1,819	62.8%	1819	1718	1708	1695	1600	1567
Leaf_16S_F10_R19	2,212	NA	1,338	60.5%	1338	1255	1250	1243	1195	1182
Leaf_16S_F10_R2	28,755	NA	14,981	52.1%	14981	13925	13922	13909	13508	13428
Leaf_16S_F10_R20	1,413	NA	963	68.2%	963	892	891	878	830	816
Leaf_16S_F10_R21	1,728	NA	1,063	61.5%	1063	985	983	975	934	924
Leaf_16S_F10_R22	705	NA	485	68.8%	485	456	455	451	423	408
Leaf_16S_F10_R23	1,379	NA	1,068	77.4%	1068	995	988	974	919	905
Leaf_16S_F10_R24	2,023	NA	1,363	67.4%	1363	1281	1277	1270	1205	1183
Leaf_16S_F10_R3	23,184	NA	11,523	49.7%	11523	10822	10820	10809	10646	10543
Leaf_16S_F10_R4	22,872	NA	11,771	51.5%	11771	11058	11050	11054	10920	10802
Leaf_16S_F10_R5	34,715	NA	16,447	47.4%	16447	15564	15472	15451	15072	15006
Leaf_16S_F10_R6	40,912	NA	25,622	62.6%	25622	24130	24123	24116	23692	23414
Leaf_16S_F10_R7	32,723	NA	25,095	76.7%	25095	23444	23439	23438	23022	22879
Leaf_16S_F10_R8	17,729	NA	5,189	29.3%	5189	4823	4823	4820	4742	4700
Leaf_16S_F10_R9	27,385	NA	7,181	26.2%	7181	6677	6673	6670	6557	6490
Leaf_16S_F11_R1	30,348	NA	19,333	63.7%	19333	18175	18164	18162	17938	17797
Leaf_16S_F11_R10	22,607	NA	10,847	48.0%	10847	10161	10150	10146	9988	9940
Leaf_16S_F11_R11	1,399	NA	872	62.3%	872	35	35	35	32	32
Leaf_16S_F11_R12	19,386	NA	9,126	47.1%	9126	8545	8540	8536	8386	8320
Leaf_16S_F11_R13	11,332	NA	10,572	93.3%	10572	9771	9764	9736	9508	9490
Leaf_16S_F11_R14	23,664	NA	22,846	96.5%	22846	21412	21402	21406	21051	20978
Leaf_16S_F11_R15	23,902	NA	22,997	96.2%	22997	21743	21718	21731	21396	21281
Leaf_16S_F11_R16	9,280	NA	8,180	88.1%	8180	7720	7683	7710	7471	7438
Leaf_16S_F11_R17	1,904	NA	1,070	56.2%	1070	993	982	969	908	894
Leaf_16S_F11_R18	2,610	NA	1,757	67.3%	1757	1667	1665	1648	1561	1522
Leaf_16S_F11_R19	2,318	NA	1,570	67.7%	1570	1473	1461	1453	1384	1361
Leaf_16S_F11_R2	26,416	NA	15,880	60.1%	15880	14944	14935	14913	14641	14565
Leaf_16S_F11_R20	1,466	NA	1,153	78.6%	1153	1093	1091	1086	1031	1012
Leaf_16S_F11_R21	1,685	NA	1,232	73.1%	1232	1157	1148	1147	1100	1073
Leaf_16S_F11_R22	761	NA	553	72.7%	553	525	518	520	495	482
Leaf_16S_F11_R23	1,495	NA	1,256	84.0%	1256	1182	1181	1172	1121	1087
Leaf_16S_F11_R24	2,000	NA	1,463	73.2%	1463	1382	1377	1369	1296	1270
Leaf_16S_F11_R3	28,665	NA	13,480	47.0%	13480	12613	12611	12599	12445	12362
Leaf_16S_F11_R4	17,389	NA	10,363	59.6%	10363	9782	9757	9770	9638	9503
Leaf_16S_F11_R5	27,965	NA	19,847	71.0%	19847	18827	18825	18823	18613	18532
Leaf_16S_F11_R6	21,170	NA	14,925	70.5%	14925	14127	14117	14112	13778	13638
Leaf_16S_F11_R7	48,874	NA	39,397	80.6%	39397	37077	37033	36977	36184	36025
Leaf_16S_F11_R8	21,484	NA	13,118	61.1%	13118	12104	12094	12102	11885	11805
Leaf_16S_F11_R9	26,184	NA	8,034	30.7%	8034	7574	7570	7562	7477	7415
Leaf_16S_F12_R1	27,633	NA	15,859	57.4%	15859	14861	14786	14779	14392	14311
Leaf_16S_F12_R10	27,377	NA	16,255	59.4%	16255	15262	15255	15255	15121	15067
Leaf_16S_F12_R11	19,252	NA	10,832	56.3%	10832	10224	10209	10207	9954	9909
Leaf_16S_F12_R12	10,085	NA	5,242	52.0%	5242	2108	2104	2107	2058	2054
Leaf_16S_F12_R13	14,189	NA	13,175	92.9%	13175	12382	12377	12379	12231	12184
Leaf_16S_F12_R14	17,228	NA	16,087	93.4%	16087	15174	15168	15169	15021	14994
Leaf_16S_F12_R15	18,284	NA	16,927	92.6%	16927	15824	15805	15800	15521	15470
Leaf_16S_F12_R16	30,278	NA	28,806	95.1%	28806	26637	26633	26625	26286	26050
Leaf_16S_F12_R17	2,622	NA	1,394	53.2%	1394	1283	1274	1269	1193	1161
Leaf_16S_F12_R18	3,601	NA	2,387	66.3%	2387	2217	2203	2197	2080	2026
Leaf_16S_F12_R19	3,011	NA	1,894	62.9%	1894	1765	1762	1745	1693	1662
Leaf_16S_F12_R2	47,166	NA	17,489	37.1%	17489	16405	16395	16380	16117	16039
Leaf_16S_F12_R20	1,905	NA	1,391	73.0%	1391	1313	1303	1289	1243	1223
Leaf_16S_F12_R21	2,463	NA	1,707	69.3%	1707	1612	1601	1597	1547	1522
Leaf_16S_F12_R22	968	NA	681	70.4%	681	628	627	618	596	580
Leaf_16S_F12_R23	1,979	NA	1,597	80.7%	1597	1500	1490	1482	1438	1399
Leaf_16S_F12_R24	2,571	NA	1,819	70.8%	1819	1699	1695	1688	1615	1584
Leaf_16S_F12_R3	35,125	NA	16,126	45.9%	16126	15190	15159	15169	14804	14746
Leaf_16S_F12_R4	21,945	NA	11,380	51.9%	11380	10665	10639	10648	10469	10393
Leaf_16S_F12_R5	35,068	NA	17,202	49.1%	17202	16106	16072	16070	15714	15635
Leaf_16S_F12_R6	43,631	NA	20,604	47.2%	20604	18827	18820	18812	18581	18414
Leaf_16S_F12_R7	18,643	NA	10,934	58.6%	10934	10226	10221	10221	10039	9957
Leaf_16S_F12_R8	41,077	NA	21,264	51.8%	21264	19641	19637	19627	19341	19274
Leaf_16S_F12_R9	28,778	NA	15,674	54.5%	15674	14435	14432	14431	14217	14087
Leaf_16S_F13_R1	25,816	NA	12,794	49.6%	12794	12172	12168	12166	11973	11890
Leaf_16S_F13_R10	7,943	NA	871	11.0%	871	824	819	816	791	776
Leaf_16S_F13_R11	10,701	NA	757	7.1%	757	720	716	714	686	675
Leaf_16S_F13_R12	13,587	NA	1,069	7.9%	1069	994	991	986	953	938
Leaf_16S_F13_R13	751	NA	330	43.9%	330	225	225	225	216	214
Leaf_16S_F13_R14	1,536	NA	797	51.9%	797	750	749	746	719	709
Leaf_16S_F13_R15	1,832	NA	990	54.0%	990	924	921	921	886	873
Leaf_16S_F13_R16	1,858	NA	966	52.0%	966	910	904	908	868	847
Leaf_16S_F13_R17	14,832	NA	14,060	94.8%	14060	12986	12966	12967	12733	12648
Leaf_16S_F13_R18	26,511	NA	25,613	96.6%	25613	24262	24207	24211	23693	23555
Leaf_16S_F13_R19	24,142	NA	23,361	96.8%	23361	22098	22065	22067	21734	21585
Leaf_16S_F13_R2	39,669	NA	14,182	35.8%	14182	13472	13463	13462	13311	13148
Leaf_16S_F13_R20	9,190	NA	8,875	96.6%	8875	8409	8402	8390	8263	8202
Leaf_16S_F13_R21	7,751	NA	7,276	93.9%	7276	6784	6776	6771	6675	6612
Leaf_16S_F13_R22	4,864	NA	4,665	95.9%	4665	4368	4365	4349	4281	4242
Leaf_16S_F13_R23	19,284	NA	19,007	98.6%	19007	17879	17868	17858	17522	17395
Leaf_16S_F13_R24	28,013	NA	27,506	98.2%	27506	24689	24668	24637	24217	24005
Leaf_16S_F13_R3	33,497	NA	21,576	64.4%	21576	20469	20444	20436	20147	19926
Leaf_16S_F13_R4	23,300	NA	15,170	65.1%	15170	14355	14304	14300	14007	13860
Leaf_16S_F13_R5	23,360	NA	16,042	68.7%	16042	15161	15141	15141	14840	14745
Leaf_16S_F13_R6	29,370	NA	19,754	67.3%	19754	18672	18634	18618	18270	18050
Leaf_16S_F13_R7	28,560	NA	9,316	32.6%	9316	8707	8681	8671	8455	8399
Leaf_16S_F13_R8	21,446	NA	14,466	67.5%	14466	13289	13261	13266	12818	12744
Leaf_16S_F13_R9	20,959	NA	791	3.8%	791	750	750	749	718	708
Leaf_16S_F14_R1	25,634	NA	14,597	56.9%	14597	13658	13649	13646	13388	13200
Leaf_16S_F14_R10	2,043	NA	1,135	55.6%	1135	1073	1070	1072	1052	1035
Leaf_16S_F14_R11	22,461	NA	799	3.6%	799	732	729	731	712	699
Leaf_16S_F14_R12	16,464	NA	1,157	7.0%	1157	1082	1080	1077	1032	1019
Leaf_16S_F14_R13	1,772	NA	823	46.4%	823	769	768	767	739	728
Leaf_16S_F14_R14	944	NA	408	43.2%	408	191	191	190	181	178
Leaf_16S_F14_R15	2,222	NA	1,094	49.2%	1094	1028	1023	1024	995	983
Leaf_16S_F14_R16	2,224	NA	1,119	50.3%	1119	1022	1019	1016	969	956
Leaf_16S_F14_R17	22,233	NA	21,246	95.6%	21246	19662	19626	19634	19257	19175
Leaf_16S_F14_R18	37,245	NA	36,128	97.0%	36128	34134	34108	34088	33590	33361
Leaf_16S_F14_R19	15,035	NA	14,058	93.5%	14058	13046	13040	13017	12791	12717
Leaf_16S_F14_R2	49,214	NA	22,743	46.2%	22743	21414	21390	21399	20920	20791
Leaf_16S_F14_R20	21,915	NA	21,445	97.9%	21445	20264	20227	20240	19838	19734
Leaf_16S_F14_R21	2,188	NA	1,540	70.4%	1540	1423	1415	1411	1356	1324
Leaf_16S_F14_R22	9,210	NA	8,955	97.2%	8955	8329	8329	8325	8184	8160
Leaf_16S_F14_R23	22,599	NA	22,247	98.4%	22247	20945	20942	20939	20572	20489
Leaf_16S_F14_R24	24,284	NA	23,584	97.1%	23584	22223	22212	22207	21902	21806
Leaf_16S_F14_R3	34,063	NA	21,305	62.5%	21305	20061	20040	20047	19736	19535
Leaf_16S_F14_R4	26,308	NA	13,988	53.2%	13988	13184	13173	13170	12923	12825
Leaf_16S_F14_R5	32,230	NA	17,541	54.4%	17541	16502	16493	16483	16155	16037
Leaf_16S_F14_R6	48,361	NA	22,112	45.7%	22112	20875	20868	20863	20524	20265
Leaf_16S_F14_R7	28,794	NA	18,372	63.8%	18372	17144	17138	17125	16852	16722
Leaf_16S_F14_R8	31,341	NA	16,887	53.9%	16887	15864	15843	15842	15537	15405
Leaf_16S_F14_R9	12,650	NA	790	6.2%	790	724	722	717	698	678
Leaf_16S_F15_R1	58,547	NA	22,785	38.9%	22785	21439	21374	21374	20961	20817
Leaf_16S_F15_R10	1,933	NA	1,076	55.7%	1076	1002	996	994	962	945
Leaf_16S_F15_R11	23,907	NA	857	3.6%	857	814	813	811	796	788
Leaf_16S_F15_R12	18,199	NA	1,300	7.1%	1300	1228	1218	1218	1177	1170
Leaf_16S_F15_R13	1,807	NA	822	45.5%	822	775	774	771	738	729
Leaf_16S_F15_R14	2,194	NA	1,127	51.4%	1127	1058	1055	1049	1019	1005
Leaf_16S_F15_R15	1,982	NA	923	46.6%	923	626	626	624	609	600
Leaf_16S_F15_R16	2,750	NA	1,203	43.7%	1203	1125	1123	1108	1077	1064
Leaf_16S_F15_R17	22,536	NA	21,353	94.8%	21353	20131	19936	19940	19210	19147
Leaf_16S_F15_R18	35,872	NA	34,590	96.4%	34590	32739	32465	32588	31507	31272
Leaf_16S_F15_R19	17,659	NA	16,515	93.5%	16515	15544	15532	15522	15323	15253
Leaf_16S_F15_R2	10,577	NA	2,000	18.9%	2000	1858	1852	1856	1798	1771
Leaf_16S_F15_R20	17,668	NA	17,160	97.1%	17160	16156	16147	16143	15746	15668
Leaf_16S_F15_R21	17,052	NA	16,289	95.5%	16289	15302	15286	15290	14965	14905
Leaf_16S_F15_R22	7,697	NA	7,381	95.9%	7381	6923	6915	6914	6773	6697
Leaf_16S_F15_R23	11,279	NA	10,870	96.4%	10870	10235	10229	10220	10052	10012
Leaf_16S_F15_R24	20,597	NA	19,824	96.2%	19824	18583	18569	18545	18307	18208
Leaf_16S_F15_R3	23,148	NA	1,903	8.2%	1903	1790	1787	1779	1740	1726
Leaf_16S_F15_R4	19,758	NA	10,616	53.7%	10616	9893	9883	9879	9662	9534
Leaf_16S_F15_R5	13,394	NA	7,002	52.3%	7002	6590	6578	6571	6453	6413
Leaf_16S_F15_R6	31,615	NA	19,709	62.3%	19709	18580	18565	18545	18318	18165
Leaf_16S_F15_R7	54,691	NA	43,945	80.4%	43945	40678	40636	40630	39968	39739
Leaf_16S_F15_R8	25,515	NA	14,161	55.5%	14161	13297	13291	13271	13076	13024
Leaf_16S_F15_R9	23,167	NA	864	3.7%	864	811	807	805	781	766
Leaf_16S_F16_R1	68,776	NA	26,027	37.8%	26027	24364	24324	24340	23889	23578
Leaf_16S_F16_R10	8,138	NA	1,413	17.4%	1413	1327	1323	1323	1285	1264
Leaf_16S_F16_R11	9,173	NA	1,176	12.8%	1176	1104	1098	1097	1064	1043
Leaf_16S_F16_R12	29,197	NA	1,713	5.9%	1713	1597	1595	1594	1554	1532
Leaf_16S_F16_R13	2,135	NA	1,065	49.9%	1065	997	996	992	969	939
Leaf_16S_F16_R14	2,442	NA	1,327	54.3%	1327	1247	1245	1243	1210	1182
Leaf_16S_F16_R15	2,940	NA	1,694	57.6%	1694	1587	1583	1581	1523	1506
Leaf_16S_F16_R16	1,480	NA	698	47.2%	698	394	393	393	374	368
Leaf_16S_F16_R17	23,402	NA	22,148	94.6%	22148	20804	20759	20741	20292	20203
Leaf_16S_F16_R18	32,592	NA	31,245	95.9%	31245	29474	29449	29438	28840	28695
Leaf_16S_F16_R19	21,314	NA	20,145	94.5%	20145	18753	18744	18723	18436	18313
Leaf_16S_F16_R2	51,468	NA	25,067	48.7%	25067	23390	23362	23370	22921	22744
Leaf_16S_F16_R20	21,338	NA	20,709	97.1%	20709	19067	19051	19043	18762	18629
Leaf_16S_F16_R21	25,401	NA	24,543	96.6%	24543	23012	22997	22988	22607	22457
Leaf_16S_F16_R22	10,749	NA	10,433	97.1%	10433	9819	9808	9779	9570	9534
Leaf_16S_F16_R23	26,892	NA	26,352	98.0%	26352	24812	24783	24759	24368	24205
Leaf_16S_F16_R24	21,037	NA	20,246	96.2%	20246	19076	19045	19037	18747	18617
Leaf_16S_F16_R3	50,049	NA	19,984	39.9%	19984	18584	18571	18569	18250	18143
Leaf_16S_F16_R4	30,418	NA	14,927	49.1%	14927	14039	14033	14018	13800	13661
Leaf_16S_F16_R5	33,186	NA	18,366	55.3%	18366	17353	17324	17338	17004	16848
Leaf_16S_F16_R6	29,424	NA	20,384	69.3%	20384	18948	18928	18926	18684	18473
Leaf_16S_F16_R7	55,337	NA	43,545	78.7%	43545	40934	40926	40918	40374	40133
Leaf_16S_F16_R8	37,310	NA	22,867	61.3%	22867	21227	21220	21202	20895	20801
Leaf_16S_F16_R9	32,147	NA	1,159	3.6%	1159	1075	1074	1070	1043	1016
Leaf_16S_F17_R1	28,700	NA	27,007	94.1%	27007	25612	25585	25573	25061	24865
Leaf_16S_F17_R10	1,740	NA	1,143	65.7%	1143	1078	1077	1074	1048	1035
Leaf_16S_F17_R11	1,482	NA	887	59.9%	887	832	832	832	819	809
Leaf_16S_F17_R12	2,458	NA	1,467	59.7%	1467	1380	1378	1376	1326	1306
Leaf_16S_F17_R13	13,761	NA	839	6.1%	839	786	784	779	754	749
Leaf_16S_F17_R14	21,325	NA	1,007	4.7%	1007	933	932	932	909	889
Leaf_16S_F17_R15	20,914	NA	1,333	6.4%	1333	1259	1258	1258	1238	1229
Leaf_16S_F17_R16	21,572	NA	1,151	5.3%	1151	1084	1081	1072	1031	1017
Leaf_16S_F17_R17	38,787	NA	20,396	52.6%	20396	16296	16271	16264	15688	15627
Leaf_16S_F17_R18	44,002	NA	22,134	50.3%	22134	21038	21010	20980	20473	20381
Leaf_16S_F17_R19	75,905	NA	59,842	78.8%	59842	55970	55937	55920	54967	54845
Leaf_16S_F17_R2	16,789	NA	14,466	86.2%	14466	13659	13654	13643	13378	13325
Leaf_16S_F17_R20	30,107	NA	17,220	57.2%	17220	16237	16231	16220	15982	15929
Leaf_16S_F17_R21	29,030	NA	15,939	54.9%	15939	14981	14976	14969	14749	14703
Leaf_16S_F17_R22	6,606	NA	6,355	96.2%	6355	6003	5996	5995	5900	5881
Leaf_16S_F17_R23	44,200	NA	21,301	48.2%	21301	20022	20014	20014	19751	19690
Leaf_16S_F17_R24	33,204	NA	17,591	53.0%	17591	16611	16593	16575	16300	16227
Leaf_16S_F17_R3	14,343	NA	12,236	85.3%	12236	11511	11509	11505	11327	11266
Leaf_16S_F17_R4	11,967	NA	10,434	87.2%	10434	9869	9866	9860	9717	9656
Leaf_16S_F17_R5	19,450	NA	18,014	92.6%	18014	16870	16844	16829	16549	16387
Leaf_16S_F17_R6	22,252	NA	21,205	95.3%	21205	20060	19986	19966	19559	19371
Leaf_16S_F17_R7	44,474	NA	43,602	98.0%	43602	40618	40604	40569	39751	39544
Leaf_16S_F17_R8	9,142	NA	8,127	88.9%	8127	7661	7660	7656	7473	7432
Leaf_16S_F17_R9	2,063	NA	927	44.9%	927	865	864	859	836	817
Leaf_16S_F18_R1	26,061	NA	23,210	89.1%	23210	21882	21871	21851	21558	21285
Leaf_16S_F18_R10	2,058	NA	1,031	50.1%	1031	959	957	953	911	886
Leaf_16S_F18_R11	1,783	NA	745	41.8%	745	700	696	695	666	655
Leaf_16S_F18_R12	3,083	NA	1,305	42.3%	1305	1228	1223	1217	1175	1141
Leaf_16S_F18_R13	23,539	NA	770	3.3%	770	726	724	723	691	673
Leaf_16S_F18_R14	33,151	NA	945	2.9%	945	893	884	888	848	826
Leaf_16S_F18_R15	31,876	NA	1,141	3.6%	1141	1068	1063	1059	1019	999
Leaf_16S_F18_R16	28,534	NA	1,160	4.1%	1160	1089	1085	1085	1038	1012
Leaf_16S_F18_R17	41,165	NA	22,157	53.8%	22157	20883	20861	20859	20474	20378
Leaf_16S_F18_R18	31,150	NA	14,912	47.9%	14912	10850	10845	10840	10504	10436
Leaf_16S_F18_R19	22,649	NA	1,852	8.2%	1852	1731	1721	1713	1642	1582
Leaf_16S_F18_R2	27,262	NA	23,475	86.1%	23475	22221	22179	22194	21839	21721
Leaf_16S_F18_R20	23,510	NA	10,552	44.9%	10552	9986	9978	9972	9728	9641
Leaf_16S_F18_R21	45,472	NA	21,897	48.2%	21897	20701	20632	20632	20276	20137
Leaf_16S_F18_R22	19,574	NA	8,005	40.9%	8005	7516	7509	7504	7375	7209
Leaf_16S_F18_R23	43,328	NA	26,528	61.2%	26528	24987	24937	24957	24502	24323
Leaf_16S_F18_R24	38,746	NA	14,925	38.5%	14925	14136	14097	14106	13818	13727
Leaf_16S_F18_R3	20,623	NA	17,412	84.4%	17412	16480	16475	16475	16267	16172
Leaf_16S_F18_R4	18,619	NA	16,468	88.4%	16468	15367	15356	15355	15113	14972
Leaf_16S_F18_R5	19,167	NA	17,229	89.9%	17229	16104	16097	16095	15860	15724
Leaf_16S_F18_R6	29,462	NA	27,888	94.7%	27888	26216	26188	26171	25815	25473
Leaf_16S_F18_R7	20,829	NA	19,524	93.7%	19524	18293	18281	18275	17992	17774
Leaf_16S_F18_R8	19,758	NA	18,141	91.8%	18141	17157	17149	17144	16949	16856
Leaf_16S_F18_R9	2,757	NA	874	31.7%	874	821	817	816	788	775
Leaf_16S_F19_R1	10,180	NA	8,137	79.9%	8137	7661	7641	7652	7477	7174
Leaf_16S_F19_R10	1,677	NA	806	48.1%	806	746	745	744	725	684
Leaf_16S_F19_R11	1,467	NA	601	41.0%	601	560	557	557	542	510
Leaf_16S_F19_R12	2,533	NA	1,019	40.2%	1019	960	959	955	939	879
Leaf_16S_F19_R13	21,863	NA	669	3.1%	669	619	619	619	602	567
Leaf_16S_F19_R14	13,506	NA	766	5.7%	766	723	719	720	692	651
Leaf_16S_F19_R15	15,555	NA	919	5.9%	919	857	854	854	841	768
Leaf_16S_F19_R16	18,360	NA	892	4.9%	892	835	834	832	807	760
Leaf_16S_F19_R17	68,741	NA	15,694	22.8%	15694	14360	14324	14350	14068	13736
Leaf_16S_F19_R18	23,618	NA	22,106	93.6%	22106	20891	20873	20863	20627	20393
Leaf_16S_F19_R19	16,436	NA	8,233	50.1%	8233	7073	7072	7069	6856	6721
Leaf_16S_F19_R2	15,641	NA	12,837	82.1%	12837	12072	12062	12066	11932	11584
Leaf_16S_F19_R20	22,712	NA	18,121	79.8%	18121	17056	17052	17043	16847	16657
Leaf_16S_F19_R21	38,572	NA	15,635	40.5%	15635	14754	14743	14738	14485	14230
Leaf_16S_F19_R22	12,013	NA	7,095	59.1%	7095	6683	6680	6676	6584	6500
Leaf_16S_F19_R23	27,915	NA	13,575	48.6%	13575	12743	12741	12724	12472	12171
Leaf_16S_F19_R24	36,691	NA	12,796	34.9%	12796	12023	12021	12003	11816	11602
Leaf_16S_F19_R3	14,031	NA	11,537	82.2%	11537	10839	10827	10834	10683	10266
Leaf_16S_F19_R4	14,250	NA	12,699	89.1%	12699	11897	11888	11888	11695	11361
Leaf_16S_F19_R5	14,093	NA	12,667	89.9%	12667	11910	11874	11900	11746	11385
Leaf_16S_F19_R6	18,200	NA	16,867	92.7%	16867	15838	15799	15814	15427	14904
Leaf_16S_F19_R7	34,513	NA	33,469	97.0%	33469	31399	31391	31393	30989	30332
Leaf_16S_F19_R8	15,729	NA	14,353	91.3%	14353	13467	13458	13457	13285	12951
Leaf_16S_F19_R9	2,163	NA	652	30.1%	652	608	605	608	593	557
Leaf_16S_F2_R1	44,626	NA	27,519	61.7%	27519	25950	25934	25894	25559	25401
Leaf_16S_F2_R10	28,834	NA	14,563	50.5%	14563	13663	13649	13641	13421	13343
Leaf_16S_F2_R11	25,789	NA	10,585	41.0%	10585	9944	9939	9925	9768	9713
Leaf_16S_F2_R12	47,557	NA	30,496	64.1%	30496	28614	28602	28594	28245	28117
Leaf_16S_F2_R13	40,230	NA	26,471	65.8%	26471	24782	24769	24762	24326	24253
Leaf_16S_F2_R14	49,181	NA	27,535	56.0%	27535	25986	25972	25968	25472	25401
Leaf_16S_F2_R15	10,395	NA	8,416	81.0%	8416	7969	7964	7949	7839	7774
Leaf_16S_F2_R16	50,565	NA	27,246	53.9%	27246	25737	25694	25669	25076	25002
Leaf_16S_F2_R17	20,007	NA	6,950	34.7%	6950	6546	6373	6283	5632	5429
Leaf_16S_F2_R18	36,094	NA	13,397	37.1%	13397	12728	12382	12235	10959	10506
Leaf_16S_F2_R19	21,516	NA	8,379	38.9%	8379	7884	7725	7637	6982	6741
Leaf_16S_F2_R2	19,731	NA	8,646	43.8%	8646	2057	2054	2054	1969	1956
Leaf_16S_F2_R20	18,673	NA	6,578	35.2%	6578	6195	6064	6006	5475	5287
Leaf_16S_F2_R21	25,273	NA	7,222	28.6%	7222	6811	6760	6726	6455	6371
Leaf_16S_F2_R22	4,338	NA	3,617	83.4%	3617	3429	3405	3384	3286	3258
Leaf_16S_F2_R23	8,057	NA	7,456	92.5%	7456	7092	7020	6977	6636	6497
Leaf_16S_F2_R24	8,632	NA	7,462	86.4%	7462	7101	7054	7009	6707	6624
Leaf_16S_F2_R3	32,079	NA	18,436	57.5%	18436	17307	17286	17288	17097	17017
Leaf_16S_F2_R4	30,779	NA	18,708	60.8%	18708	17289	17270	17223	16961	16838
Leaf_16S_F2_R5	30,775	NA	10,057	32.7%	10057	9462	9449	9434	9296	9215
Leaf_16S_F2_R6	50,758	NA	33,962	66.9%	33962	31902	31871	31832	31423	31166
Leaf_16S_F2_R7	65,727	NA	51,109	77.8%	51109	47126	47108	47080	46090	45825
Leaf_16S_F2_R8	39,137	NA	29,485	75.3%	29485	27734	27707	27674	27288	27173
Leaf_16S_F2_R9	38,641	NA	20,135	52.1%	20135	18816	18799	18779	18428	18280
Leaf_16S_F20_R1	19,345	NA	17,451	90.2%	17451	16511	16499	16501	16297	16171
Leaf_16S_F20_R10	1,546	NA	697	45.1%	697	652	649	647	632	626
Leaf_16S_F20_R11	1,427	NA	486	34.1%	486	453	453	449	439	433
Leaf_16S_F20_R12	2,275	NA	857	37.7%	857	807	806	805	775	759
Leaf_16S_F20_R13	9,013	NA	517	5.7%	517	490	490	490	477	474
Leaf_16S_F20_R14	21,436	NA	601	2.8%	601	564	564	561	542	528
Leaf_16S_F20_R15	16,710	NA	781	4.7%	781	726	726	720	705	689
Leaf_16S_F20_R16	20,051	NA	767	3.8%	767	717	715	712	691	681
Leaf_16S_F20_R17	30,442	NA	14,271	46.9%	14271	13032	13015	13007	12739	12678
Leaf_16S_F20_R18	25,527	NA	15,164	59.4%	15164	14147	14130	14093	13924	13859
Leaf_16S_F20_R19	24,017	NA	5,818	24.2%	5818	5461	5449	5446	5340	5290
Leaf_16S_F20_R2	16,043	NA	13,564	84.5%	13564	12800	12796	12793	12615	12556
Leaf_16S_F20_R20	33,683	NA	16,607	49.3%	16607	13474	13465	13451	13122	13070
Leaf_16S_F20_R21	45,208	NA	27,860	61.6%	27860	26335	26274	26313	25928	25848
Leaf_16S_F20_R22	12,488	NA	4,541	36.4%	4541	4154	4139	4144	4052	4028
Leaf_16S_F20_R23	41,225	NA	23,715	57.5%	23715	22088	22074	22064	21667	21554
Leaf_16S_F20_R24	25,872	NA	11,418	44.1%	11418	10817	10814	10798	10609	10497
Leaf_16S_F20_R3	19,019	NA	16,783	88.2%	16783	15797	15792	15789	15586	15522
Leaf_16S_F20_R4	15,301	NA	13,837	90.4%	13837	13138	13110	13114	12927	12839
Leaf_16S_F20_R5	17,408	NA	16,061	92.3%	16061	15180	15127	15152	14790	14710
Leaf_16S_F20_R6	14,922	NA	13,634	91.4%	13634	12717	12715	12704	12536	12404
Leaf_16S_F20_R7	17,484	NA	16,391	93.7%	16391	15494	15483	15475	15278	15079
Leaf_16S_F20_R8	16,508	NA	15,100	91.5%	15100	14257	14251	14252	14056	13986
Leaf_16S_F20_R9	2,096	NA	588	28.1%	588	543	542	540	523	518
Leaf_16S_F21_R1	13,522	NA	11,767	87.0%	11767	11195	11187	11179	10995	10887
Leaf_16S_F21_R10	1,407	NA	655	46.6%	655	606	605	601	574	563
Leaf_16S_F21_R11	1,216	NA	416	34.2%	416	394	391	391	365	360
Leaf_16S_F21_R12	1,916	NA	666	34.8%	666	623	623	617	597	585
Leaf_16S_F21_R13	6,798	NA	454	6.7%	454	425	424	422	405	399
Leaf_16S_F21_R14	1,797	NA	555	30.9%	555	514	514	511	491	486
Leaf_16S_F21_R15	14,651	NA	626	4.3%	626	590	589	582	562	558
Leaf_16S_F21_R16	21,942	NA	662	3.0%	662	627	627	622	590	581
Leaf_16S_F21_R17	26,707	NA	13,375	50.1%	13375	12505	12498	12486	12237	12206
Leaf_16S_F21_R18	45,201	NA	24,944	55.2%	24944	23890	23834	23783	23240	23186
Leaf_16S_F21_R19	39,501	NA	24,322	61.6%	24322	22560	22540	22542	22170	22023
Leaf_16S_F21_R2	20,348	NA	18,053	88.7%	18053	16987	16968	16970	16727	16631
Leaf_16S_F21_R20	41,855	NA	16,922	40.4%	16922	15864	15856	15853	15627	15546
Leaf_16S_F21_R21	12,579	NA	6,533	51.9%	6533	5290	5285	5283	5117	5095
Leaf_16S_F21_R22	28,325	NA	11,341	40.0%	11341	10851	10820	10811	10543	10497
Leaf_16S_F21_R23	34,483	NA	18,159	52.7%	18159	17344	17338	17328	17022	16956
Leaf_16S_F21_R24	46,623	NA	30,619	65.7%	30619	29121	29062	29053	28542	28364
Leaf_16S_F21_R3	12,247	NA	10,254	83.7%	10254	9601	9600	9595	9436	9361
Leaf_16S_F21_R4	9,934	NA	8,668	87.3%	8668	8284	8281	8275	8174	8119
Leaf_16S_F21_R5	14,066	NA	12,906	91.8%	12906	12309	12300	12283	12146	12086
Leaf_16S_F21_R6	2,756	NA	1,487	54.0%	1487	1407	1406	1400	1339	1304
Leaf_16S_F21_R7	2,346	NA	1,405	59.9%	1405	1311	1308	1301	1242	1210
Leaf_16S_F21_R8	1,995	NA	840	42.1%	840	796	793	788	754	736
Leaf_16S_F21_R9	1,842	NA	509	27.6%	509	483	482	480	460	446
Leaf_16S_F22_R1	1,597	NA	677	42.4%	677	633	633	633	616	602
Leaf_16S_F22_R10	577	NA	249	43.2%	249	238	236	235	224	224
Leaf_16S_F22_R11	612	NA	237	38.7%	237	223	223	223	214	211
Leaf_16S_F22_R12	879	NA	307	34.9%	307	283	282	283	273	266
Leaf_16S_F22_R13	4,518	NA	250	5.5%	250	238	238	237	231	230
Leaf_16S_F22_R14	8,750	NA	304	3.5%	304	288	288	287	276	274
Leaf_16S_F22_R15	7,231	NA	341	4.7%	341	320	320	318	307	303
Leaf_16S_F22_R16	9,844	NA	319	3.2%	319	302	302	300	282	281
Leaf_16S_F22_R17	6,175	NA	396	6.4%	396	371	370	370	352	343
Leaf_16S_F22_R18	20,659	NA	12,579	60.9%	12579	11879	11863	11864	11711	11683
Leaf_16S_F22_R19	12,264	NA	5,535	45.1%	5535	5113	5111	5109	5036	5015
Leaf_16S_F22_R2	2,038	NA	820	40.2%	820	771	770	767	742	732
Leaf_16S_F22_R20	12,071	NA	8,192	67.9%	8192	7741	7737	7735	7574	7554
Leaf_16S_F22_R21	29,420	NA	18,506	62.9%	18506	17442	17419	17408	16918	16879
Leaf_16S_F22_R22	4,338	NA	2,067	47.6%	2067	1466	1466	1465	1409	1408
Leaf_16S_F22_R23	20,194	NA	9,458	46.8%	9458	8843	8839	8837	8632	8589
Leaf_16S_F22_R24	21,844	NA	13,173	60.3%	13173	12371	12365	12363	12179	12135
Leaf_16S_F22_R3	1,387	NA	427	30.8%	427	399	397	395	378	375
Leaf_16S_F22_R4	1,225	NA	610	49.8%	610	585	585	583	564	552
Leaf_16S_F22_R5	914	NA	375	41.0%	375	353	351	347	332	325
Leaf_16S_F22_R6	1,118	NA	583	52.1%	583	546	545	540	520	508
Leaf_16S_F22_R7	1,040	NA	615	59.1%	615	588	588	582	563	558
Leaf_16S_F22_R8	877	NA	352	40.1%	352	325	325	324	314	308
Leaf_16S_F22_R9	839	NA	248	29.6%	248	236	235	235	225	221
Leaf_16S_F23_R1	2,673	NA	739	27.6%	739	681	676	676	646	627
Leaf_16S_F23_R10	1,153	NA	434	37.6%	434	411	409	408	387	374
Leaf_16S_F23_R11	1,054	NA	250	23.7%	250	226	226	225	218	217
Leaf_16S_F23_R12	1,640	NA	439	26.8%	439	414	414	413	399	378
Leaf_16S_F23_R13	17,627	NA	350	2.0%	350	326	322	324	312	305
Leaf_16S_F23_R14	21,305	NA	342	1.6%	342	318	316	314	300	297
Leaf_16S_F23_R15	9,950	NA	401	4.0%	401	374	374	373	368	357
Leaf_16S_F23_R16	24,460	NA	465	1.9%	465	426	424	424	408	405
Leaf_16S_F23_R17	43,360	NA	24,154	55.7%	24154	22772	22750	22754	22529	22347
Leaf_16S_F23_R18	44,415	NA	19,323	43.5%	19323	18266	18256	18243	17872	17758
Leaf_16S_F23_R19	29,957	NA	16,457	54.9%	16457	15497	15462	15478	15203	15061
Leaf_16S_F23_R2	3,345	NA	621	18.6%	621	578	578	577	555	540
Leaf_16S_F23_R20	39,938	NA	18,807	47.1%	18807	17649	17617	17638	17358	17204
Leaf_16S_F23_R21	36,319	NA	18,809	51.8%	18809	17665	17580	17648	17408	17267
Leaf_16S_F23_R22	20,323	NA	11,635	57.3%	11635	10657	10652	10644	10480	10427
Leaf_16S_F23_R23	6,809	NA	4,084	60.0%	4084	828	827	826	809	802
Leaf_16S_F23_R24	33,728	NA	19,431	57.6%	19431	18379	18360	18354	18152	17950
Leaf_16S_F23_R3	3,158	NA	616	19.5%	616	566	564	565	545	530
Leaf_16S_F23_R4	2,103	NA	555	26.4%	555	518	516	514	500	488
Leaf_16S_F23_R5	1,882	NA	721	38.3%	721	665	665	664	645	618
Leaf_16S_F23_R6	2,137	NA	898	42.0%	898	843	843	835	784	758
Leaf_16S_F23_R7	1,750	NA	829	47.4%	829	769	768	761	726	710
Leaf_16S_F23_R8	1,720	NA	522	30.3%	522	490	488	484	463	455
Leaf_16S_F23_R9	1,799	NA	360	20.0%	360	341	340	339	321	315
Leaf_16S_F24_R1	3,417	NA	1,194	34.9%	1194	1136	1131	1122	1088	1063
Leaf_16S_F24_R10	1,515	NA	599	39.5%	599	565	565	565	548	539
Leaf_16S_F24_R11	1,378	NA	487	35.3%	487	459	456	455	446	439
Leaf_16S_F24_R12	2,200	NA	785	35.7%	785	738	738	737	713	704
Leaf_16S_F24_R13	24,680	NA	506	2.1%	506	474	473	472	458	450
Leaf_16S_F24_R14	22,421	NA	598	2.7%	598	563	560	560	552	542
Leaf_16S_F24_R15	18,470	NA	752	4.1%	752	712	709	706	679	661
Leaf_16S_F24_R16	18,338	NA	642	3.5%	642	605	600	598	570	565
Leaf_16S_F24_R17	30,437	NA	15,522	51.0%	15522	14509	14497	14488	14172	14082
Leaf_16S_F24_R18	39,849	NA	26,067	65.4%	26067	24617	24607	24595	24128	24022
Leaf_16S_F24_R19	38,219	NA	25,793	67.5%	25793	24314	24244	24282	23831	23631
Leaf_16S_F24_R2	4,205	NA	1,223	29.1%	1223	1141	1139	1136	1114	1093
Leaf_16S_F24_R20	24,104	NA	14,558	60.4%	14558	13707	13697	13669	13404	13332
Leaf_16S_F24_R21	46,618	NA	17,289	37.1%	17289	16272	16259	16262	15964	15889
Leaf_16S_F24_R22	21,422	NA	9,165	42.8%	9165	8722	8710	8706	8538	8511
Leaf_16S_F24_R23	32,078	NA	14,914	46.5%	14914	13407	13398	13389	13091	13008
Leaf_16S_F24_R24	14,006	NA	7,798	55.7%	7798	5024	5019	5021	4857	4828
Leaf_16S_F24_R3	3,650	NA	960	26.3%	960	902	900	900	867	847
Leaf_16S_F24_R4	2,723	NA	855	31.4%	855	794	794	791	776	766
Leaf_16S_F24_R5	2,298	NA	921	40.1%	921	859	859	856	808	788
Leaf_16S_F24_R6	2,685	NA	1,386	51.6%	1386	1305	1301	1297	1255	1212
Leaf_16S_F24_R7	2,201	NA	1,205	54.7%	1205	1130	1129	1122	1087	1069
Leaf_16S_F24_R8	9,828	NA	8,443	85.9%	8443	8112	8110	8106	8085	8071
Leaf_16S_F24_R9	2,145	NA	495	23.1%	495	460	458	458	448	437
Leaf_16S_F3_R1	18,057	NA	13,755	76.2%	13755	13003	12997	12994	12833	12718
Leaf_16S_F3_R10	22,296	NA	11,730	52.6%	11730	11058	11028	11053	10896	10846
Leaf_16S_F3_R11	28,136	NA	15,644	55.6%	15644	14936	14933	14919	14718	14673
Leaf_16S_F3_R12	33,829	NA	19,057	56.3%	19057	18101	18070	18060	17759	17648
Leaf_16S_F3_R13	31,647	NA	12,052	38.1%	12052	11274	11269	11270	11139	11089
Leaf_16S_F3_R14	31,725	NA	11,975	37.7%	11975	11347	11332	11340	11180	11130
Leaf_16S_F3_R15	22,547	NA	20,803	92.3%	20803	19552	19539	19518	19258	19197
Leaf_16S_F3_R16	48,132	NA	30,023	62.4%	30023	28381	28328	28365	27926	27844
Leaf_16S_F3_R17	16,411	NA	5,461	33.3%	5461	5189	5147	5100	4811	4748
Leaf_16S_F3_R18	24,095	NA	7,509	31.2%	7509	7170	7091	7011	6582	6474
Leaf_16S_F3_R19	19,461	NA	8,115	41.7%	8115	7688	7633	7611	7314	7220
Leaf_16S_F3_R2	30,444	NA	13,061	42.9%	13061	12322	12306	12301	12135	12038
Leaf_16S_F3_R20	20,120	NA	5,624	28.0%	5624	5365	5314	5233	4848	4798
Leaf_16S_F3_R21	14,650	NA	4,871	33.2%	4871	4638	4541	4512	4066	3945
Leaf_16S_F3_R22	2,908	NA	2,583	88.8%	2583	2473	2436	2406	2252	2217
Leaf_16S_F3_R23	7,158	NA	6,714	93.8%	6714	6403	6338	6324	5941	5793
Leaf_16S_F3_R24	6,100	NA	5,164	84.7%	5164	4914	4866	4826	4547	4486
Leaf_16S_F3_R3	16,400	NA	7,991	48.7%	7991	6506	6504	6497	6315	6287
Leaf_16S_F3_R4	20,762	NA	6,481	31.2%	6481	6070	6059	6053	5940	5887
Leaf_16S_F3_R5	20,774	NA	6,657	32.0%	6657	6299	6290	6285	6180	6118
Leaf_16S_F3_R6	45,233	NA	29,572	65.4%	29572	28114	28098	28084	27774	27601
Leaf_16S_F3_R7	20,373	NA	10,228	50.2%	10228	9669	9661	9652	9506	9404
Leaf_16S_F3_R8	49,967	NA	36,841	73.7%	36841	34806	34777	34758	34260	34043
Leaf_16S_F3_R9	21,850	NA	10,034	45.9%	10034	9473	9459	9465	9230	9121
Leaf_16S_F4_R1	24,468	NA	7,721	31.6%	7721	7293	7284	7277	7118	7026
Leaf_16S_F4_R10	22,624	NA	11,370	50.3%	11370	10720	10716	10710	10568	10520
Leaf_16S_F4_R11	16,611	NA	7,210	43.4%	7210	6734	6727	6725	6594	6515
Leaf_16S_F4_R12	21,538	NA	10,907	50.6%	10907	10353	10348	10345	10201	10159
Leaf_16S_F4_R13	22,377	NA	8,252	36.9%	8252	7876	7869	7871	7779	7704
Leaf_16S_F4_R14	26,148	NA	12,826	49.1%	12826	12146	12127	12112	11987	11959
Leaf_16S_F4_R15	18,412	NA	8,805	47.8%	8805	8169	8165	8163	8046	8022
Leaf_16S_F4_R16	29,899	NA	16,305	54.5%	16305	15466	15454	15455	15206	15170
Leaf_16S_F4_R17	14,128	NA	4,673	33.1%	4673	4452	4399	4395	4179	4124
Leaf_16S_F4_R18	21,483	NA	5,248	24.4%	5248	5037	4987	4962	4731	4637
Leaf_16S_F4_R19	16,863	NA	4,282	25.4%	4282	4094	4051	4031	3815	3749
Leaf_16S_F4_R2	29,954	NA	12,259	40.9%	12259	11648	11640	11635	11467	11398
Leaf_16S_F4_R20	16,697	NA	4,219	25.3%	4219	4071	4063	4050	3929	3894
Leaf_16S_F4_R21	12,137	NA	3,424	28.2%	3424	3268	3247	3229	3143	3107
Leaf_16S_F4_R22	2,360	NA	1,873	79.4%	1873	1804	1788	1777	1686	1657
Leaf_16S_F4_R23	4,632	NA	4,193	90.5%	4193	4008	3954	3916	3693	3650
Leaf_16S_F4_R24	5,501	NA	4,605	83.7%	4605	4405	4349	4341	3905	3854
Leaf_16S_F4_R3	21,808	NA	15,026	68.9%	15026	14267	14249	14251	14035	13969
Leaf_16S_F4_R4	7,765	NA	3,000	38.6%	3000	2008	2004	2002	1931	1916
Leaf_16S_F4_R5	22,504	NA	10,018	44.5%	10018	9467	9406	9385	9072	9008
Leaf_16S_F4_R6	21,445	NA	10,698	49.9%	10698	10133	10112	10114	9945	9836
Leaf_16S_F4_R7	27,077	NA	13,602	50.2%	13602	12806	12804	12796	12601	12511
Leaf_16S_F4_R8	52,091	NA	22,417	43.0%	22417	21281	21271	21198	20874	20799
Leaf_16S_F4_R9	21,885	NA	8,394	38.4%	8394	7968	7959	7959	7834	7783
Leaf_16S_F5_R1	30,331	NA	23,179	76.4%	23179	21772	21742	21709	21149	20953
Leaf_16S_F5_R10	35,843	NA	19,769	55.2%	19769	18645	18638	18638	18362	18155
Leaf_16S_F5_R11	27,666	NA	8,241	29.8%	8241	7886	7885	7878	7760	7718
Leaf_16S_F5_R12	35,641	NA	18,943	53.1%	18943	17970	17955	17964	17721	17625
Leaf_16S_F5_R13	22,949	NA	7,830	34.1%	7830	7441	7436	7435	7276	7232
Leaf_16S_F5_R14	32,107	NA	15,025	46.8%	15025	14338	14331	14328	14157	14068
Leaf_16S_F5_R15	13,418	NA	6,568	48.9%	6568	6085	6081	6060	5955	5934
Leaf_16S_F5_R16	32,733	NA	15,159	46.3%	15159	14481	14437	14446	14196	14145
Leaf_16S_F5_R17	22,138	NA	5,271	23.8%	5271	5002	4913	4869	4366	4305
Leaf_16S_F5_R18	22,250	NA	5,491	24.7%	5491	5291	5201	5165	4767	4689
Leaf_16S_F5_R19	17,855	NA	4,697	26.3%	4697	4481	4432	4411	4080	3971
Leaf_16S_F5_R2	32,371	NA	22,040	68.1%	22040	20906	20897	20891	20534	20360
Leaf_16S_F5_R20	18,065	NA	3,516	19.5%	3516	3354	3328	3307	3156	3116
Leaf_16S_F5_R21	15,114	NA	1,732	11.5%	1732	1635	1630	1608	1515	1490
Leaf_16S_F5_R22	1,014	NA	712	70.2%	712	666	666	656	612	603
Leaf_16S_F5_R23	2,335	NA	1,746	74.8%	1746	1656	1643	1622	1553	1521
Leaf_16S_F5_R24	2,831	NA	1,821	64.3%	1821	1751	1741	1736	1633	1592
Leaf_16S_F5_R3	24,050	NA	15,848	65.9%	15848	15015	15006	15003	14752	14646
Leaf_16S_F5_R4	24,072	NA	13,491	56.0%	13491	12801	12796	12790	12618	12509
Leaf_16S_F5_R5	36,950	NA	17,091	46.3%	17091	15717	15705	15713	15618	15576
Leaf_16S_F5_R6	32,822	NA	18,025	54.9%	18025	17147	17113	17125	16912	16706
Leaf_16S_F5_R7	32,379	NA	15,433	47.7%	15433	14639	14631	14609	14382	14263
Leaf_16S_F5_R8	28,902	NA	14,925	51.6%	14925	14051	14046	14025	13774	13694
Leaf_16S_F5_R9	31,996	NA	11,185	35.0%	11185	10396	10381	10369	10203	10081
Leaf_16S_F6_R1	44,233	NA	29,902	67.6%	29902	28290	28284	28267	27957	27590
Leaf_16S_F6_R10	40,543	NA	16,543	40.8%	16543	15508	15481	15484	15141	15037
Leaf_16S_F6_R11	19,615	NA	6,258	31.9%	6258	5877	5875	5873	5801	5767
Leaf_16S_F6_R12	41,930	NA	23,336	55.7%	23336	21420	21417	21410	21142	21038
Leaf_16S_F6_R13	27,970	NA	9,913	35.4%	9913	9409	9407	9404	9300	9268
Leaf_16S_F6_R14	46,993	NA	26,877	57.2%	26877	25436	25431	25414	25046	24937
Leaf_16S_F6_R15	29,181	NA	11,719	40.2%	11719	11106	11101	11094	10970	10918
Leaf_16S_F6_R16	27,391	NA	9,377	34.2%	9377	8727	8722	8721	8588	8552
Leaf_16S_F6_R17	19,543	NA	1,228	6.3%	1228	1149	1144	1136	1084	1050
Leaf_16S_F6_R18	28,189	NA	2,005	7.1%	2005	1880	1876	1846	1775	1719
Leaf_16S_F6_R19	17,351	NA	1,511	8.7%	1511	1416	1405	1410	1345	1306
Leaf_16S_F6_R2	48,879	NA	17,351	35.5%	17351	16411	16399	16402	16165	16045
Leaf_16S_F6_R20	12,418	NA	1,126	9.1%	1126	1064	1055	1052	1026	989
Leaf_16S_F6_R21	2,828	NA	1,474	52.1%	1474	1376	1371	1368	1321	1292
Leaf_16S_F6_R22	996	NA	570	57.2%	570	533	532	527	509	498
Leaf_16S_F6_R23	2,008	NA	1,371	68.3%	1371	1294	1288	1289	1250	1220
Leaf_16S_F6_R24	2,696	NA	1,504	55.8%	1504	1403	1395	1397	1330	1294
Leaf_16S_F6_R3	45,141	NA	16,360	36.2%	16360	15377	15374	15366	15218	15098
Leaf_16S_F6_R4	21,462	NA	10,948	51.0%	10948	10315	10311	10305	10145	10045
Leaf_16S_F6_R5	31,842	NA	15,000	47.1%	15000	14235	14228	14227	14030	13914
Leaf_16S_F6_R6	12,151	NA	5,808	47.8%	5808	3511	3511	3510	3385	3365
Leaf_16S_F6_R7	43,926	NA	30,242	68.8%	30242	28486	28473	28475	28011	27796
Leaf_16S_F6_R8	27,888	NA	14,747	52.9%	14747	13654	13652	13651	13516	13414
Leaf_16S_F6_R9	31,812	NA	9,330	29.3%	9330	8549	8544	8519	8413	8330
Leaf_16S_F7_R1	16,525	NA	14,213	86.0%	14213	13508	13503	13501	13338	13217
Leaf_16S_F7_R10	31,722	NA	8,227	25.9%	8227	7836	7833	7827	7717	7689
Leaf_16S_F7_R11	46,301	NA	9,896	21.4%	9896	9372	9358	9367	9179	9140
Leaf_16S_F7_R12	18,553	NA	8,303	44.8%	8303	7869	7858	7861	7721	7676
Leaf_16S_F7_R13	29,441	NA	20,643	70.1%	20643	19542	19496	19507	18880	18780
Leaf_16S_F7_R14	27,775	NA	10,628	38.3%	10628	10132	10107	10095	9820	9793
Leaf_16S_F7_R15	51,071	NA	11,172	21.9%	11172	10489	10467	10460	10243	10215
Leaf_16S_F7_R16	52,013	NA	12,550	24.1%	12550	11792	11766	11771	11350	11273
Leaf_16S_F7_R17	39,763	NA	1,161	2.9%	1161	1079	1075	1063	1006	977
Leaf_16S_F7_R18	20,433	NA	1,738	8.5%	1738	1658	1649	1632	1530	1487
Leaf_16S_F7_R19	33,830	NA	1,333	3.9%	1333	1249	1239	1235	1177	1155
Leaf_16S_F7_R2	65,108	NA	15,882	24.4%	15882	14683	14682	14676	14426	14365
Leaf_16S_F7_R20	15,561	NA	1,045	6.7%	1045	980	978	974	910	894
Leaf_16S_F7_R21	2,521	NA	1,181	46.8%	1181	1119	1117	1107	1057	1040
Leaf_16S_F7_R22	895	NA	494	55.2%	494	464	463	462	439	432
Leaf_16S_F7_R23	1,871	NA	1,206	64.5%	1206	1134	1124	1118	1070	1046
Leaf_16S_F7_R24	2,405	NA	1,359	56.5%	1359	1302	1294	1297	1228	1197
Leaf_16S_F7_R3	22,019	NA	11,392	51.7%	11392	10775	10773	10772	10576	10517
Leaf_16S_F7_R4	27,712	NA	14,828	53.5%	14828	14133	14126	14116	13972	13895
Leaf_16S_F7_R5	31,742	NA	17,686	55.7%	17686	16754	16742	16736	16513	16388
Leaf_16S_F7_R6	44,612	NA	15,357	34.4%	15357	14469	14457	14462	14218	14077
Leaf_16S_F7_R7	12,539	NA	6,402	51.1%	6402	3411	3411	3409	3282	3264
Leaf_16S_F7_R8	31,805	NA	18,870	59.3%	18870	17879	17812	17874	17513	17337
Leaf_16S_F7_R9	39,614	NA	24,531	61.9%	24531	23246	23234	23241	22747	22629
Leaf_16S_F8_R1	49,397	NA	18,935	38.3%	18935	17723	17686	17677	17360	17229
Leaf_16S_F8_R10	18,828	NA	13,768	73.1%	13768	12800	12790	12789	12586	12545
Leaf_16S_F8_R11	21,649	NA	8,986	41.5%	8986	8492	8485	8476	8317	8281
Leaf_16S_F8_R12	42,473	NA	21,439	50.5%	21439	20189	20108	20144	19749	19612
Leaf_16S_F8_R13	21,484	NA	7,385	34.4%	7385	6970	6969	6969	6818	6798
Leaf_16S_F8_R14	31,728	NA	15,300	48.2%	15300	14410	14393	14387	14176	14128
Leaf_16S_F8_R15	25,489	NA	12,199	47.9%	12199	11331	11326	11310	11130	11079
Leaf_16S_F8_R16	37,034	NA	15,466	41.8%	15466	14553	14542	14548	14174	14132
Leaf_16S_F8_R17	8,938	NA	1,394	15.6%	1394	1303	1298	1282	1224	1192
Leaf_16S_F8_R18	20,277	NA	2,250	11.1%	2250	2113	2105	2091	1988	1941
Leaf_16S_F8_R19	16,517	NA	1,809	11.0%	1809	1693	1684	1683	1603	1572
Leaf_16S_F8_R2	39,363	NA	10,038	25.5%	10038	9407	9406	9394	9242	9189
Leaf_16S_F8_R20	15,166	NA	1,473	9.7%	1473	1372	1364	1363	1314	1297
Leaf_16S_F8_R21	2,618	NA	1,575	60.2%	1575	1484	1472	1473	1404	1372
Leaf_16S_F8_R22	971	NA	671	69.1%	671	622	622	616	589	579
Leaf_16S_F8_R23	1,930	NA	1,440	74.6%	1440	1358	1356	1348	1289	1273
Leaf_16S_F8_R24	10,241	NA	1,817	17.7%	1817	1703	1688	1681	1611	1575
Leaf_16S_F8_R3	52,101	NA	14,261	27.4%	14261	13457	13449	13451	13272	13211
Leaf_16S_F8_R4	53,989	NA	31,841	59.0%	31841	29648	29610	29608	28895	28662
Leaf_16S_F8_R5	29,382	NA	14,842	50.5%	14842	13818	13801	13794	13545	13436
Leaf_16S_F8_R6	29,625	NA	14,522	49.0%	14522	13629	13611	13608	13399	13252
Leaf_16S_F8_R7	32,042	NA	14,148	44.2%	14148	13262	13245	13243	12889	12788
Leaf_16S_F8_R8	12,804	NA	6,183	48.3%	6183	4708	4702	4698	4568	4553
Leaf_16S_F8_R9	35,312	NA	19,122	54.2%	19122	17701	17684	17679	17341	17211
Leaf_16S_F9_R1	32,993	NA	23,556	71.4%	23556	22211	22120	22164	21583	21068
Leaf_16S_F9_R10	29,116	NA	22,238	76.4%	22238	21048	21021	21023	20651	20560
Leaf_16S_F9_R11	26,719	NA	18,890	70.7%	18890	17878	17870	17873	17636	17566
Leaf_16S_F9_R12	28,631	NA	13,485	47.1%	13485	12718	12695	12699	12454	12384
Leaf_16S_F9_R13	21,673	NA	20,867	96.3%	20867	19971	19945	19951	19745	19709
Leaf_16S_F9_R14	13,316	NA	12,515	94.0%	12515	11783	11757	11779	11619	11590
Leaf_16S_F9_R15	24,357	NA	23,489	96.4%	23489	22079	22076	22073	21717	21646
Leaf_16S_F9_R16	33,589	NA	32,684	97.3%	32684	30800	30789	30790	30356	30267
Leaf_16S_F9_R17	2,463	NA	1,624	65.9%	1624	1520	1512	1495	1407	1362
Leaf_16S_F9_R18	3,476	NA	2,624	75.5%	2624	2484	2465	2462	2340	2277
Leaf_16S_F9_R19	2,606	NA	1,888	72.4%	1888	1798	1797	1785	1730	1687
Leaf_16S_F9_R2	38,789	NA	19,290	49.7%	19290	18235	18227	18205	17969	17870
Leaf_16S_F9_R20	1,935	NA	1,594	82.4%	1594	1505	1502	1488	1436	1409
Leaf_16S_F9_R21	2,203	NA	1,700	77.2%	1700	1602	1595	1591	1534	1505
Leaf_16S_F9_R22	912	NA	750	82.2%	750	709	707	700	660	648
Leaf_16S_F9_R23	2,053	NA	1,738	84.7%	1738	1649	1647	1634	1560	1534
Leaf_16S_F9_R24	2,452	NA	1,985	81.0%	1985	1866	1855	1845	1760	1705
Leaf_16S_F9_R3	22,635	NA	12,231	54.0%	12231	11606	11601	11601	11446	11378
Leaf_16S_F9_R4	22,288	NA	14,143	63.5%	14143	13387	13367	13368	13105	13005
Leaf_16S_F9_R5	32,274	NA	21,471	66.5%	21471	20034	20031	20025	19713	19605
Leaf_16S_F9_R6	33,382	NA	24,358	73.0%	24358	22868	22843	22833	22481	22173
Leaf_16S_F9_R7	38,412	NA	15,838	41.2%	15838	14982	14954	14969	14751	14646
Leaf_16S_F9_R8	34,532	NA	16,203	46.9%	16203	15327	15324	15319	15096	14874
Leaf_16S_F9_R9	24,033	NA	11,589	48.2%	11589	9314	9305	9307	9004	8943
Soil_16S_F1_R1	35,409	NA	17,973	50.8%	17973	15429	15385	15346	13471	13295
Soil_16S_F1_R10	33,039	NA	17,814	53.9%	17814	17015	16812	16704	14544	14270
Soil_16S_F1_R11	29,855	NA	16,126	54.0%	16126	15421	15257	15182	12886	12578
Soil_16S_F1_R12	66,712	NA	22,913	34.3%	22913	21893	21734	21653	19424	19281
Soil_16S_F1_R13	42,760	NA	34,189	80.0%	34189	32746	32438	32329	28770	28442
Soil_16S_F1_R14	25,954	NA	18,570	71.5%	18570	17770	17609	17513	15556	15407
Soil_16S_F1_R15	42,141	NA	21,549	51.1%	21549	20590	20409	20327	18331	18079
Soil_16S_F1_R16	27,636	NA	10,884	39.4%	10884	10424	10240	10162	8755	8652
Soil_16S_F1_R17	17,485	NA	3,346	19.1%	3346	3192	3157	3147	2743	2709
Soil_16S_F1_R18	28,751	NA	4,886	17.0%	4886	4666	4613	4583	3912	3860
Soil_16S_F1_R19	16,772	NA	3,228	19.2%	3228	3082	3061	3023	2647	2619
Soil_16S_F1_R2	45,014	NA	22,163	49.2%	22163	21196	21039	20917	18263	17975
Soil_16S_F1_R20	20,169	NA	3,466	17.2%	3466	3286	3258	3212	2792	2761
Soil_16S_F1_R21	15,993	NA	3,180	19.9%	3180	3002	2968	2945	2562	2540
Soil_16S_F1_R22	2,629	NA	1,949	74.1%	1949	1860	1837	1823	1588	1564
Soil_16S_F1_R23	5,888	NA	3,681	62.5%	3681	3506	3459	3434	3019	2982
Soil_16S_F1_R24	5,801	NA	2,934	50.6%	2934	2796	2768	2745	2426	2405
Soil_16S_F1_R3	40,990	NA	23,441	57.2%	23441	22335	22204	22117	18986	18750
Soil_16S_F1_R4	27,481	NA	15,452	56.2%	15452	14770	14677	14610	13174	13082
Soil_16S_F1_R5	59,797	NA	31,802	53.2%	31802	30356	30238	30193	28308	28230
Soil_16S_F1_R6	57,468	NA	38,931	67.7%	38931	37297	36972	36851	32956	32705
Soil_16S_F1_R7	59,201	NA	34,988	59.1%	34988	33408	33119	32939	29711	29346
Soil_16S_F1_R8	53,621	NA	30,917	57.7%	30917	29585	29335	29240	26198	25518
Soil_16S_F1_R9	47,797	NA	24,901	52.1%	24901	23739	23542	23419	20791	20540
Soil_16S_F10_R1	32,757	NA	16,171	49.4%	16171	15394	15229	15138	13861	13755
Soil_16S_F10_R10	5,901	NA	3,769	63.9%	3769	1869	1867	1862	1548	1522
Soil_16S_F10_R11	39,971	NA	28,534	71.4%	28534	27162	26956	26850	22958	22628
Soil_16S_F10_R12	32,086	NA	14,709	45.8%	14709	13986	13905	13815	12812	12705
Soil_16S_F10_R13	16,465	NA	12,563	76.3%	12563	11989	11929	11904	11178	11121
Soil_16S_F10_R14	18,464	NA	15,316	83.0%	15316	14551	14391	14343	13004	12905
Soil_16S_F10_R15	11,429	NA	8,540	74.7%	8540	8152	8083	8033	7408	7380
Soil_16S_F10_R16	18,300	NA	15,000	82.0%	15000	14262	14193	14146	13148	13121
Soil_16S_F10_R17	4,676	NA	1,787	38.2%	1787	1698	1681	1665	1468	1455
Soil_16S_F10_R18	5,536	NA	2,665	48.1%	2665	2535	2485	2483	2137	2115
Soil_16S_F10_R19	4,259	NA	1,645	38.6%	1645	1550	1524	1522	1336	1322
Soil_16S_F10_R2	33,039	NA	17,772	53.8%	17772	16863	16756	16715	14971	14855
Soil_16S_F10_R20	3,580	NA	1,820	50.8%	1820	1713	1704	1681	1449	1440
Soil_16S_F10_R21	2,863	NA	1,588	55.5%	1588	1504	1490	1487	1278	1264
Soil_16S_F10_R22	1,287	NA	978	76.0%	978	929	925	907	793	784
Soil_16S_F10_R23	2,879	NA	1,931	67.1%	1931	1844	1826	1806	1611	1586
Soil_16S_F10_R24	2,855	NA	1,599	56.0%	1599	1521	1505	1500	1329	1315
Soil_16S_F10_R3	40,759	NA	14,115	34.6%	14115	13378	13215	13197	11886	11706
Soil_16S_F10_R4	29,585	NA	10,010	33.8%	10010	9547	9418	9358	8119	7993
Soil_16S_F10_R5	30,496	NA	11,538	37.8%	11538	11009	10918	10877	9705	9578
Soil_16S_F10_R6	21,679	NA	6,668	30.8%	6668	6335	6265	6249	5475	5401
Soil_16S_F10_R7	29,746	NA	18,045	60.7%	18045	17157	16958	16877	15527	15360
Soil_16S_F10_R8	25,202	NA	14,325	56.8%	14325	13646	13446	13471	12421	12362
Soil_16S_F10_R9	43,538	NA	29,544	67.9%	29544	28199	28005	27943	23957	23360
Soil_16S_F11_R1	30,927	NA	15,127	48.9%	15127	14454	14370	14349	12459	12381
Soil_16S_F11_R10	39,492	NA	12,091	30.6%	12091	11497	11410	11365	10182	9864
Soil_16S_F11_R11	2,302	NA	1,598	69.4%	1598	81	81	80	62	61
Soil_16S_F11_R12	67,208	NA	8,675	12.9%	8675	8311	8209	8180	7151	7053
Soil_16S_F11_R13	27,645	NA	23,535	85.1%	23535	22561	22398	22312	20047	19679
Soil_16S_F11_R14	12,271	NA	9,139	74.5%	9139	8726	8619	8569	7443	7330
Soil_16S_F11_R15	24,902	NA	21,712	87.2%	21712	20798	20526	20489	18376	18108
Soil_16S_F11_R16	23,737	NA	20,383	85.9%	20383	19464	19283	19181	17415	17105
Soil_16S_F11_R17	4,350	NA	1,460	33.6%	1460	1396	1370	1367	1158	1147
Soil_16S_F11_R18	5,160	NA	1,973	38.2%	1973	1886	1867	1842	1573	1551
Soil_16S_F11_R19	4,037	NA	1,379	34.2%	1379	1311	1299	1280	1107	1090
Soil_16S_F11_R2	18,464	NA	3,562	19.3%	3562	3410	3371	3338	2823	2782
Soil_16S_F11_R20	3,214	NA	1,444	44.9%	1444	1377	1368	1338	1161	1151
Soil_16S_F11_R21	2,623	NA	1,286	49.0%	1286	1224	1220	1193	1022	1010
Soil_16S_F11_R22	989	NA	739	74.7%	739	711	698	704	575	564
Soil_16S_F11_R23	2,428	NA	1,430	58.9%	1430	1363	1344	1335	1180	1156
Soil_16S_F11_R24	2,493	NA	1,232	49.4%	1232	1175	1160	1139	984	958
Soil_16S_F11_R3	29,604	NA	12,775	43.2%	12775	12179	12111	12096	11034	10865
Soil_16S_F11_R4	19,443	NA	9,668	49.7%	9668	9199	9105	9079	8185	8065
Soil_16S_F11_R5	51,571	NA	10,720	20.8%	10720	10254	10178	10135	9414	9376
Soil_16S_F11_R6	30,739	NA	15,123	49.2%	15123	14527	14393	14323	13002	12846
Soil_16S_F11_R7	31,557	NA	13,293	42.1%	13293	12674	12592	12558	11616	11522
Soil_16S_F11_R8	55,042	NA	40,999	74.5%	40999	39250	39158	39141	36002	35950
Soil_16S_F11_R9	19,212	NA	2,559	13.3%	2559	2447	2414	2375	2033	1993
Soil_16S_F12_R1	68,413	NA	46,497	68.0%	46497	44363	44052	43892	38201	37761
Soil_16S_F12_R10	33,990	NA	19,468	57.3%	19468	18590	18384	18324	16099	15974
Soil_16S_F12_R11	68,401	NA	60,638	88.7%	60638	57942	57517	57351	49070	48115
Soil_16S_F12_R12	7,780	NA	4,869	62.6%	4869	2465	2459	2451	2142	2107
Soil_16S_F12_R13	19,155	NA	14,682	76.6%	14682	14043	13816	13712	12107	12024
Soil_16S_F12_R14	20,902	NA	17,134	82.0%	17134	16362	16229	16141	14402	14212
Soil_16S_F12_R15	21,891	NA	18,345	83.8%	18345	17470	17279	17172	15340	15094
Soil_16S_F12_R16	17,526	NA	13,604	77.6%	13604	12988	12811	12756	11216	11024
Soil_16S_F12_R17	7,070	NA	3,464	49.0%	3464	3291	3255	3245	2812	2778
Soil_16S_F12_R18	8,710	NA	5,102	58.6%	5102	4858	4798	4769	4062	4014
Soil_16S_F12_R19	6,384	NA	3,308	51.8%	3308	3151	3120	3093	2633	2613
Soil_16S_F12_R2	40,494	NA	19,930	49.2%	19930	19015	18849	18794	16244	15998
Soil_16S_F12_R20	5,728	NA	3,486	60.9%	3486	3321	3277	3258	2809	2766
Soil_16S_F12_R21	4,352	NA	2,934	67.4%	2934	2747	2710	2679	2293	2250
Soil_16S_F12_R22	2,336	NA	2,031	86.9%	2031	1941	1917	1887	1603	1583
Soil_16S_F12_R23	4,953	NA	3,813	77.0%	3813	3635	3599	3561	3083	3044
Soil_16S_F12_R24	4,161	NA	2,904	69.8%	2904	2771	2738	2696	2342	2307
Soil_16S_F12_R3	50,836	NA	27,947	55.0%	27947	26539	26377	26284	24346	24097
Soil_16S_F12_R4	21,358	NA	14,072	65.9%	14072	13347	13196	13132	11258	11122
Soil_16S_F12_R5	34,008	NA	16,137	47.5%	16137	15400	15207	15154	13493	13369
Soil_16S_F12_R6	43,274	NA	22,087	51.0%	22087	21093	20858	20749	18298	18031
Soil_16S_F12_R7	28,157	NA	14,882	52.9%	14882	14137	14004	13887	12493	12325
Soil_16S_F12_R8	29,437	NA	17,516	59.5%	17516	16726	16630	16552	14903	14813
Soil_16S_F12_R9	67,874	NA	58,844	86.7%	58844	56199	55466	55193	47923	46403
Soil_16S_F13_R1	42,905	NA	9,908	23.1%	9908	9502	9376	9274	8038	7900
Soil_16S_F13_R10	16,733	NA	4,235	25.3%	4235	4047	3988	3929	3370	3319
Soil_16S_F13_R11	27,164	NA	4,131	15.2%	4131	3973	3905	3843	3252	3199
Soil_16S_F13_R12	19,780	NA	5,326	26.9%	5326	5110	5019	4945	4251	4193
Soil_16S_F13_R13	4,056	NA	1,952	48.1%	1952	1549	1534	1523	1278	1266
Soil_16S_F13_R14	7,157	NA	4,745	66.3%	4745	4535	4475	4407	3801	3746
Soil_16S_F13_R15	7,611	NA	5,103	67.0%	5103	4862	4786	4745	4159	4090
Soil_16S_F13_R16	6,179	NA	3,564	57.7%	3564	3415	3369	3322	2908	2872
Soil_16S_F13_R17	21,164	NA	18,895	89.3%	18895	17943	17736	17632	15458	15159
Soil_16S_F13_R18	21,507	NA	19,197	89.3%	19197	18463	18215	18059	15770	15511
Soil_16S_F13_R19	18,018	NA	15,851	88.0%	15851	15152	14991	14929	13200	12766
Soil_16S_F13_R2	29,259	NA	17,628	60.2%	17628	16936	16782	16728	14690	14406
Soil_16S_F13_R20	57,055	NA	55,651	97.5%	55651	53427	52686	52496	46385	45352
Soil_16S_F13_R21	17,772	NA	16,797	94.5%	16797	16119	15990	15972	14251	14029
Soil_16S_F13_R22	8,262	NA	8,008	96.9%	8008	7702	7643	7604	6884	6603
Soil_16S_F13_R23	14,802	NA	13,984	94.5%	13984	13470	13290	13141	11283	11092
Soil_16S_F13_R24	11,166	NA	10,211	91.4%	10211	9810	9712	9681	8680	8472
Soil_16S_F13_R3	22,981	NA	14,588	63.5%	14588	14014	13870	13808	12088	11894
Soil_16S_F13_R4	36,270	NA	18,649	51.4%	18649	17900	17654	17521	15473	15230
Soil_16S_F13_R5	34,101	NA	24,674	72.4%	24674	23643	23289	23243	21149	20922
Soil_16S_F13_R6	39,873	NA	29,838	74.8%	29838	28681	28258	28036	25063	24867
Soil_16S_F13_R7	27,617	NA	16,228	58.8%	16228	15536	15419	15324	14016	13892
Soil_16S_F13_R8	24,856	NA	15,857	63.8%	15857	15259	15152	15050	13828	13754
Soil_16S_F13_R9	20,447	NA	5,372	26.3%	5372	5172	5112	5033	4351	4289
Soil_16S_F14_R1	25,647	NA	8,271	32.2%	8271	7917	7816	7745	6795	6745
Soil_16S_F14_R10	18,394	NA	3,592	19.5%	3592	3445	3379	3367	2876	2854
Soil_16S_F14_R11	11,708	NA	3,387	28.9%	3387	3215	3179	3126	2652	2621
Soil_16S_F14_R12	20,356	NA	4,371	21.5%	4371	4163	4118	4076	3573	3549
Soil_16S_F14_R13	6,987	NA	2,759	39.5%	2759	2624	2579	2574	2249	2230
Soil_16S_F14_R14	3,508	NA	1,731	49.3%	1731	865	865	862	712	708
Soil_16S_F14_R15	7,605	NA	4,241	55.8%	4241	4044	3986	3934	3397	3373
Soil_16S_F14_R16	6,339	NA	2,826	44.6%	2826	2668	2636	2608	2291	2272
Soil_16S_F14_R17	17,555	NA	14,171	80.7%	14171	13527	13365	13308	11946	11737
Soil_16S_F14_R18	24,631	NA	21,281	86.4%	21281	20379	20088	19836	17092	16946
Soil_16S_F14_R19	7,557	NA	4,570	60.5%	4570	4339	4311	4274	3875	3855
Soil_16S_F14_R2	35,659	NA	21,014	58.9%	21014	19991	19761	19660	17630	17477
Soil_16S_F14_R20	21,524	NA	19,506	90.6%	19506	18629	18513	18515	17426	17387
Soil_16S_F14_R21	13,266	NA	11,708	88.3%	11708	11157	11100	11076	9695	9648
Soil_16S_F14_R22	13,943	NA	13,593	97.5%	13593	13064	13002	12998	11680	11653
Soil_16S_F14_R23	18,581	NA	17,451	93.9%	17451	16671	16489	16395	14997	14954
Soil_16S_F14_R24	23,294	NA	21,908	94.0%	21908	20930	20643	20588	18888	18794
Soil_16S_F14_R3	78,603	NA	19,987	25.4%	19987	19041	18883	18823	16804	16603
Soil_16S_F14_R4	27,016	NA	15,572	57.6%	15572	14885	14768	14729	13045	12892
Soil_16S_F14_R5	41,559	NA	26,588	64.0%	26588	25443	25176	25110	23296	23072
Soil_16S_F14_R6	42,085	NA	22,545	53.6%	22545	21555	21236	21181	18584	18403
Soil_16S_F14_R7	31,133	NA	17,604	56.5%	17604	16773	16547	16455	14780	14728
Soil_16S_F14_R8	27,692	NA	20,288	73.3%	20288	19420	19302	19227	17777	17634
Soil_16S_F14_R9	20,527	NA	4,834	23.5%	4834	4608	4536	4511	3912	3890
Soil_16S_F15_R1	41,451	NA	21,260	51.3%	21260	20333	20132	20005	17485	17303
Soil_16S_F15_R10	11,133	NA	3,023	27.2%	3023	2890	2850	2813	2386	2339
Soil_16S_F15_R11	23,631	NA	3,024	12.8%	3024	2876	2855	2789	2349	2311
Soil_16S_F15_R12	21,241	NA	3,871	18.2%	3871	3691	3644	3622	3119	3050
Soil_16S_F15_R13	6,498	NA	2,299	35.4%	2299	2208	2180	2146	1834	1802
Soil_16S_F15_R14	6,885	NA	3,401	49.4%	3401	3250	3210	3176	2751	2714
Soil_16S_F15_R15	5,388	NA	2,712	50.3%	2712	2159	2143	2138	1809	1771
Soil_16S_F15_R16	6,649	NA	2,808	42.2%	2808	2677	2647	2607	2246	2214
Soil_16S_F15_R17	13,771	NA	10,553	76.6%	10553	10005	9844	9801	8837	8803
Soil_16S_F15_R18	14,237	NA	10,665	74.9%	10665	10188	10046	9946	8580	8389
Soil_16S_F15_R19	11,200	NA	8,275	73.9%	8275	7869	7756	7720	6669	6555
Soil_16S_F15_R2	44,743	NA	23,765	53.1%	23765	22701	22538	22482	20414	20253
Soil_16S_F15_R20	10,883	NA	8,821	81.1%	8821	8472	8398	8342	7253	7134
Soil_16S_F15_R21	9,257	NA	7,682	83.0%	7682	7275	7211	7169	6386	6180
Soil_16S_F15_R22	9,252	NA	8,919	96.4%	8919	8518	8398	8382	7771	7694
Soil_16S_F15_R23	13,951	NA	12,893	92.4%	12893	12303	12214	12142	11014	10624
Soil_16S_F15_R24	12,726	NA	11,308	88.9%	11308	10792	10694	10687	10048	9901
Soil_16S_F15_R3	44,405	NA	24,928	56.1%	24928	23777	23556	23427	20388	19426
Soil_16S_F15_R4	21,197	NA	9,547	45.0%	9547	9133	9002	8903	7668	7524
Soil_16S_F15_R5	27,299	NA	11,534	42.3%	11534	11034	10915	10811	9517	9332
Soil_16S_F15_R6	36,315	NA	16,760	46.2%	16760	16003	15825	15721	13963	13711
Soil_16S_F15_R7	18,177	NA	15,497	85.3%	15497	14780	14668	14506	13048	12876
Soil_16S_F15_R8	37,066	NA	22,302	60.2%	22302	21278	20997	20889	18404	17851
Soil_16S_F15_R9	23,712	NA	4,116	17.4%	4116	3936	3881	3848	3305	3260
Soil_16S_F16_R1	29,614	NA	19,127	64.6%	19127	18251	18081	17939	16110	15915
Soil_16S_F16_R10	18,720	NA	3,873	20.7%	3873	3707	3662	3603	3102	3074
Soil_16S_F16_R11	23,682	NA	3,932	16.6%	3932	3754	3717	3671	3143	3111
Soil_16S_F16_R12	18,314	NA	5,024	27.4%	5024	4749	4708	4658	4032	3988
Soil_16S_F16_R13	6,487	NA	3,051	47.0%	3051	2911	2880	2840	2467	2442
Soil_16S_F16_R14	6,905	NA	4,257	61.7%	4257	4048	3997	3973	3440	3412
Soil_16S_F16_R15	7,690	NA	4,824	62.7%	4824	4614	4555	4514	3965	3911
Soil_16S_F16_R16	3,446	NA	1,923	55.8%	1923	1219	1216	1209	1027	1018
Soil_16S_F16_R17	5,630	NA	2,986	53.0%	2986	2839	2813	2781	2439	2416
Soil_16S_F16_R18	7,456	NA	4,679	62.8%	4679	4462	4402	4384	3887	3831
Soil_16S_F16_R19	13,661	NA	11,290	82.6%	11290	10730	10533	10472	9031	8969
Soil_16S_F16_R2	35,875	NA	16,504	46.0%	16504	15709	15525	15425	13794	13552
Soil_16S_F16_R20	12,882	NA	11,307	87.8%	11307	10792	10725	10665	9379	9314
Soil_16S_F16_R21	20,110	NA	18,890	93.9%	18890	17994	17891	17817	15423	15202
Soil_16S_F16_R22	22,359	NA	22,054	98.6%	22054	21075	20825	20730	18509	18203
Soil_16S_F16_R23	8,330	NA	7,380	88.6%	7380	7062	6977	6949	6207	6107
Soil_16S_F16_R24	10,425	NA	9,317	89.4%	9317	8868	8770	8728	7827	7623
Soil_16S_F16_R3	27,546	NA	14,418	52.3%	14418	13766	13611	13561	12124	11981
Soil_16S_F16_R4	22,199	NA	14,557	65.6%	14557	13807	13663	13615	12215	11967
Soil_16S_F16_R5	56,195	NA	39,331	70.0%	39331	37577	37220	37041	32358	31831
Soil_16S_F16_R6	37,128	NA	19,070	51.4%	19070	18227	18056	17955	16179	15934
Soil_16S_F16_R7	19,908	NA	17,994	90.4%	17994	17082	16870	16736	15039	14803
Soil_16S_F16_R8	38,168	NA	15,089	39.5%	15089	14372	14214	14123	12436	12305
Soil_16S_F16_R9	9,060	NA	5,531	61.0%	5531	5284	5234	5175	4509	4446
Soil_16S_F17_R1	18,787	NA	15,179	80.8%	15179	14534	14353	14190	12535	12409
Soil_16S_F17_R10	5,090	NA	3,264	64.1%	3264	3097	3059	3018	2595	2562
Soil_16S_F17_R11	4,182	NA	3,005	71.9%	3005	2883	2841	2820	2375	2351
Soil_16S_F17_R12	7,511	NA	4,112	54.7%	4112	3945	3894	3848	3345	3317
Soil_16S_F17_R13	21,813	NA	2,373	10.9%	2373	2277	2249	2207	1885	1873
Soil_16S_F17_R14	17,924	NA	3,636	20.3%	3636	3475	3448	3396	2928	2902
Soil_16S_F17_R15	14,855	NA	3,905	26.3%	3905	3720	3680	3636	3191	3160
Soil_16S_F17_R16	5,542	NA	2,896	52.3%	2896	2771	2727	2711	2373	2351
Soil_16S_F17_R17	21,217	NA	11,088	52.3%	11088	9706	9642	9572	8143	8049
Soil_16S_F17_R18	44,055	NA	12,422	28.2%	12422	11890	11667	11549	9568	9463
Soil_16S_F17_R19	20,434	NA	9,323	45.6%	9323	8898	8739	8640	7476	7407
Soil_16S_F17_R2	17,230	NA	14,490	84.1%	14490	13887	13698	13599	11792	11647
Soil_16S_F17_R20	18,621	NA	9,627	51.7%	9627	9162	8968	8940	7623	7557
Soil_16S_F17_R21	32,353	NA	16,384	50.6%	16384	15640	15413	15353	13512	13341
Soil_16S_F17_R22	12,758	NA	7,037	55.2%	7037	6715	6574	6510	5662	5634
Soil_16S_F17_R23	17,224	NA	11,747	68.2%	11747	11231	11124	11084	10010	9805
Soil_16S_F17_R24	19,551	NA	9,063	46.4%	9063	8682	8610	8592	7891	7831
Soil_16S_F17_R3	19,326	NA	16,276	84.2%	16276	15578	15374	15274	13556	13398
Soil_16S_F17_R4	14,924	NA	13,109	87.8%	13109	12507	12362	12281	10974	10842
Soil_16S_F17_R5	17,308	NA	14,939	86.3%	14939	14344	14221	14200	13014	12933
Soil_16S_F17_R6	22,579	NA	19,341	85.7%	19341	18607	18380	18255	16261	16087
Soil_16S_F17_R7	19,965	NA	18,462	92.5%	18462	17681	17583	17510	16452	16363
Soil_16S_F17_R8	19,884	NA	17,189	86.4%	17189	16428	16283	16224	14897	14791
Soil_16S_F17_R9	7,293	NA	4,288	58.8%	4288	4075	4004	3959	3399	3374
Soil_16S_F18_R1	29,191	NA	24,934	85.4%	24934	23878	23647	23621	21958	21855
Soil_16S_F18_R10	5,547	NA	3,200	57.7%	3200	3064	3031	3006	2628	2591
Soil_16S_F18_R11	4,760	NA	3,223	67.7%	3223	3096	3053	3023	2598	2563
Soil_16S_F18_R12	8,672	NA	4,160	48.0%	4160	3986	3955	3924	3476	3444
Soil_16S_F18_R13	21,014	NA	2,302	11.0%	2302	2210	2179	2159	1882	1864
Soil_16S_F18_R14	23,888	NA	3,614	15.1%	3614	3471	3432	3414	2984	2955
Soil_16S_F18_R15	14,331	NA	3,924	27.4%	3924	3738	3711	3683	3305	3265
Soil_16S_F18_R16	6,895	NA	2,838	41.2%	2838	2719	2686	2672	2407	2393
Soil_16S_F18_R17	42,552	NA	30,993	72.8%	30993	29580	29387	29256	26828	26639
Soil_16S_F18_R18	26,176	NA	13,689	52.3%	13689	11512	11493	11494	9675	9657
Soil_16S_F18_R19	27,874	NA	9,329	33.5%	9329	8915	8822	8807	7688	7558
Soil_16S_F18_R2	25,615	NA	21,927	85.6%	21927	21063	20875	20856	19107	18977
Soil_16S_F18_R20	31,496	NA	23,623	75.0%	23623	22657	22580	22508	19580	19488
Soil_16S_F18_R21	13,317	NA	2,332	17.5%	2332	2217	2198	2187	1935	1920
Soil_16S_F18_R22	5,511	NA	5,226	94.8%	5226	5020	4955	4936	4478	4429
Soil_16S_F18_R23	23,354	NA	7,550	32.3%	7550	7203	7133	7075	6465	6431
Soil_16S_F18_R24	19,622	NA	9,707	49.5%	9707	9321	9255	9219	8416	8314
Soil_16S_F18_R3	22,100	NA	18,352	83.0%	18352	17571	17431	17384	16097	15978
Soil_16S_F18_R4	17,494	NA	15,053	86.0%	15053	14434	14286	14228	12955	12799
Soil_16S_F18_R5	20,192	NA	16,879	83.6%	16879	16222	16120	16123	15039	14995
Soil_16S_F18_R6	28,811	NA	24,592	85.4%	24592	23600	23402	23310	21523	21392
Soil_16S_F18_R7	13,221	NA	11,113	84.1%	11113	10628	10548	10510	9792	9732
Soil_16S_F18_R8	19,064	NA	15,405	80.8%	15405	14829	14696	14610	13181	12951
Soil_16S_F18_R9	8,313	NA	4,295	51.7%	4295	4120	4082	4045	3625	3595
Soil_16S_F19_R1	17,296	NA	14,360	83.0%	14360	13719	13516	13446	12008	11846
Soil_16S_F19_R10	4,029	NA	2,608	64.7%	2608	2504	2473	2437	2064	2024
Soil_16S_F19_R11	3,607	NA	2,603	72.2%	2603	2460	2421	2382	2024	1992
Soil_16S_F19_R12	6,077	NA	3,137	51.6%	3137	3003	2965	2930	2507	2471
Soil_16S_F19_R13	16,674	NA	1,951	11.7%	1951	1869	1833	1823	1574	1548
Soil_16S_F19_R14	6,953	NA	2,967	42.7%	2967	2856	2816	2790	2432	2398
Soil_16S_F19_R15	11,169	NA	3,192	28.6%	3192	3036	2997	2979	2587	2552
Soil_16S_F19_R16	12,107	NA	2,173	17.9%	2173	2064	2047	2021	1781	1752
Soil_16S_F19_R17	18,766	NA	10,356	55.2%	10356	9844	9762	9726	8966	8929
Soil_16S_F19_R18	28,274	NA	19,547	69.1%	19547	18704	18523	18476	16487	16311
Soil_16S_F19_R19	2,894	NA	1,478	51.1%	1478	1339	1335	1316	1157	1145
Soil_16S_F19_R2	19,761	NA	17,358	87.8%	17358	16565	16425	16353	14814	14414
Soil_16S_F19_R20	19,386	NA	10,399	53.6%	10399	9882	9771	9745	8906	8867
Soil_16S_F19_R21	15,916	NA	9,162	57.6%	9162	8733	8656	8630	7873	7834
Soil_16S_F19_R22	23,363	NA	23,151	99.1%	23151	22156	22042	22035	19945	19775
Soil_16S_F19_R23	16,868	NA	7,762	46.0%	7762	7439	7366	7342	6646	6585
Soil_16S_F19_R24	12,605	NA	7,195	57.1%	7195	6868	6766	6752	6075	5989
Soil_16S_F19_R3	15,054	NA	12,709	84.4%	12709	12120	11978	11875	10354	10183
Soil_16S_F19_R4	9,941	NA	8,372	84.2%	8372	7992	7879	7825	6772	6589
Soil_16S_F19_R5	12,038	NA	9,964	82.8%	9964	9511	9391	9315	8208	8043
Soil_16S_F19_R6	16,954	NA	14,419	85.0%	14419	13801	13626	13550	12143	12025
Soil_16S_F19_R7	14,567	NA	13,250	91.0%	13250	12671	12497	12422	11101	10961
Soil_16S_F19_R8	13,675	NA	11,407	83.4%	11407	10909	10818	10798	10076	10029
Soil_16S_F19_R9	5,981	NA	3,371	56.4%	3371	3210	3175	3114	2674	2630
Soil_16S_F2_R1	47,543	NA	25,169	52.9%	25169	23920	23684	23578	21247	20866
Soil_16S_F2_R10	33,900	NA	16,782	49.5%	16782	15976	15767	15601	13437	13357
Soil_16S_F2_R11	18,444	NA	15,897	86.2%	15897	15123	14944	14827	12896	12647
Soil_16S_F2_R12	41,667	NA	22,236	53.4%	22236	21110	20761	20516	17241	17131
Soil_16S_F2_R13	29,969	NA	12,292	41.0%	12292	11641	11461	11414	9903	9713
Soil_16S_F2_R14	35,389	NA	15,607	44.1%	15607	14877	14760	14599	12844	12748
Soil_16S_F2_R15	46,484	NA	23,081	49.7%	23081	22025	21819	21761	18651	18355
Soil_16S_F2_R16	36,069	NA	20,706	57.4%	20706	19738	19475	19327	17080	16953
Soil_16S_F2_R17	16,814	NA	3,033	18.0%	3033	2887	2848	2825	2467	2443
Soil_16S_F2_R18	26,453	NA	4,396	16.6%	4396	4171	4127	4057	3456	3418
Soil_16S_F2_R19	21,389	NA	2,940	13.7%	2940	2767	2718	2704	2303	2287
Soil_16S_F2_R2	15,741	NA	7,794	49.5%	7794	2839	2834	2827	2561	2557
Soil_16S_F2_R20	19,945	NA	3,000	15.0%	3000	2829	2794	2749	2360	2328
Soil_16S_F2_R21	18,037	NA	2,471	13.7%	2471	2320	2297	2262	1909	1889
Soil_16S_F2_R22	2,206	NA	1,690	76.6%	1690	1612	1585	1573	1327	1314
Soil_16S_F2_R23	5,077	NA	3,065	60.4%	3065	2920	2889	2840	2439	2424
Soil_16S_F2_R24	4,856	NA	2,495	51.4%	2495	2370	2345	2313	1984	1965
Soil_16S_F2_R3	41,659	NA	21,612	51.9%	21612	20554	20322	20271	18588	18527
Soil_16S_F2_R4	23,981	NA	11,330	47.2%	11330	10789	10618	10510	8743	8628
Soil_16S_F2_R5	28,519	NA	15,904	55.8%	15904	15164	14888	14866	12956	12844
Soil_16S_F2_R6	42,383	NA	23,572	55.6%	23572	22461	22278	22155	18549	18364
Soil_16S_F2_R7	33,568	NA	20,103	59.9%	20103	19149	18937	18763	16709	16387
Soil_16S_F2_R8	53,635	NA	34,349	64.0%	34349	32791	32477	32318	28804	28681
Soil_16S_F2_R9	46,606	NA	24,401	52.4%	24401	23251	22957	22795	20153	20024
Soil_16S_F20_R1	21,946	NA	18,030	82.2%	18030	17258	17143	17054	15557	15409
Soil_16S_F20_R10	4,065	NA	2,180	53.6%	2180	2078	2040	2038	1763	1738
Soil_16S_F20_R11	3,441	NA	2,085	60.6%	2085	2002	1986	1945	1690	1670
Soil_16S_F20_R12	6,404	NA	2,701	42.2%	2701	2582	2562	2543	2232	2208
Soil_16S_F20_R13	55,976	NA	1,529	2.7%	1529	1463	1450	1438	1273	1263
Soil_16S_F20_R14	22,713	NA	2,410	10.6%	2410	2314	2290	2259	1972	1951
Soil_16S_F20_R15	11,906	NA	2,495	21.0%	2495	2385	2364	2339	2071	2035
Soil_16S_F20_R16	12,976	NA	1,896	14.6%	1896	1816	1796	1772	1571	1557
Soil_16S_F20_R17	19,245	NA	9,809	51.0%	9809	9319	9275	9261	8754	8704
Soil_16S_F20_R18	32,393	NA	8,601	26.6%	8601	8260	8178	8176	7147	7010
Soil_16S_F20_R19	21,141	NA	9,879	46.7%	9879	9441	9380	9367	8926	8864
Soil_16S_F20_R2	20,385	NA	17,338	85.1%	17338	16661	16527	16483	15191	15029
Soil_16S_F20_R20	18,673	NA	9,515	51.0%	9515	8743	8713	8682	7929	7865
Soil_16S_F20_R21	16,866	NA	8,030	47.6%	8030	7676	7589	7538	6663	6486
Soil_16S_F20_R22	10,840	NA	4,633	42.7%	4633	4449	4411	4396	3972	3862
Soil_16S_F20_R23	20,306	NA	1,700	8.4%	1700	1632	1619	1593	1443	1431
Soil_16S_F20_R24	15,943	NA	8,306	52.1%	8306	7983	7918	7908	7409	7280
Soil_16S_F20_R3	20,093	NA	16,825	83.7%	16825	16097	15964	15937	14963	14922
Soil_16S_F20_R4	10,676	NA	8,659	81.1%	8659	8305	8215	8109	7244	7199
Soil_16S_F20_R5	16,738	NA	13,999	83.6%	13999	13452	13350	13294	12327	12221
Soil_16S_F20_R6	19,444	NA	16,097	82.8%	16097	15488	15372	15301	14178	14088
Soil_16S_F20_R7	13,514	NA	11,798	87.3%	11798	11300	11248	11217	10671	10598
Soil_16S_F20_R8	17,825	NA	14,845	83.3%	14845	14215	14122	14060	13281	13223
Soil_16S_F20_R9	6,045	NA	2,889	47.8%	2889	2777	2749	2736	2426	2396
Soil_16S_F21_R1	15,372	NA	12,288	79.9%	12288	11860	11712	11683	10694	10599
Soil_16S_F21_R10	2,766	NA	1,288	46.6%	1288	1252	1246	1228	1083	1072
Soil_16S_F21_R11	2,190	NA	1,222	55.8%	1222	1170	1163	1151	991	979
Soil_16S_F21_R12	4,296	NA	1,577	36.7%	1577	1523	1503	1491	1321	1307
Soil_16S_F21_R13	15,584	NA	1,036	6.6%	1036	992	970	965	824	814
Soil_16S_F21_R14	12,392	NA	1,551	12.5%	1551	1496	1481	1465	1289	1277
Soil_16S_F21_R15	8,766	NA	1,672	19.1%	1672	1601	1585	1571	1414	1397
Soil_16S_F21_R16	18,259	NA	1,079	5.9%	1079	1050	1035	1030	910	903
Soil_16S_F21_R17	29,990	NA	15,121	50.4%	15121	14478	14369	14404	13183	13132
Soil_16S_F21_R18	13,051	NA	11,021	84.4%	11021	10654	10586	10535	9139	8915
Soil_16S_F21_R19	15,580	NA	6,822	43.8%	6822	6578	6521	6500	5877	5719
Soil_16S_F21_R2	16,797	NA	14,588	86.8%	14588	14113	14022	13960	12991	12860
Soil_16S_F21_R20	15,799	NA	8,384	53.1%	8384	8104	7985	7944	6967	6822
Soil_16S_F21_R21	8,431	NA	4,638	55.0%	4638	4047	4033	4042	3735	3706
Soil_16S_F21_R22	8,743	NA	2,863	32.7%	2863	2773	2748	2739	2497	2466
Soil_16S_F21_R23	6,423	NA	2,828	44.0%	2828	2722	2685	2677	2451	2412
Soil_16S_F21_R24	12,244	NA	6,336	51.7%	6336	6111	6065	6012	5511	5420
Soil_16S_F21_R3	7,234	NA	4,814	66.5%	4814	4661	4630	4609	4329	4294
Soil_16S_F21_R4	10,017	NA	8,467	84.5%	8467	8126	8018	8015	7153	7039
Soil_16S_F21_R5	4,206	NA	2,146	51.0%	2146	2078	2058	2032	1775	1756
Soil_16S_F21_R6	5,656	NA	3,362	59.4%	3362	3248	3205	3189	2826	2789
Soil_16S_F21_R7	2,920	NA	1,672	57.3%	1672	1607	1595	1569	1384	1366
Soil_16S_F21_R8	3,993	NA	1,795	45.0%	1795	1727	1707	1698	1504	1491
Soil_16S_F21_R9	4,113	NA	1,740	42.3%	1740	1668	1652	1625	1432	1415
Soil_16S_F22_R1	2,873	NA	769	26.8%	769	739	726	722	609	601
Soil_16S_F22_R10	1,351	NA	371	27.5%	371	349	344	341	297	292
Soil_16S_F22_R11	959	NA	307	32.0%	307	294	291	283	245	243
Soil_16S_F22_R12	2,234	NA	379	17.0%	379	362	359	346	306	302
Soil_16S_F22_R13	7,566	NA	276	3.6%	276	254	254	248	220	215
Soil_16S_F22_R14	13,246	NA	367	2.8%	367	351	347	340	296	293
Soil_16S_F22_R15	8,916	NA	375	4.2%	375	352	350	349	296	290
Soil_16S_F22_R16	20,830	NA	280	1.3%	280	273	264	267	235	230
Soil_16S_F22_R17	12,452	NA	5,688	45.7%	5688	5445	5399	5392	5067	5048
Soil_16S_F22_R18	5,403	NA	321	5.9%	321	306	306	294	255	249
Soil_16S_F22_R19	23,323	NA	256	1.1%	256	242	235	239	200	199
Soil_16S_F22_R2	2,225	NA	611	27.5%	611	589	581	569	502	497
Soil_16S_F22_R20	10,185	NA	5,945	58.4%	5945	5675	5633	5595	5165	5113
Soil_16S_F22_R21	9,106	NA	6,188	68.0%	6188	5931	5914	5904	5562	5553
Soil_16S_F22_R22	6,573	NA	3,468	52.8%	3468	2697	2688	2692	2429	2405
Soil_16S_F22_R23	9,537	NA	5,872	61.6%	5872	5641	5603	5581	5165	5127
Soil_16S_F22_R24	7,062	NA	3,412	48.3%	3412	3267	3256	3244	3114	3108
Soil_16S_F22_R3	2,228	NA	558	25.0%	558	537	523	523	446	437
Soil_16S_F22_R4	1,544	NA	454	29.4%	454	431	427	417	365	363
Soil_16S_F22_R5	1,851	NA	455	24.6%	455	432	425	420	368	366
Soil_16S_F22_R6	2,527	NA	789	31.2%	789	745	741	726	649	643
Soil_16S_F22_R7	1,440	NA	474	32.9%	474	443	440	429	379	371
Soil_16S_F22_R8	1,997	NA	440	22.0%	440	418	412	404	345	342
Soil_16S_F22_R9	2,299	NA	521	22.7%	521	506	500	495	424	419
Soil_16S_F23_R1	5,923	NA	2,643	44.6%	2643	2527	2495	2489	2180	2169
Soil_16S_F23_R10	2,817	NA	1,113	39.5%	1113	1071	1058	1041	922	921
Soil_16S_F23_R11	2,112	NA	1,061	50.2%	1061	1019	1006	992	882	880
Soil_16S_F23_R12	4,889	NA	1,461	29.9%	1461	1384	1375	1367	1228	1226
Soil_16S_F23_R13	13,997	NA	842	6.0%	842	805	796	790	697	690
Soil_16S_F23_R14	18,006	NA	1,263	7.0%	1263	1203	1180	1170	1022	1017
Soil_16S_F23_R15	13,658	NA	1,356	9.9%	1356	1288	1261	1257	1118	1101
Soil_16S_F23_R16	7,530	NA	968	12.9%	968	923	921	911	809	806
Soil_16S_F23_R17	15,881	NA	5,154	32.5%	5154	4879	4845	4832	4569	4548
Soil_16S_F23_R18	24,008	NA	16,604	69.2%	16604	15919	15801	15746	14492	14436
Soil_16S_F23_R19	17,348	NA	9,999	57.6%	9999	9474	9434	9398	8533	8495
Soil_16S_F23_R2	5,093	NA	2,324	45.6%	2324	2215	2193	2180	1932	1918
Soil_16S_F23_R20	19,794	NA	18,429	93.1%	18429	17575	17410	17406	15945	15866
Soil_16S_F23_R21	6,596	NA	3,963	60.1%	3963	3760	3719	3722	3442	3421
Soil_16S_F23_R22	9,088	NA	3,606	39.7%	3606	3432	3375	3334	2993	2987
Soil_16S_F23_R23	542	NA	357	65.9%	357	109	109	109	94	93
Soil_16S_F23_R24	12,497	NA	8,056	64.5%	8056	7689	7636	7617	7031	6931
Soil_16S_F23_R3	4,939	NA	2,114	42.8%	2114	2016	1997	1962	1727	1715
Soil_16S_F23_R4	3,369	NA	1,578	46.8%	1578	1519	1504	1479	1319	1313
Soil_16S_F23_R5	4,264	NA	1,731	40.6%	1731	1668	1653	1640	1471	1467
Soil_16S_F23_R6	6,029	NA	2,977	49.4%	2977	2843	2801	2781	2458	2442
Soil_16S_F23_R7	3,102	NA	1,429	46.1%	1429	1360	1349	1324	1191	1185
Soil_16S_F23_R8	4,273	NA	1,617	37.8%	1617	1537	1515	1499	1330	1312
Soil_16S_F23_R9	4,477	NA	1,428	31.9%	1428	1353	1338	1321	1152	1136
Soil_16S_F24_R1	5,877	NA	2,988	50.8%	2988	2871	2839	2796	2405	2370
Soil_16S_F24_R10	2,638	NA	1,257	47.6%	1257	1199	1182	1159	989	980
Soil_16S_F24_R11	2,188	NA	1,213	55.4%	1213	1182	1162	1147	952	938
Soil_16S_F24_R12	4,085	NA	1,579	38.7%	1579	1510	1470	1461	1213	1202
Soil_16S_F24_R13	9,857	NA	1,008	10.2%	1008	970	963	943	809	796
Soil_16S_F24_R14	22,031	NA	1,485	6.7%	1485	1422	1403	1390	1211	1199
Soil_16S_F24_R15	11,936	NA	1,548	13.0%	1548	1487	1471	1445	1285	1272
Soil_16S_F24_R16	9,493	NA	1,068	11.3%	1068	1030	1012	992	849	833
Soil_16S_F24_R17	17,817	NA	10,017	56.2%	10017	9537	9366	9354	8121	7981
Soil_16S_F24_R18	19,500	NA	10,141	52.0%	10141	9703	9568	9424	8166	8136
Soil_16S_F24_R19	12,757	NA	5,880	46.1%	5880	5599	5500	5471	4840	4747
Soil_16S_F24_R2	4,732	NA	2,584	54.6%	2584	2480	2449	2415	2081	2055
Soil_16S_F24_R20	14,943	NA	7,382	49.4%	7382	7064	6933	6885	5966	5835
Soil_16S_F24_R21	12,149	NA	6,211	51.1%	6211	5867	5801	5770	5125	4945
Soil_16S_F24_R22	6,832	NA	3,708	54.3%	3708	3495	3468	3439	3036	2933
Soil_16S_F24_R23	12,478	NA	4,791	38.4%	4791	4586	4558	4538	4179	4054
Soil_16S_F24_R24	16,494	NA	9,491	57.5%	9491	7289	7267	7249	6340	6272
Soil_16S_F24_R3	4,689	NA	2,284	48.7%	2284	2183	2160	2132	1851	1816
Soil_16S_F24_R4	3,247	NA	1,755	54.0%	1755	1683	1648	1615	1390	1367
Soil_16S_F24_R5	3,885	NA	1,868	48.1%	1868	1791	1770	1750	1523	1512
Soil_16S_F24_R6	5,391	NA	3,067	56.9%	3067	2927	2889	2825	2431	2392
Soil_16S_F24_R7	2,825	NA	1,567	55.5%	1567	1497	1470	1436	1181	1168
Soil_16S_F24_R8	23,573	NA	21,405	90.8%	21405	20552	20517	20497	20224	20201
Soil_16S_F24_R9	4,086	NA	1,700	41.6%	1700	1626	1591	1576	1335	1312
Soil_16S_F3_R1	37,439	NA	17,471	46.7%	17471	16650	16478	16391	14594	14367
Soil_16S_F3_R10	40,125	NA	27,588	68.8%	27588	26411	26075	26006	22816	22714
Soil_16S_F3_R11	27,905	NA	16,265	58.3%	16265	15542	15418	15378	13888	13768
Soil_16S_F3_R12	49,244	NA	24,036	48.8%	24036	23068	22919	22858	20904	20809
Soil_16S_F3_R13	21,464	NA	8,342	38.9%	8342	7997	7965	7930	7072	7042
Soil_16S_F3_R14	78,235	NA	59,971	76.7%	59971	57570	57235	57099	51816	51570
Soil_16S_F3_R15	43,202	NA	19,903	46.1%	19903	19013	18964	18919	17939	17896
Soil_16S_F3_R16	25,689	NA	12,961	50.5%	12961	12428	12318	12246	11032	10917
Soil_16S_F3_R17	16,876	NA	2,697	16.0%	2697	2569	2544	2520	2187	2154
Soil_16S_F3_R18	21,112	NA	3,681	17.4%	3681	3516	3472	3450	2969	2936
Soil_16S_F3_R19	13,978	NA	2,450	17.5%	2450	2327	2300	2280	1961	1944
Soil_16S_F3_R2	39,681	NA	20,353	51.3%	20353	19454	19277	19158	16994	16520
Soil_16S_F3_R20	17,097	NA	2,534	14.8%	2534	2417	2393	2361	2050	2040
Soil_16S_F3_R21	7,093	NA	2,439	34.4%	2439	2317	2300	2262	1957	1935
Soil_16S_F3_R22	1,849	NA	1,397	75.6%	1397	1334	1320	1306	1093	1075
Soil_16S_F3_R23	4,504	NA	2,838	63.0%	2838	2694	2666	2635	2293	2279
Soil_16S_F3_R24	4,376	NA	2,252	51.5%	2252	2156	2127	2106	1850	1825
Soil_16S_F3_R3	30,745	NA	15,272	49.7%	15272	13278	13226	13199	11401	11284
Soil_16S_F3_R4	26,162	NA	13,032	49.8%	13032	12489	12380	12337	10584	10441
Soil_16S_F3_R5	32,141	NA	15,976	49.7%	15976	15355	15241	15178	13422	13302
Soil_16S_F3_R6	39,726	NA	22,414	56.4%	22414	21462	21268	21192	19342	19261
Soil_16S_F3_R7	32,130	NA	18,677	58.1%	18677	17906	17764	17708	16194	16097
Soil_16S_F3_R8	25,017	NA	5,326	21.3%	5326	5124	5084	5022	4325	4283
Soil_16S_F3_R9	40,349	NA	25,783	63.9%	25783	24709	24312	24110	20880	20724
Soil_16S_F4_R1	27,801	NA	12,786	46.0%	12786	12336	12233	12169	11129	10978
Soil_16S_F4_R10	30,790	NA	21,529	69.9%	21529	20734	20510	20416	17851	17697
Soil_16S_F4_R11	18,890	NA	9,788	51.8%	9788	9456	9373	9320	8342	8264
Soil_16S_F4_R12	20,940	NA	8,133	38.8%	8133	7836	7794	7737	7020	6925
Soil_16S_F4_R13	35,158	NA	18,525	52.7%	18525	17884	17819	17784	16907	16844
Soil_16S_F4_R14	26,585	NA	11,812	44.4%	11812	11404	11314	11215	10018	9930
Soil_16S_F4_R15	21,909	NA	12,478	57.0%	12478	11969	11844	11778	10662	10592
Soil_16S_F4_R16	21,372	NA	7,929	37.1%	7929	7672	7576	7461	6441	6369
Soil_16S_F4_R17	14,158	NA	1,961	13.9%	1961	1866	1841	1825	1600	1583
Soil_16S_F4_R18	17,338	NA	2,804	16.2%	2804	2699	2679	2645	2309	2284
Soil_16S_F4_R19	10,166	NA	1,724	17.0%	1724	1654	1630	1622	1434	1424
Soil_16S_F4_R2	23,426	NA	12,966	55.3%	12966	12460	12358	12287	11200	11029
Soil_16S_F4_R20	9,871	NA	1,998	20.2%	1998	1915	1905	1872	1656	1637
Soil_16S_F4_R21	10,151	NA	1,599	15.8%	1599	1515	1495	1492	1294	1285
Soil_16S_F4_R22	1,333	NA	988	74.1%	988	956	943	946	821	808
Soil_16S_F4_R23	3,191	NA	1,931	60.5%	1931	1847	1831	1812	1612	1581
Soil_16S_F4_R24	3,254	NA	1,612	49.5%	1612	1555	1533	1531	1345	1328
Soil_16S_F4_R3	27,861	NA	14,681	52.7%	14681	14072	13939	13932	12985	12929
Soil_16S_F4_R4	7,016	NA	3,044	43.4%	3044	2223	2214	2200	1895	1867
Soil_16S_F4_R5	25,399	NA	11,178	44.0%	11178	10779	10721	10692	9823	9767
Soil_16S_F4_R6	27,183	NA	14,924	54.9%	14924	14364	14251	14180	12658	12521
Soil_16S_F4_R7	23,816	NA	15,951	67.0%	15951	15389	15299	15205	13900	13553
Soil_16S_F4_R8	28,192	NA	13,575	48.2%	13575	13057	12983	12892	11834	11731
Soil_16S_F4_R9	24,890	NA	13,665	54.9%	13665	13118	13015	12928	11713	11503
Soil_16S_F5_R1	61,887	NA	30,284	48.9%	30284	29267	28855	28724	25166	24669
Soil_16S_F5_R10	31,897	NA	20,910	65.6%	20910	20136	19943	19869	18274	18181
Soil_16S_F5_R11	53,937	NA	43,470	80.6%	43470	41960	41365	41132	36249	36032
Soil_16S_F5_R12	34,760	NA	19,231	55.3%	19231	18561	18232	18131	16035	15959
Soil_16S_F5_R13	34,092	NA	9,943	29.2%	9943	9607	9515	9430	8267	8146
Soil_16S_F5_R14	41,155	NA	15,780	38.3%	15780	15249	14956	14799	12844	12697
Soil_16S_F5_R15	28,809	NA	16,967	58.9%	16967	16343	16087	16039	14079	13941
Soil_16S_F5_R16	55,953	NA	17,809	31.8%	17809	17200	16846	16767	14799	14733
Soil_16S_F5_R17	16,851	NA	2,596	15.4%	2596	2481	2450	2412	2120	2100
Soil_16S_F5_R18	21,067	NA	3,883	18.4%	3883	3745	3692	3637	3129	3098
Soil_16S_F5_R19	13,148	NA	2,439	18.6%	2439	2341	2312	2259	1971	1949
Soil_16S_F5_R2	27,774	NA	12,809	46.1%	12809	12342	12194	12037	10468	10263
Soil_16S_F5_R20	15,873	NA	2,443	15.4%	2443	2338	2317	2297	1978	1950
Soil_16S_F5_R21	4,329	NA	2,243	51.8%	2243	2146	2110	2073	1803	1779
Soil_16S_F5_R22	1,868	NA	1,464	78.4%	1464	1419	1402	1384	1202	1189
Soil_16S_F5_R23	4,238	NA	2,743	64.7%	2743	2646	2623	2589	2277	2255
Soil_16S_F5_R24	4,005	NA	2,197	54.9%	2197	2132	2104	2066	1801	1777
Soil_16S_F5_R3	34,242	NA	18,208	53.2%	18208	17483	17338	17222	15628	15302
Soil_16S_F5_R4	26,597	NA	15,685	59.0%	15685	15068	14948	14909	13818	13491
Soil_16S_F5_R5	21,369	NA	10,630	49.7%	10630	9990	9934	9895	9038	8976
Soil_16S_F5_R6	35,534	NA	19,935	56.1%	19935	19157	18966	18830	17051	16818
Soil_16S_F5_R7	31,634	NA	20,738	65.6%	20738	19970	19769	19697	18234	17888
Soil_16S_F5_R8	45,232	NA	30,471	67.4%	30471	29462	29257	29200	26937	26662
Soil_16S_F5_R9	42,875	NA	19,706	46.0%	19706	19026	18824	18680	16842	16568
Soil_16S_F6_R1	55,620	NA	19,563	35.2%	19563	18755	18484	18333	16077	15863
Soil_16S_F6_R10	21,293	NA	15,986	75.1%	15986	15308	15109	14970	12866	12670
Soil_16S_F6_R11	29,006	NA	15,361	53.0%	15361	14754	14592	14483	12893	12664
Soil_16S_F6_R12	41,614	NA	23,033	55.3%	23033	22055	21858	21827	19979	19872
Soil_16S_F6_R13	35,693	NA	9,821	27.5%	9821	9438	9371	9341	8580	8536
Soil_16S_F6_R14	40,373	NA	20,099	49.8%	20099	19294	19120	19089	17565	17417
Soil_16S_F6_R15	35,817	NA	20,507	57.3%	20507	19724	19454	19399	17629	17517
Soil_16S_F6_R16	35,397	NA	18,630	52.6%	18630	17873	17726	17678	16417	16284
Soil_16S_F6_R17	19,826	NA	2,912	14.7%	2912	2774	2729	2701	2339	2321
Soil_16S_F6_R18	27,409	NA	4,428	16.2%	4428	4272	4214	4157	3674	3648
Soil_16S_F6_R19	17,331	NA	2,901	16.7%	2901	2746	2708	2666	2345	2315
Soil_16S_F6_R2	39,061	NA	18,654	47.8%	18654	17857	17570	17401	15260	15148
Soil_16S_F6_R20	17,242	NA	2,874	16.7%	2874	2741	2694	2670	2342	2320
Soil_16S_F6_R21	5,532	NA	2,600	47.0%	2600	2480	2451	2435	2125	2098
Soil_16S_F6_R22	2,249	NA	1,656	73.6%	1656	1589	1561	1538	1347	1333
Soil_16S_F6_R23	5,689	NA	3,243	57.0%	3243	3118	3089	3061	2708	2667
Soil_16S_F6_R24	5,268	NA	2,543	48.3%	2543	2432	2399	2381	2091	2073
Soil_16S_F6_R3	38,791	NA	17,994	46.4%	17994	17256	16990	16823	14671	14464
Soil_16S_F6_R4	25,613	NA	12,579	49.1%	12579	12047	11841	11800	10324	10124
Soil_16S_F6_R5	33,658	NA	15,934	47.3%	15934	15288	15083	15006	13232	12979
Soil_16S_F6_R6	14,703	NA	7,675	52.2%	7675	5292	5279	5260	4621	4573
Soil_16S_F6_R7	25,882	NA	12,362	47.8%	12362	11820	11647	11602	10346	10213
Soil_16S_F6_R8	38,112	NA	20,111	52.8%	20111	19277	19054	18948	17150	16987
Soil_16S_F6_R9	37,656	NA	16,715	44.4%	16715	16008	15712	15529	13513	13393
Soil_16S_F7_R1	59,523	NA	25,739	43.2%	25739	24781	24427	24317	21631	21112
Soil_16S_F7_R10	30,286	NA	12,787	42.2%	12787	12270	12153	12067	10963	10825
Soil_16S_F7_R11	32,543	NA	19,850	61.0%	19850	19100	19032	18944	17498	17416
Soil_16S_F7_R12	28,596	NA	14,339	50.1%	14339	13797	13539	13481	11642	11556
Soil_16S_F7_R13	27,506	NA	11,859	43.1%	11859	11410	11246	11222	10129	10010
Soil_16S_F7_R14	32,084	NA	14,600	45.5%	14600	14097	13989	13913	12664	12506
Soil_16S_F7_R15	18,788	NA	3,196	17.0%	3196	3051	3017	2993	2661	2620
Soil_16S_F7_R16	18,497	NA	2,060	11.1%	2060	1963	1923	1904	1642	1618
Soil_16S_F7_R17	19,259	NA	1,676	8.7%	1676	1586	1570	1548	1364	1355
Soil_16S_F7_R18	13,548	NA	2,454	18.1%	2454	2371	2338	2306	1982	1955
Soil_16S_F7_R19	15,351	NA	1,632	10.6%	1632	1572	1555	1530	1332	1312
Soil_16S_F7_R2	32,866	NA	14,110	42.9%	14110	13525	13388	13295	11756	11427
Soil_16S_F7_R20	12,805	NA	1,636	12.8%	1636	1561	1530	1520	1288	1270
Soil_16S_F7_R21	3,242	NA	1,471	45.4%	1471	1409	1396	1386	1202	1187
Soil_16S_F7_R22	1,306	NA	914	70.0%	914	882	862	855	753	742
Soil_16S_F7_R23	3,011	NA	1,739	57.8%	1739	1659	1625	1598	1383	1363
Soil_16S_F7_R24	3,222	NA	1,500	46.6%	1500	1439	1415	1411	1231	1219
Soil_16S_F7_R3	34,205	NA	15,003	43.9%	15003	14359	14242	14204	12850	12253
Soil_16S_F7_R4	23,891	NA	8,282	34.7%	8282	7957	7899	7845	7069	6916
Soil_16S_F7_R5	31,323	NA	11,379	36.3%	11379	10966	10819	10808	9673	9558
Soil_16S_F7_R6	27,308	NA	15,142	55.4%	15142	14558	14397	14229	12773	12591
Soil_16S_F7_R7	11,028	NA	5,654	51.3%	5654	3783	3763	3736	3279	3240
Soil_16S_F7_R8	59,883	NA	15,173	25.3%	15173	14628	14459	14416	12961	12759
Soil_16S_F7_R9	32,804	NA	18,035	55.0%	18035	17410	17263	17201	15687	15514
Soil_16S_F8_R1	55,729	NA	24,707	44.3%	24707	23637	23466	23366	21651	21359
Soil_16S_F8_R10	25,911	NA	11,528	44.5%	11528	11004	10856	10810	9386	9291
Soil_16S_F8_R11	54,347	NA	14,286	26.3%	14286	13667	13568	13463	11877	11623
Soil_16S_F8_R12	30,722	NA	13,228	43.1%	13228	12633	12487	12391	11094	11001
Soil_16S_F8_R13	25,464	NA	9,462	37.2%	9462	9033	8898	8808	7643	7492
Soil_16S_F8_R14	28,400	NA	8,186	28.8%	8186	7808	7747	7707	7022	6970
Soil_16S_F8_R15	38,251	NA	15,781	41.3%	15781	15061	14863	14810	13180	13034
Soil_16S_F8_R16	38,919	NA	24,614	63.2%	24614	23553	23462	23405	22426	22333
Soil_16S_F8_R17	18,910	NA	2,861	15.1%	2861	2723	2696	2663	2355	2333
Soil_16S_F8_R18	19,791	NA	4,130	20.9%	4130	3957	3906	3864	3381	3347
Soil_16S_F8_R19	15,104	NA	2,786	18.4%	2786	2650	2610	2603	2294	2263
Soil_16S_F8_R2	54,019	NA	20,303	37.6%	20303	19377	19163	19057	17163	16800
Soil_16S_F8_R20	16,900	NA	2,823	16.7%	2823	2689	2662	2619	2307	2279
Soil_16S_F8_R21	4,476	NA	2,500	55.9%	2500	2360	2332	2307	2008	1977
Soil_16S_F8_R22	2,095	NA	1,624	77.5%	1624	1546	1534	1514	1327	1307
Soil_16S_F8_R23	4,451	NA	2,948	66.2%	2948	2830	2805	2785	2499	2467
Soil_16S_F8_R24	25,218	NA	2,385	9.5%	2385	2275	2263	2220	1977	1956
Soil_16S_F8_R3	28,274	NA	22,254	78.7%	22254	21287	21112	20999	19015	18839
Soil_16S_F8_R4	29,138	NA	16,163	55.5%	16163	15411	15183	15180	13819	13735
Soil_16S_F8_R5	45,010	NA	15,554	34.6%	15554	14823	14669	14582	13098	12874
Soil_16S_F8_R6	41,330	NA	20,914	50.6%	20914	19942	19709	19578	17465	17083
Soil_16S_F8_R7	61,440	NA	46,537	75.7%	46537	44435	43867	43681	39499	38631
Soil_16S_F8_R8	40,477	NA	20,821	51.4%	20821	17224	17164	17111	15136	14999
Soil_16S_F8_R9	23,184	NA	17,311	74.7%	17311	16523	16311	16188	14394	14032
Soil_16S_F9_R1	48,393	NA	24,646	50.9%	24646	23644	23398	23313	20739	20329
Soil_16S_F9_R10	43,739	NA	14,622	33.4%	14622	14027	13935	13864	12515	12371
Soil_16S_F9_R11	18,855	NA	16,896	89.6%	16896	16183	15969	15871	13848	13735
Soil_16S_F9_R12	66,317	NA	9,503	14.3%	9503	9090	8950	8855	7693	7570
Soil_16S_F9_R13	20,590	NA	15,311	74.4%	15311	14714	14457	14434	13012	12954
Soil_16S_F9_R14	20,555	NA	16,286	79.2%	16286	15577	15397	15303	13444	13205
Soil_16S_F9_R15	25,915	NA	21,578	83.3%	21578	20634	20427	20344	18509	17973
Soil_16S_F9_R16	8,404	NA	3,680	43.8%	3680	3515	3473	3446	3024	2994
Soil_16S_F9_R17	6,642	NA	2,800	42.2%	2800	2668	2655	2616	2322	2294
Soil_16S_F9_R18	8,484	NA	4,275	50.4%	4275	4094	4050	4013	3475	3432
Soil_16S_F9_R19	6,628	NA	2,800	42.2%	2800	2673	2641	2606	2254	2207
Soil_16S_F9_R2	44,823	NA	22,127	49.4%	22127	21182	20928	20727	18439	17930
Soil_16S_F9_R20	5,252	NA	2,838	54.0%	2838	2708	2676	2630	2316	2291
Soil_16S_F9_R21	4,526	NA	2,701	59.7%	2701	2585	2546	2535	2205	2178
Soil_16S_F9_R22	2,042	NA	1,647	80.7%	1647	1576	1558	1534	1326	1316
Soil_16S_F9_R23	4,501	NA	3,179	70.6%	3179	3025	2981	2943	2588	2551
Soil_16S_F9_R24	4,143	NA	2,472	59.7%	2472	2371	2336	2322	2077	2054
Soil_16S_F9_R3	42,079	NA	15,851	37.7%	15851	15184	15020	14896	13401	13272
Soil_16S_F9_R4	25,077	NA	11,968	47.7%	11968	11466	11300	11242	9867	9656
Soil_16S_F9_R5	41,313	NA	22,797	55.2%	22797	21857	21593	21496	18987	18597
Soil_16S_F9_R6	40,195	NA	23,396	58.2%	23396	22475	22224	22107	19532	19174
Soil_16S_F9_R7	32,272	NA	14,682	45.5%	14682	14022	13801	13673	12169	12060
Soil_16S_F9_R8	21,504	NA	5,611	26.1%	5611	5386	5318	5241	4613	4566
Soil_16S_F9_R9	36,492	NA	18,464	50.6%	18464	16165	16110	16022	14526	14284
Stem_16S_F1_R1	25,921	NA	12,797	49.4%	12797	9853	9848	9842	9404	9394
Stem_16S_F1_R10	68,671	NA	47,878	69.7%	47878	45429	45375	45173	44737	44454
Stem_16S_F1_R11	18,900	NA	1,224	6.5%	1224	1139	1137	1129	1083	1078
Stem_16S_F1_R12	50,965	NA	23,656	46.4%	23656	22230	22215	22199	21915	21888
Stem_16S_F1_R13	76,177	NA	42,076	55.2%	42076	39343	39336	39314	38775	38763
Stem_16S_F1_R14	63,981	NA	28,834	45.1%	28834	27071	27046	27026	26493	26461
Stem_16S_F1_R15	45,591	NA	27,245	59.8%	27245	25279	25231	25218	24637	24611
Stem_16S_F1_R16	33,862	NA	18,892	55.8%	18892	17741	17737	17718	17380	17363
Stem_16S_F1_R17	17,910	NA	1,409	7.9%	1409	1305	1305	1297	1255	1248
Stem_16S_F1_R18	28,324	NA	3,159	11.2%	3159	2938	2937	2927	2836	2808
Stem_16S_F1_R19	35,502	NA	2,395	6.7%	2395	2218	2212	2205	2116	2105
Stem_16S_F1_R2	56,143	NA	33,590	59.8%	33590	31684	31620	31567	30932	30874
Stem_16S_F1_R20	3,439	NA	1,924	55.9%	1924	1772	1768	1765	1694	1681
Stem_16S_F1_R21	28,571	NA	1,858	6.5%	1858	1709	1705	1702	1640	1618
Stem_16S_F1_R22	12,832	NA	886	6.9%	886	827	825	824	795	791
Stem_16S_F1_R23	3,484	NA	1,835	52.7%	1835	1705	1704	1698	1646	1628
Stem_16S_F1_R24	4,032	NA	2,420	60.0%	2420	2264	2260	2259	2168	2147
Stem_16S_F1_R3	41,655	NA	19,028	45.7%	19028	17846	17841	17812	17504	17484
Stem_16S_F1_R4	24,824	NA	11,472	46.2%	11472	10745	10741	10729	10473	10464
Stem_16S_F1_R5	43,578	NA	26,099	59.9%	26099	24578	24568	24522	24139	24109
Stem_16S_F1_R6	51,285	NA	27,667	53.9%	27667	25891	25880	25839	25332	25290
Stem_16S_F1_R7	49,487	NA	47,665	96.3%	47665	44757	44740	44681	43938	43898
Stem_16S_F1_R8	33,245	NA	14,877	44.7%	14877	13966	13952	13929	13685	13674
Stem_16S_F1_R9	51,046	NA	30,306	59.4%	30306	28454	28437	28405	27905	27875
Stem_16S_F10_R1	66,232	NA	21,630	32.7%	21630	20177	20152	20126	19667	19648
Stem_16S_F10_R10	11,936	NA	6,028	50.5%	6028	2257	2250	2253	2097	2091
Stem_16S_F10_R11	38,783	NA	17,323	44.7%	17323	16186	16161	16117	15722	15709
Stem_16S_F10_R12	13,067	NA	1,200	9.2%	1200	1103	1100	1087	1039	1036
Stem_16S_F10_R13	16,340	NA	14,730	90.1%	14730	13785	13738	13715	13305	13278
Stem_16S_F10_R14	25,192	NA	22,541	89.5%	22541	20917	20897	20890	20466	20433
Stem_16S_F10_R15	3,003	NA	801	26.7%	801	737	734	730	700	699
Stem_16S_F10_R16	23,703	NA	21,907	92.4%	21907	20568	20323	20247	19241	19185
Stem_16S_F10_R17	2,202	NA	893	40.6%	893	821	819	813	765	764
Stem_16S_F10_R18	4,128	NA	1,814	43.9%	1814	1688	1678	1671	1579	1579
Stem_16S_F10_R19	3,379	NA	1,324	39.2%	1324	1210	1208	1208	1158	1157
Stem_16S_F10_R2	63,473	NA	25,673	40.4%	25673	23962	23948	23901	23387	23362
Stem_16S_F10_R20	1,932	NA	1,199	62.1%	1199	1093	1088	1080	1035	1034
Stem_16S_F10_R21	3,091	NA	1,172	37.9%	1172	1077	1073	1066	1028	1024
Stem_16S_F10_R22	1,000	NA	517	51.7%	517	472	471	466	447	447
Stem_16S_F10_R23	2,082	NA	1,002	48.1%	1002	942	939	935	895	895
Stem_16S_F10_R24	2,111	NA	1,382	65.5%	1382	1273	1269	1263	1199	1196
Stem_16S_F10_R3	36,240	NA	1,510	4.2%	1510	1380	1378	1368	1317	1315
Stem_16S_F10_R4	14,095	NA	13,175	93.5%	13175	12155	12109	12093	11709	11693
Stem_16S_F10_R5	26,872	NA	1,188	4.4%	1188	1116	1112	1112	1066	1064
Stem_16S_F10_R6	47,758	NA	16,215	34.0%	16215	15165	15147	15107	14813	14793
Stem_16S_F10_R7	35,462	NA	20,151	56.8%	20151	18783	18767	18721	18279	18259
Stem_16S_F10_R8	40,814	NA	18,457	45.2%	18457	17235	17187	17171	16731	16715
Stem_16S_F10_R9	48,859	NA	20,785	42.5%	20785	19186	19169	19145	18751	18739
Stem_16S_F11_R1	19,881	NA	18,591	93.5%	18591	17306	17223	17214	16684	16667
Stem_16S_F11_R10	40,691	NA	23,777	58.4%	23777	22289	22271	22244	21763	21734
Stem_16S_F11_R11	2,768	NA	1,680	60.7%	1680	77	77	76	74	74
Stem_16S_F11_R12	39,576	NA	18,488	46.7%	18488	17353	17343	17317	16955	16942
Stem_16S_F11_R13	3,141	NA	1,898	60.4%	1898	1766	1762	1756	1697	1697
Stem_16S_F11_R14	20,428	NA	18,547	90.8%	18547	17276	17253	17229	16815	16804
Stem_16S_F11_R15	20,254	NA	18,472	91.2%	18472	17293	17277	17281	16916	16893
Stem_16S_F11_R16	24,536	NA	22,915	93.4%	22915	21329	21304	21294	20836	20811
Stem_16S_F11_R17	2,111	NA	1,177	55.8%	1177	1102	1102	1099	1068	1065
Stem_16S_F11_R18	4,259	NA	2,542	59.7%	2542	2368	2363	2355	2285	2281
Stem_16S_F11_R19	3,293	NA	1,859	56.5%	1859	1714	1705	1699	1648	1646
Stem_16S_F11_R2	45,530	NA	23,906	52.5%	23906	22278	22219	22179	21644	21617
Stem_16S_F11_R20	2,073	NA	1,583	76.4%	1583	1480	1476	1468	1421	1416
Stem_16S_F11_R21	2,720	NA	1,470	54.0%	1470	1368	1364	1359	1314	1311
Stem_16S_F11_R22	1,029	NA	715	69.5%	715	661	661	658	643	642
Stem_16S_F11_R23	2,188	NA	1,423	65.0%	1423	1329	1326	1316	1276	1274
Stem_16S_F11_R24	2,247	NA	1,772	78.9%	1772	1661	1654	1647	1577	1574
Stem_16S_F11_R3	42,340	NA	18,063	42.7%	18063	16950	16936	16899	16528	16503
Stem_16S_F11_R4	27,546	NA	13,179	47.8%	13179	12362	12351	12323	12038	12013
Stem_16S_F11_R5	31,810	NA	11,833	37.2%	11833	11042	11029	11026	10757	10745
Stem_16S_F11_R6	39,395	NA	21,271	54.0%	21271	20075	19932	19901	19091	19066
Stem_16S_F11_R7	46,270	NA	32,200	69.6%	32200	30076	30045	30012	29414	29377
Stem_16S_F11_R8	26,062	NA	15,047	57.7%	15047	14239	14236	14220	14050	14028
Stem_16S_F11_R9	49,306	NA	29,528	59.9%	29528	27733	27704	27651	27089	27068
Stem_16S_F12_R1	50,966	NA	28,449	55.8%	28449	26772	26713	26692	26160	26136
Stem_16S_F12_R10	14,011	NA	13,126	93.7%	13126	12288	12286	12269	12056	12046
Stem_16S_F12_R11	40,213	NA	22,420	55.8%	22420	21094	21079	21061	20659	20646
Stem_16S_F12_R12	10,830	NA	4,991	46.1%	4991	1876	1876	1872	1782	1782
Stem_16S_F12_R13	19,003	NA	17,482	92.0%	17482	16356	16337	16319	15951	15944
Stem_16S_F12_R14	79,492	NA	76,819	96.6%	76819	72169	72121	72029	70606	70540
Stem_16S_F12_R15	20,856	NA	18,621	89.3%	18621	17381	17342	17350	16987	16972
Stem_16S_F12_R16	3,338	NA	1,599	47.9%	1599	1468	1464	1459	1392	1389
Stem_16S_F12_R17	3,030	NA	1,681	55.5%	1681	1554	1551	1547	1498	1497
Stem_16S_F12_R18	5,719	NA	3,517	61.5%	3517	3237	3233	3219	3092	3086
Stem_16S_F12_R19	4,573	NA	2,575	56.3%	2575	2363	2357	2351	2280	2276
Stem_16S_F12_R2	58,217	NA	24,344	41.8%	24344	22596	22586	22561	22157	22148
Stem_16S_F12_R20	3,038	NA	2,214	72.9%	2214	2052	2047	2044	1972	1971
Stem_16S_F12_R21	3,808	NA	2,083	54.7%	2083	1907	1905	1903	1848	1845
Stem_16S_F12_R22	1,386	NA	966	69.7%	966	891	890	889	854	850
Stem_16S_F12_R23	3,372	NA	2,277	67.5%	2277	2129	2128	2114	2046	2040
Stem_16S_F12_R24	3,179	NA	2,474	77.8%	2474	2298	2297	2285	2216	2209
Stem_16S_F12_R3	75,831	NA	27,763	36.6%	27763	25848	25783	25767	25212	25184
Stem_16S_F12_R4	39,459	NA	22,054	55.9%	22054	20688	20623	20640	20115	20092
Stem_16S_F12_R5	54,170	NA	30,363	56.1%	30363	28346	28325	28284	27801	27780
Stem_16S_F12_R6	55,557	NA	32,998	59.4%	32998	30885	30865	30832	30270	30246
Stem_16S_F12_R7	40,547	NA	22,187	54.7%	22187	20512	20496	20469	20022	20007
Stem_16S_F12_R8	42,778	NA	27,277	63.8%	27277	25512	25469	25412	24879	24868
Stem_16S_F12_R9	72,272	NA	44,764	61.9%	44764	41606	41558	41562	40766	40723
Stem_16S_F13_R1	76,365	NA	35,997	47.1%	35997	33826	33733	33718	32868	32828
Stem_16S_F13_R10	15,960	NA	1,686	10.6%	1686	1590	1587	1587	1526	1518
Stem_16S_F13_R11	2,851	NA	1,005	35.3%	1005	944	941	942	909	901
Stem_16S_F13_R12	18,222	NA	1,630	8.9%	1630	1521	1516	1512	1451	1434
Stem_16S_F13_R13	824	NA	346	42.0%	346	228	228	227	218	215
Stem_16S_F13_R14	3,191	NA	1,624	50.9%	1624	1504	1501	1496	1420	1413
Stem_16S_F13_R15	2,707	NA	1,245	46.0%	1245	1153	1152	1148	1100	1097
Stem_16S_F13_R16	2,413	NA	1,324	54.9%	1324	1221	1216	1213	1148	1145
Stem_16S_F13_R17	28,142	NA	27,337	97.1%	27337	25387	25383	25337	24843	24827
Stem_16S_F13_R18	19,128	NA	17,748	92.8%	17748	16752	16746	16724	16439	16419
Stem_16S_F13_R19	3,491	NA	2,273	65.1%	2273	2124	2123	2120	2048	2036
Stem_16S_F13_R2	30,028	NA	20,402	67.9%	20402	19183	19179	19147	18833	18810
Stem_16S_F13_R20	15,656	NA	15,210	97.2%	15210	14272	14268	14252	14000	13984
Stem_16S_F13_R21	39,202	NA	38,091	97.2%	38091	36404	36395	36400	36254	36164
Stem_16S_F13_R22	11,592	NA	11,316	97.6%	11316	10680	10679	10669	10464	10455
Stem_16S_F13_R23	22,499	NA	21,864	97.2%	21864	20631	20628	20605	20201	20172
Stem_16S_F13_R24	34,071	NA	33,623	98.7%	33623	31656	31629	31573	30938	30917
Stem_16S_F13_R3	51,544	NA	28,111	54.5%	28111	26641	26585	26560	25977	25961
Stem_16S_F13_R4	22,683	NA	22,052	97.2%	22052	20221	20196	20155	19692	19677
Stem_16S_F13_R5	34,909	NA	18,077	51.8%	18077	16629	16604	16599	16226	16211
Stem_16S_F13_R6	43,328	NA	27,283	63.0%	27283	25765	25745	25720	25127	25095
Stem_16S_F13_R7	42,205	NA	31,223	74.0%	31223	29299	29272	29242	28590	28570
Stem_16S_F13_R8	50,484	NA	34,013	67.4%	34013	32461	32357	32253	31394	31374
Stem_16S_F13_R9	2,644	NA	1,598	60.4%	1598	1480	1476	1465	1409	1402
Stem_16S_F14_R1	63,928	NA	36,719	57.4%	36719	34642	34577	34527	33504	33450
Stem_16S_F14_R10	24,590	NA	3,008	12.2%	3008	2773	2770	2756	2667	2644
Stem_16S_F14_R11	19,216	NA	2,021	10.5%	2021	1861	1856	1857	1782	1762
Stem_16S_F14_R12	74,724	NA	3,124	4.2%	3124	2915	2909	2906	2818	2792
Stem_16S_F14_R13	3,465	NA	1,653	47.7%	1653	1542	1541	1537	1495	1493
Stem_16S_F14_R14	2,691	NA	1,063	39.5%	1063	464	464	462	426	422
Stem_16S_F14_R15	5,022	NA	2,418	48.1%	2418	2258	2250	2240	2160	2148
Stem_16S_F14_R16	4,373	NA	2,387	54.6%	2387	2200	2194	2189	2108	2092
Stem_16S_F14_R17	31,533	NA	29,822	94.6%	29822	27832	27784	27731	27044	27006
Stem_16S_F14_R18	56,826	NA	54,201	95.4%	54201	50420	50336	50279	48876	48768
Stem_16S_F14_R19	50,617	NA	48,341	95.5%	48341	45143	45032	44993	43952	43888
Stem_16S_F14_R2	62,609	NA	48,664	77.7%	48664	45411	45398	45318	44225	44187
Stem_16S_F14_R20	53,412	NA	52,606	98.5%	52606	49353	49295	49257	48365	48304
Stem_16S_F14_R21	38,850	NA	36,736	94.6%	36736	34216	34193	34158	33502	33465
Stem_16S_F14_R22	21,002	NA	20,475	97.5%	20475	19043	19014	19012	18578	18567
Stem_16S_F14_R23	49,759	NA	48,349	97.2%	48349	45422	45400	45374	44535	44498
Stem_16S_F14_R24	42,753	NA	41,886	98.0%	41886	38873	38849	38788	37879	37830
Stem_16S_F14_R3	77,922	NA	41,625	53.4%	41625	38831	38807	38762	37924	37878
Stem_16S_F14_R4	35,594	NA	22,308	62.7%	22308	20444	20434	20416	19968	19935
Stem_16S_F14_R5	55,384	NA	41,209	74.4%	41209	38798	38786	38763	38182	38128
Stem_16S_F14_R6	102,142	NA	76,449	74.8%	76449	72904	72874	72787	72411	72216
Stem_16S_F14_R7	116,548	NA	102,162	87.7%	102162	95885	95815	95612	93625	93548
Stem_16S_F14_R8	57,459	NA	31,186	54.3%	31186	29339	29330	29291	28730	28698
Stem_16S_F14_R9	30,195	NA	3,106	10.3%	3106	2897	2894	2876	2784	2756
Stem_16S_F15_R1	44,990	NA	19,064	42.4%	19064	17906	17897	17852	17534	17521
Stem_16S_F15_R10	2,991	NA	2,285	76.4%	2285	2112	2108	2097	2023	2023
Stem_16S_F15_R11	19,387	NA	1,497	7.7%	1497	1395	1391	1383	1342	1341
Stem_16S_F15_R12	20,457	NA	2,248	11.0%	2248	2101	2095	2093	2021	2018
Stem_16S_F15_R13	2,572	NA	1,284	49.9%	1284	1196	1194	1188	1163	1162
Stem_16S_F15_R14	4,805	NA	2,591	53.9%	2591	2405	2396	2397	2314	2311
Stem_16S_F15_R15	2,550	NA	1,168	45.8%	1168	731	729	725	693	693
Stem_16S_F15_R16	3,402	NA	1,963	57.7%	1963	1852	1845	1847	1785	1783
Stem_16S_F15_R17	32,598	NA	31,436	96.4%	31436	29435	29423	29406	29007	28962
Stem_16S_F15_R18	49,294	NA	47,299	96.0%	47299	44272	44236	44200	43489	43433
Stem_16S_F15_R19	42,379	NA	40,576	95.7%	40576	38018	37936	37890	37037	37005
Stem_16S_F15_R2	69,981	NA	38,105	54.5%	38105	35720	35700	35675	34863	34850
Stem_16S_F15_R20	47,299	NA	46,649	98.6%	46649	44096	43878	43835	42529	42441
Stem_16S_F15_R21	31,936	NA	30,483	95.5%	30483	28642	28583	28573	28094	28084
Stem_16S_F15_R22	22,773	NA	22,366	98.2%	22366	21043	21025	20978	20564	20558
Stem_16S_F15_R23	3,778	NA	2,791	73.9%	2791	2600	2595	2589	2506	2505
Stem_16S_F15_R24	32,135	NA	31,474	97.9%	31474	29585	29573	29504	28968	28960
Stem_16S_F15_R3	66,020	NA	30,139	45.7%	30139	28319	28308	28273	27720	27711
Stem_16S_F15_R4	30,942	NA	20,908	67.6%	20908	19402	19394	19376	19001	18983
Stem_16S_F15_R5	31,140	NA	29,966	96.2%	29966	28173	28128	28128	27549	27536
Stem_16S_F15_R6	50,399	NA	24,575	48.8%	24575	22862	22848	22811	22325	22310
Stem_16S_F15_R7	102,915	NA	87,610	85.1%	87610	82138	82111	81965	80469	80453
Stem_16S_F15_R8	62,413	NA	27,580	44.2%	27580	25926	25911	25888	25461	25455
Stem_16S_F15_R9	27,875	NA	2,321	8.3%	2321	2156	2152	2149	2078	2075
Stem_16S_F16_R1	34,124	NA	16,422	48.1%	16422	15015	15013	14984	14627	14616
Stem_16S_F16_R10	22,941	NA	2,689	11.7%	2689	2464	2461	2456	2394	2388
Stem_16S_F16_R11	23,917	NA	1,750	7.3%	1750	1612	1612	1605	1539	1539
Stem_16S_F16_R12	4,402	NA	2,510	57.0%	2510	2322	2322	2311	2238	2237
Stem_16S_F16_R13	3,044	NA	1,347	44.3%	1347	1233	1230	1231	1198	1194
Stem_16S_F16_R14	5,505	NA	2,761	50.2%	2761	2513	2511	2508	2424	2423
Stem_16S_F16_R15	4,503	NA	1,967	43.7%	1967	1815	1815	1813	1764	1760
Stem_16S_F16_R16	1,704	NA	770	45.2%	770	429	428	429	393	392
Stem_16S_F16_R17	26,886	NA	25,425	94.6%	25425	23789	23772	23720	23124	23110
Stem_16S_F16_R18	60,184	NA	57,796	96.0%	57796	54189	54164	54119	53098	53063
Stem_16S_F16_R19	57,031	NA	54,847	96.2%	54847	51351	51315	51281	50288	50199
Stem_16S_F16_R2	118,037	NA	30,534	25.9%	30534	28132	28122	28028	27466	27442
Stem_16S_F16_R20	52,457	NA	51,573	98.3%	51573	48215	48200	48142	47337	47305
Stem_16S_F16_R21	43,976	NA	42,072	95.7%	42072	39388	39355	39341	38691	38649
Stem_16S_F16_R22	20,457	NA	20,002	97.8%	20002	18557	18551	18529	18243	18213
Stem_16S_F16_R23	41,352	NA	40,166	97.1%	40166	37537	37522	37502	36874	36857
Stem_16S_F16_R24	101,374	NA	100,370	99.0%	100370	93002	92990	92859	91363	91315
Stem_16S_F16_R3	32,764	NA	4,350	13.3%	4350	4062	4060	4054	3955	3946
Stem_16S_F16_R4	48,752	NA	34,519	70.8%	34519	31964	31930	31908	31116	31084
Stem_16S_F16_R5	39,292	NA	18,194	46.3%	18194	16768	16757	16709	16296	16281
Stem_16S_F16_R6	58,923	NA	31,701	53.8%	31701	29561	29533	29497	28740	28718
Stem_16S_F16_R7	62,669	NA	44,794	71.5%	44794	41887	41869	41826	40967	40961
Stem_16S_F16_R8	76,154	NA	52,174	68.5%	52174	49102	49091	48994	48138	48100
Stem_16S_F16_R9	24,889	NA	2,653	10.7%	2653	2434	2432	2424	2347	2341
Stem_16S_F17_R1	19,972	NA	18,267	91.5%	18267	16894	16870	16867	16539	16528
Stem_16S_F17_R10	2,643	NA	1,807	68.4%	1807	1686	1685	1675	1612	1610
Stem_16S_F17_R11	2,314	NA	1,275	55.1%	1275	1193	1192	1187	1143	1140
Stem_16S_F17_R12	3,469	NA	1,818	52.4%	1818	1690	1684	1681	1595	1591
Stem_16S_F17_R13	27,037	NA	953	3.5%	953	889	885	885	858	855
Stem_16S_F17_R14	30,640	NA	1,996	6.5%	1996	1855	1852	1843	1779	1775
Stem_16S_F17_R15	32,011	NA	1,398	4.4%	1398	1309	1301	1296	1246	1245
Stem_16S_F17_R16	24,630	NA	1,393	5.7%	1393	1305	1298	1298	1234	1234
Stem_16S_F17_R17	3,073	NA	1,609	52.4%	1609	1344	1344	1338	1289	1289
Stem_16S_F17_R18	67,741	NA	30,836	45.5%	30836	29100	29091	29066	28565	28555
Stem_16S_F17_R19	61,126	NA	37,626	61.6%	37626	35440	35299	35276	34320	34290
Stem_16S_F17_R2	31,286	NA	29,693	94.9%	29693	28029	28007	27962	27339	27337
Stem_16S_F17_R20	37,654	NA	36,941	98.1%	36941	34717	34689	34668	34044	34033
Stem_16S_F17_R21	58,640	NA	34,494	58.8%	34494	32446	32424	32398	31839	31833
Stem_16S_F17_R22	24,936	NA	10,207	40.9%	10207	9483	9468	9455	9279	9276
Stem_16S_F17_R23	58,448	NA	26,348	45.1%	26348	24851	24844	24820	24375	24372
Stem_16S_F17_R24	49,916	NA	30,748	61.6%	30748	28925	28865	28846	28159	28136
Stem_16S_F17_R3	4,838	NA	2,572	53.2%	2572	2415	2414	2402	2309	2309
Stem_16S_F17_R4	32,360	NA	31,443	97.2%	31443	29444	29441	29404	28896	28894
Stem_16S_F17_R5	3,427	NA	2,233	65.2%	2233	2070	2068	2062	1972	1972
Stem_16S_F17_R6	29,173	NA	27,796	95.3%	27796	26313	26269	26210	25652	25632
Stem_16S_F17_R7	44,007	NA	42,887	97.5%	42887	40307	40294	40247	39507	39500
Stem_16S_F17_R8	76,826	NA	75,499	98.3%	75499	70732	70658	70615	69385	69353
Stem_16S_F17_R9	3,563	NA	2,020	56.7%	2020	1880	1874	1873	1820	1820
Stem_16S_F18_R1	27,287	NA	24,531	89.9%	24531	23136	23113	23114	22659	22651
Stem_16S_F18_R10	3,499	NA	2,117	60.5%	2117	1974	1970	1963	1896	1895
Stem_16S_F18_R11	3,199	NA	1,371	42.9%	1371	1295	1293	1292	1253	1248
Stem_16S_F18_R12	4,887	NA	2,103	43.0%	2103	1962	1960	1952	1879	1876
Stem_16S_F18_R13	16,980	NA	1,077	6.3%	1077	1010	1009	1004	986	982
Stem_16S_F18_R14	50,555	NA	2,286	4.5%	2286	2135	2133	2127	2056	2053
Stem_16S_F18_R15	44,544	NA	1,600	3.6%	1600	1486	1482	1482	1429	1427
Stem_16S_F18_R16	52,474	NA	1,833	3.5%	1833	1717	1716	1703	1644	1643
Stem_16S_F18_R17	64,418	NA	37,312	57.9%	37312	34811	34803	34687	34174	34168
Stem_16S_F18_R18	57,420	NA	27,473	47.8%	27473	19581	19559	19538	18804	18791
Stem_16S_F18_R19	87,223	NA	50,927	58.4%	50927	47844	47823	47760	46947	46931
Stem_16S_F18_R2	43,902	NA	41,375	94.2%	41375	38588	38566	38534	37696	37678
Stem_16S_F18_R20	83,377	NA	47,513	57.0%	47513	44724	44652	44678	43866	43846
Stem_16S_F18_R21	37,603	NA	2,728	7.3%	2728	2561	2559	2548	2484	2483
Stem_16S_F18_R22	29,710	NA	17,293	58.2%	17293	16353	16307	16295	15934	15930
Stem_16S_F18_R23	68,131	NA	42,493	62.4%	42493	39977	39951	39912	39242	39221
Stem_16S_F18_R24	72,534	NA	40,608	56.0%	40608	38448	38397	38325	37485	37453
Stem_16S_F18_R3	29,693	NA	26,049	87.7%	26049	24532	24526	24481	23846	23837
Stem_16S_F18_R4	28,279	NA	26,770	94.7%	26770	25271	25253	25222	24630	24618
Stem_16S_F18_R5	22,316	NA	20,275	90.9%	20275	19150	19113	19063	18704	18692
Stem_16S_F18_R6	27,625	NA	25,375	91.9%	25375	23973	23959	23896	23349	23336
Stem_16S_F18_R7	20,944	NA	19,204	91.7%	19204	17755	17733	17698	17177	17170
Stem_16S_F18_R8	26,928	NA	24,807	92.1%	24807	23167	23159	23120	22627	22622
Stem_16S_F18_R9	4,767	NA	2,220	46.6%	2220	2066	2062	2052	1996	1992
Stem_16S_F19_R1	34,373	NA	32,132	93.5%	32132	30240	30053	30051	29091	29076
Stem_16S_F19_R10	3,133	NA	1,940	61.9%	1940	1792	1787	1781	1704	1702
Stem_16S_F19_R11	2,805	NA	1,393	49.7%	1393	1281	1279	1276	1226	1226
Stem_16S_F19_R12	4,280	NA	1,898	44.3%	1898	1764	1760	1752	1685	1685
Stem_16S_F19_R13	3,184	NA	1,065	33.4%	1065	993	992	989	951	949
Stem_16S_F19_R14	45,263	NA	1,967	4.3%	1967	1824	1818	1813	1755	1752
Stem_16S_F19_R15	37,471	NA	1,418	3.8%	1418	1304	1302	1299	1255	1255
Stem_16S_F19_R16	49,436	NA	1,432	2.9%	1432	1333	1333	1319	1271	1265
Stem_16S_F19_R17	55,722	NA	22,966	41.2%	22966	21299	21163	21200	20568	20559
Stem_16S_F19_R18	85,062	NA	37,517	44.1%	37517	35024	34992	34951	34259	34223
Stem_16S_F19_R19	38,423	NA	19,056	49.6%	19056	16612	16571	16537	15608	15586
Stem_16S_F19_R2	22,765	NA	20,732	91.1%	20732	18973	18956	18918	18293	18268
Stem_16S_F19_R20	101,016	NA	69,739	69.0%	69739	65338	65326	65271	64504	64472
Stem_16S_F19_R21	56,352	NA	33,422	59.3%	33422	31165	31144	31123	30617	30592
Stem_16S_F19_R22	26,574	NA	11,867	44.7%	11867	11115	11110	11098	10812	10811
Stem_16S_F19_R23	53,791	NA	29,633	55.1%	29633	27773	27765	27735	27261	27251
Stem_16S_F19_R24	27,954	NA	2,962	10.6%	2962	2767	2756	2764	2654	2649
Stem_16S_F19_R3	25,777	NA	22,654	87.9%	22654	21209	21196	21167	20752	20741
Stem_16S_F19_R4	17,463	NA	16,247	93.0%	16247	15192	15183	15170	14794	14783
Stem_16S_F19_R5	21,798	NA	20,138	92.4%	20138	18915	18904	18859	18305	18299
Stem_16S_F19_R6	59,058	NA	57,142	96.8%	57142	53507	53424	53432	52386	52363
Stem_16S_F19_R7	51,884	NA	50,386	97.1%	50386	46399	46324	46296	45051	44989
Stem_16S_F19_R8	17,075	NA	15,436	90.4%	15436	14395	14382	14341	14053	14044
Stem_16S_F19_R9	3,827	NA	1,863	48.7%	1863	1736	1735	1721	1667	1663
Stem_16S_F2_R1	56,659	NA	24,097	42.5%	24097	22559	22513	22477	21947	21828
Stem_16S_F2_R10	66,324	NA	41,668	62.8%	41668	38910	38771	38715	37726	37614
Stem_16S_F2_R11	45,416	NA	22,957	50.5%	22957	21150	21003	20952	20163	20109
Stem_16S_F2_R12	58,232	NA	35,206	60.5%	35206	32935	32905	32847	32105	32007
Stem_16S_F2_R13	29,029	NA	9,992	34.4%	9992	9356	9349	9341	9133	9102
Stem_16S_F2_R14	60,253	NA	14,975	24.9%	14975	14155	14018	14080	13641	13580
Stem_16S_F2_R15	68,700	NA	33,062	48.1%	33062	30813	30750	30721	29959	29903
Stem_16S_F2_R16	120,266	NA	92,368	76.8%	92368	88089	88056	88022	87677	87517
Stem_16S_F2_R17	28,526	NA	1,709	6.0%	1709	1584	1580	1576	1524	1469
Stem_16S_F2_R18	43,915	NA	3,534	8.0%	3534	3283	3269	3269	3151	3035
Stem_16S_F2_R19	22,872	NA	2,387	10.4%	2387	2219	2217	2216	2139	2075
Stem_16S_F2_R2	11,959	NA	5,359	44.8%	5359	1041	1041	1038	978	961
Stem_16S_F2_R20	21,921	NA	2,111	9.6%	2111	1977	1973	1964	1875	1816
Stem_16S_F2_R21	34,451	NA	2,044	5.9%	2044	1903	1896	1894	1822	1749
Stem_16S_F2_R22	1,984	NA	992	50.0%	992	915	913	912	867	846
Stem_16S_F2_R23	3,918	NA	1,849	47.2%	1849	1711	1709	1701	1642	1575
Stem_16S_F2_R24	3,958	NA	2,615	66.1%	2615	2436	2432	2426	2352	2284
Stem_16S_F2_R3	75,563	NA	50,170	66.4%	50170	47212	47188	47100	46402	46267
Stem_16S_F2_R4	26,119	NA	12,505	47.9%	12505	11736	11701	11702	11431	11356
Stem_16S_F2_R5	75,103	NA	55,546	74.0%	55546	51999	51964	51898	51184	51086
Stem_16S_F2_R6	63,824	NA	38,865	60.9%	38865	36445	36437	36393	35670	35523
Stem_16S_F2_R7	41,428	NA	39,289	94.8%	39289	36921	36915	36875	36260	36090
Stem_16S_F2_R8	31,052	NA	4,535	14.6%	4535	4271	4263	4258	4167	4101
Stem_16S_F2_R9	33,698	NA	5,436	16.1%	5436	5124	5114	5115	5029	4956
Stem_16S_F20_R1	5,409	NA	2,423	44.8%	2423	2293	2289	2283	2226	2212
Stem_16S_F20_R10	2,796	NA	1,394	49.9%	1394	1304	1302	1300	1246	1228
Stem_16S_F20_R11	2,666	NA	858	32.2%	858	790	786	785	759	753
Stem_16S_F20_R12	4,327	NA	1,449	33.5%	1449	1362	1359	1352	1309	1294
Stem_16S_F20_R13	16,130	NA	680	4.2%	680	634	634	628	611	603
Stem_16S_F20_R14	52,155	NA	1,339	2.6%	1339	1248	1247	1237	1184	1173
Stem_16S_F20_R15	47,742	NA	1,032	2.2%	1032	968	968	959	924	909
Stem_16S_F20_R16	50,093	NA	1,066	2.1%	1066	995	992	991	955	946
Stem_16S_F20_R17	35,518	NA	1,017	2.9%	1017	922	922	919	894	889
Stem_16S_F20_R18	89,120	NA	41,552	46.6%	41552	39357	39333	39300	38680	38640
Stem_16S_F20_R19	106,760	NA	36,813	34.5%	36813	34733	34714	34692	34110	34075
Stem_16S_F20_R2	25,226	NA	22,634	89.7%	22634	21411	21396	21385	20961	20931
Stem_16S_F20_R20	51,649	NA	26,220	50.8%	26220	23182	23176	23128	22378	22358
Stem_16S_F20_R21	49,801	NA	32,521	65.3%	32521	30591	30567	30539	30020	29994
Stem_16S_F20_R22	15,009	NA	826	5.5%	826	778	778	776	757	740
Stem_16S_F20_R23	27,605	NA	1,593	5.8%	1593	1497	1496	1496	1464	1433
Stem_16S_F20_R24	87,602	NA	54,442	62.1%	54442	52270	52263	52255	52100	51902
Stem_16S_F20_R3	22,982	NA	19,039	82.8%	19039	18061	18055	18045	17707	17683
Stem_16S_F20_R4	15,716	NA	14,120	89.8%	14120	13300	13296	13268	13052	13028
Stem_16S_F20_R5	18,168	NA	16,121	88.7%	16121	15065	15012	15029	14653	14631
Stem_16S_F20_R6	20,314	NA	17,939	88.3%	17939	16949	16945	16925	16571	16544
Stem_16S_F20_R7	17,660	NA	15,865	89.8%	15865	15181	15152	15101	14816	14736
Stem_16S_F20_R8	16,402	NA	14,348	87.5%	14348	13569	13565	13540	13233	13205
Stem_16S_F20_R9	3,912	NA	1,319	33.7%	1319	1251	1249	1244	1221	1206
Stem_16S_F21_R1	27,821	NA	25,842	92.9%	25842	24573	24549	24491	24002	23976
Stem_16S_F21_R10	2,518	NA	1,597	63.4%	1597	1515	1507	1503	1462	1460
Stem_16S_F21_R11	2,415	NA	1,199	49.6%	1199	1124	1117	1117	1058	1056
Stem_16S_F21_R12	3,504	NA	1,711	48.8%	1711	1599	1595	1590	1535	1532
Stem_16S_F21_R13	35,337	NA	854	2.4%	854	789	787	784	760	760
Stem_16S_F21_R14	33,877	NA	1,772	5.2%	1772	1655	1651	1645	1587	1586
Stem_16S_F21_R15	28,670	NA	1,288	4.5%	1288	1202	1197	1195	1163	1160
Stem_16S_F21_R16	37,803	NA	1,299	3.4%	1299	1211	1209	1202	1150	1149
Stem_16S_F21_R17	53,833	NA	24,072	44.7%	24072	22203	22184	22153	21634	21610
Stem_16S_F21_R18	39,154	NA	36,408	93.0%	36408	34476	34442	34436	33727	33700
Stem_16S_F21_R19	55,999	NA	24,630	44.0%	24630	22877	22859	22842	22420	22411
Stem_16S_F21_R2	34,140	NA	32,374	94.8%	32374	30160	30135	30114	29482	29462
Stem_16S_F21_R20	43,688	NA	16,240	37.2%	16240	15546	15487	15497	15147	15141
Stem_16S_F21_R21	30,603	NA	16,020	52.3%	16020	13110	13048	13039	12304	12282
Stem_16S_F21_R22	29,573	NA	15,455	52.3%	15455	14616	14573	14573	14270	14265
Stem_16S_F21_R23	50,453	NA	31,940	63.3%	31940	30261	30233	30186	29572	29562
Stem_16S_F21_R24	30,287	NA	29,424	97.2%	29424	27682	27667	27639	27231	27190
Stem_16S_F21_R3	22,874	NA	20,321	88.8%	20321	19227	19219	19161	18778	18766
Stem_16S_F21_R4	19,398	NA	18,396	94.8%	18396	17456	17448	17429	17078	17070
Stem_16S_F21_R5	15,856	NA	14,424	91.0%	14424	13679	13675	13658	13430	13414
Stem_16S_F21_R6	25,307	NA	23,696	93.6%	23696	22364	22334	22336	21769	21762
Stem_16S_F21_R7	22,490	NA	21,350	94.9%	21350	19924	19914	19881	19481	19473
Stem_16S_F21_R8	22,296	NA	20,872	93.6%	20872	19842	19828	19804	19429	19418
Stem_16S_F21_R9	3,133	NA	1,523	48.6%	1523	1417	1411	1407	1359	1356
Stem_16S_F22_R1	13,424	NA	12,358	92.1%	12358	11674	11669	11651	11393	11388
Stem_16S_F22_R10	1,172	NA	635	54.2%	635	588	588	586	557	554
Stem_16S_F22_R11	1,089	NA	418	38.4%	418	386	386	381	368	366
Stem_16S_F22_R12	1,616	NA	542	33.5%	542	515	509	511	490	486
Stem_16S_F22_R13	10,640	NA	261	2.5%	261	242	240	242	228	228
Stem_16S_F22_R14	19,560	NA	665	3.4%	665	620	617	618	591	590
Stem_16S_F22_R15	21,713	NA	456	2.1%	456	424	423	415	405	405
Stem_16S_F22_R16	18,934	NA	527	2.8%	527	495	495	492	473	472
Stem_16S_F22_R17	24,873	NA	15,597	62.7%	15597	14486	14476	14454	14116	14109
Stem_16S_F22_R18	30,605	NA	13,963	45.6%	13963	13199	13138	13105	12817	12794
Stem_16S_F22_R19	29,082	NA	17,036	58.6%	17036	15987	15959	15952	15578	15573
Stem_16S_F22_R2	2,297	NA	1,291	56.2%	1291	1223	1219	1216	1175	1174
Stem_16S_F22_R20	14,912	NA	14,505	97.3%	14505	13703	13553	13505	12796	12783
Stem_16S_F22_R21	30,889	NA	16,006	51.8%	16006	14948	14930	14919	14647	14647
Stem_16S_F22_R22	7,838	NA	3,926	50.1%	3926	2620	2620	2619	2537	2536
Stem_16S_F22_R23	43,558	NA	19,755	45.4%	19755	18242	18237	18218	17860	17855
Stem_16S_F22_R24	30,291	NA	16,332	53.9%	16332	15358	15346	15332	15010	15004
Stem_16S_F22_R3	2,360	NA	891	37.8%	891	819	816	817	787	787
Stem_16S_F22_R4	1,381	NA	806	58.4%	806	750	750	746	713	710
Stem_16S_F22_R5	1,346	NA	618	45.9%	618	570	567	565	548	546
Stem_16S_F22_R6	2,094	NA	1,200	57.3%	1200	1125	1117	1118	1077	1076
Stem_16S_F22_R7	1,941	NA	1,241	63.9%	1241	1157	1151	1143	1096	1094
Stem_16S_F22_R8	1,426	NA	670	47.0%	670	613	611	607	581	580
Stem_16S_F22_R9	1,592	NA	582	36.6%	582	542	540	536	517	515
Stem_16S_F23_R1	3,639	NA	1,598	43.9%	1598	1496	1496	1492	1440	1437
Stem_16S_F23_R10	2,057	NA	1,125	54.7%	1125	1056	1053	1051	1019	1013
Stem_16S_F23_R11	2,080	NA	807	38.8%	807	752	751	751	726	721
Stem_16S_F23_R12	3,365	NA	1,201	35.7%	1201	1125	1120	1119	1081	1076
Stem_16S_F23_R13	20,617	NA	554	2.7%	554	520	520	517	498	497
Stem_16S_F23_R14	44,761	NA	1,244	2.8%	1244	1168	1164	1163	1136	1125
Stem_16S_F23_R15	3,528	NA	871	24.7%	871	809	809	808	778	775
Stem_16S_F23_R16	36,873	NA	996	2.7%	996	934	934	928	897	892
Stem_16S_F23_R17	57,621	NA	34,321	59.6%	34321	31887	31867	31856	31320	31314
Stem_16S_F23_R18	70,039	NA	28,612	40.9%	28612	26899	26842	26848	26270	26235
Stem_16S_F23_R19	56,431	NA	27,361	48.5%	27361	25711	25692	25653	25280	25238
Stem_16S_F23_R2	3,755	NA	2,078	55.3%	2078	1915	1910	1911	1850	1833
Stem_16S_F23_R20	27,586	NA	26,799	97.1%	26799	25091	25081	25055	24663	24646
Stem_16S_F23_R21	50,923	NA	20,839	40.9%	20839	19555	19553	19537	19254	19239
Stem_16S_F23_R22	43,420	NA	25,438	58.6%	25438	24073	24058	24045	23844	23812
Stem_16S_F23_R23	15,673	NA	8,993	57.4%	8993	1324	1324	1320	1266	1265
Stem_16S_F23_R24	115,246	NA	89,752	77.9%	89752	84417	84345	84336	83049	83007
Stem_16S_F23_R3	4,226	NA	1,624	38.4%	1624	1514	1513	1512	1464	1459
Stem_16S_F23_R4	2,376	NA	1,372	57.7%	1372	1277	1277	1275	1235	1231
Stem_16S_F23_R5	2,610	NA	1,298	49.7%	1298	1209	1205	1203	1167	1161
Stem_16S_F23_R6	3,664	NA	2,148	58.6%	2148	1997	1997	1990	1940	1935
Stem_16S_F23_R7	3,774	NA	2,574	68.2%	2574	2379	2377	2370	2316	2302
Stem_16S_F23_R8	2,493	NA	1,169	46.9%	1169	1077	1075	1072	1038	1037
Stem_16S_F23_R9	2,695	NA	1,115	41.4%	1115	1038	1035	1030	998	995
Stem_16S_F24_R1	4,342	NA	1,437	33.1%	1437	1351	1350	1343	1290	1289
Stem_16S_F24_R10	1,957	NA	744	38.0%	744	689	688	685	654	653
Stem_16S_F24_R11	2,113	NA	467	22.1%	467	433	432	431	402	401
Stem_16S_F24_R12	3,374	NA	759	22.5%	759	707	706	704	679	677
Stem_16S_F24_R13	30,209	NA	413	1.4%	413	379	379	379	367	364
Stem_16S_F24_R14	38,692	NA	792	2.0%	792	743	740	738	701	696
Stem_16S_F24_R15	29,185	NA	617	2.1%	617	575	574	572	548	546
Stem_16S_F24_R16	90,065	NA	761	0.8%	761	715	710	711	666	665
Stem_16S_F24_R17	45,762	NA	19,001	41.5%	19001	17992	17819	17866	17116	17103
Stem_16S_F24_R18	73,281	NA	34,249	46.7%	34249	31714	31680	31621	30921	30900
Stem_16S_F24_R19	31,482	NA	27,908	88.6%	27908	25993	25964	25923	25365	25349
Stem_16S_F24_R2	3,943	NA	1,456	36.9%	1456	1365	1362	1361	1298	1297
Stem_16S_F24_R20	81,350	NA	33,107	40.7%	33107	31191	31120	31068	30464	30449
Stem_16S_F24_R21	29,177	NA	1,094	3.7%	1094	1029	1022	1024	974	973
Stem_16S_F24_R22	29,213	NA	14,842	50.8%	14842	13938	13935	13902	13597	13591
Stem_16S_F24_R23	104,935	NA	26,566	25.3%	26566	25227	25173	25158	24729	24713
Stem_16S_F24_R24	11,454	NA	6,388	55.8%	6388	4282	4269	4272	4052	4051
Stem_16S_F24_R3	4,657	NA	1,149	24.7%	1149	1068	1067	1064	1015	1013
Stem_16S_F24_R4	2,446	NA	955	39.0%	955	882	879	877	837	834
Stem_16S_F24_R5	2,805	NA	876	31.2%	876	821	816	811	782	782
Stem_16S_F24_R6	3,563	NA	1,491	41.8%	1491	1396	1393	1386	1321	1321
Stem_16S_F24_R7	3,252	NA	1,587	48.8%	1587	1469	1466	1462	1405	1403
Stem_16S_F24_R8	11,476	NA	9,579	83.5%	9579	9170	9168	9166	9131	9127
Stem_16S_F24_R9	3,176	NA	820	25.8%	820	765	760	758	732	732
Stem_16S_F3_R1	39,709	NA	21,553	54.3%	21553	20292	20282	20239	19846	19827
Stem_16S_F3_R10	37,643	NA	36,262	96.3%	36262	34066	33963	33935	33194	33155
Stem_16S_F3_R11	41,807	NA	24,754	59.2%	24754	23370	23351	23303	22820	22803
Stem_16S_F3_R12	73,731	NA	48,551	65.8%	48551	46139	46086	46075	45497	45260
Stem_16S_F3_R13	49,528	NA	23,527	47.5%	23527	21963	21947	21923	21424	21402
Stem_16S_F3_R14	75,542	NA	37,193	49.2%	37193	35106	35063	35022	34259	34246
Stem_16S_F3_R15	63,316	NA	35,331	55.8%	35331	33157	33014	33003	32010	31967
Stem_16S_F3_R16	32,352	NA	29,095	89.9%	29095	27132	27087	27087	26431	26416
Stem_16S_F3_R17	3,523	NA	1,514	43.0%	1514	1401	1397	1397	1353	1344
Stem_16S_F3_R18	28,934	NA	3,223	11.1%	3223	3002	2988	2986	2874	2862
Stem_16S_F3_R19	24,579	NA	2,531	10.3%	2531	2345	2339	2333	2269	2259
Stem_16S_F3_R2	71,038	NA	24,240	34.1%	24240	22731	22719	22677	22180	22159
Stem_16S_F3_R20	18,635	NA	2,127	11.4%	2127	1962	1952	1947	1856	1853
Stem_16S_F3_R21	21,752	NA	1,996	9.2%	1996	1882	1880	1868	1800	1795
Stem_16S_F3_R22	1,486	NA	889	59.8%	889	828	828	822	786	786
Stem_16S_F3_R23	3,626	NA	1,966	54.2%	1966	1842	1841	1831	1776	1768
Stem_16S_F3_R24	3,594	NA	2,462	68.5%	2462	2284	2278	2279	2204	2196
Stem_16S_F3_R3	67,474	NA	32,502	48.2%	32502	26305	26292	26282	25330	25320
Stem_16S_F3_R4	34,479	NA	18,640	54.1%	18640	17547	17526	17511	17222	17195
Stem_16S_F3_R5	29,438	NA	12,215	41.5%	12215	11484	11478	11466	11243	11232
Stem_16S_F3_R6	33,266	NA	21,414	64.4%	21414	20180	20168	20125	19697	19671
Stem_16S_F3_R7	36,326	NA	34,594	95.2%	34594	32272	32258	32201	31506	31480
Stem_16S_F3_R8	28,083	NA	1,998	7.1%	1998	1840	1838	1825	1775	1764
Stem_16S_F3_R9	58,162	NA	31,945	54.9%	31945	30069	30048	29990	29334	29307
Stem_16S_F4_R1	24,929	NA	13,806	55.4%	13806	13022	13007	12986	12737	12712
Stem_16S_F4_R10	13,977	NA	1,071	7.7%	1071	1011	1004	1002	960	946
Stem_16S_F4_R11	27,991	NA	15,500	55.4%	15500	14639	14573	14534	14064	14041
Stem_16S_F4_R12	40,038	NA	19,036	47.5%	19036	18012	17988	17969	17585	17546
Stem_16S_F4_R13	21,452	NA	486	2.3%	486	459	455	457	433	429
Stem_16S_F4_R14	35,931	NA	14,867	41.4%	14867	13902	13879	13862	13471	13443
Stem_16S_F4_R15	30,992	NA	10,513	33.9%	10513	9844	9814	9812	9633	9612
Stem_16S_F4_R16	47,774	NA	15,414	32.3%	15414	14634	14609	14587	14267	14242
Stem_16S_F4_R17	29,561	NA	823	2.8%	823	759	753	756	718	712
Stem_16S_F4_R18	28,418	NA	1,783	6.3%	1783	1680	1669	1673	1599	1585
Stem_16S_F4_R19	17,914	NA	1,369	7.6%	1369	1281	1274	1272	1217	1202
Stem_16S_F4_R2	27,038	NA	15,150	56.0%	15150	14333	14325	14298	13983	13954
Stem_16S_F4_R20	13,655	NA	1,142	8.4%	1142	1068	1063	1059	1020	1008
Stem_16S_F4_R21	19,529	NA	1,060	5.4%	1060	990	985	984	955	947
Stem_16S_F4_R22	1,101	NA	493	44.8%	493	466	460	464	442	441
Stem_16S_F4_R23	2,589	NA	1,089	42.1%	1089	1028	1023	1021	977	971
Stem_16S_F4_R24	2,340	NA	1,379	58.9%	1379	1301	1293	1293	1220	1211
Stem_16S_F4_R3	36,119	NA	17,279	47.8%	17279	16349	16278	16225	15759	15734
Stem_16S_F4_R4	6,938	NA	2,611	37.6%	2611	1656	1655	1650	1559	1558
Stem_16S_F4_R5	30,809	NA	8,136	26.4%	8136	7692	7673	7657	7473	7466
Stem_16S_F4_R6	37,956	NA	27,939	73.6%	27939	26792	26770	26720	26509	26411
Stem_16S_F4_R7	93,839	NA	53,349	56.9%	53349	50855	50827	50768	50234	50193
Stem_16S_F4_R8	37,035	NA	19,006	51.3%	19006	17955	17926	17898	17318	17299
Stem_16S_F4_R9	46,186	NA	14,066	30.5%	14066	13300	13290	13278	13037	13011
Stem_16S_F5_R1	45,361	NA	18,915	41.7%	18915	17942	17934	17912	17619	17598
Stem_16S_F5_R10	30,488	NA	29,255	96.0%	29255	27281	27226	27241	26477	26453
Stem_16S_F5_R11	33,845	NA	22,095	65.3%	22095	20909	20797	20782	20190	20161
Stem_16S_F5_R12	55,233	NA	26,051	47.2%	26051	24205	24165	24167	23598	23571
Stem_16S_F5_R13	35,931	NA	18,463	51.4%	18463	17429	17331	17308	16833	16816
Stem_16S_F5_R14	56,453	NA	15,889	28.1%	15889	15050	15045	15020	14747	14732
Stem_16S_F5_R15	30,924	NA	1,177	3.8%	1177	1070	1067	1065	1013	1010
Stem_16S_F5_R16	39,615	NA	22,789	57.5%	22789	21645	21582	21578	21030	21017
Stem_16S_F5_R17	3,420	NA	1,336	39.1%	1336	1222	1220	1218	1169	1166
Stem_16S_F5_R18	23,921	NA	2,677	11.2%	2677	2518	2514	2510	2441	2436
Stem_16S_F5_R19	22,865	NA	2,063	9.0%	2063	1935	1931	1925	1855	1851
Stem_16S_F5_R2	75,383	NA	21,124	28.0%	21124	19698	19692	19672	19180	19161
Stem_16S_F5_R20	16,373	NA	1,658	10.1%	1658	1552	1546	1536	1475	1470
Stem_16S_F5_R21	16,658	NA	1,656	9.9%	1656	1564	1564	1564	1510	1510
Stem_16S_F5_R22	1,353	NA	736	54.4%	736	687	686	686	663	661
Stem_16S_F5_R23	3,056	NA	1,489	48.7%	1489	1363	1361	1357	1318	1311
Stem_16S_F5_R24	3,094	NA	2,062	66.6%	2062	1944	1941	1927	1860	1854
Stem_16S_F5_R3	32,766	NA	19,224	58.7%	19224	18083	18052	18021	17398	17388
Stem_16S_F5_R4	32,602	NA	24,813	76.1%	24813	23669	23650	23629	23388	23197
Stem_16S_F5_R5	19,534	NA	9,865	50.5%	9865	8859	8846	8833	8472	8454
Stem_16S_F5_R6	35,659	NA	18,031	50.6%	18031	17090	17080	17054	16701	16686
Stem_16S_F5_R7	98,781	NA	44,214	44.8%	44214	41633	41615	41585	40869	40848
Stem_16S_F5_R8	49,489	NA	26,529	53.6%	26529	25095	25086	25070	24602	24590
Stem_16S_F5_R9	43,868	NA	30,185	68.8%	30185	28249	28222	28209	27520	27482
Stem_16S_F6_R1	49,324	NA	24,148	49.0%	24148	22731	22704	22675	22180	22164
Stem_16S_F6_R10	48,868	NA	33,997	69.6%	33997	32039	32014	31969	31347	31295
Stem_16S_F6_R11	38,390	NA	19,036	49.6%	19036	17797	17745	17750	17213	17199
Stem_16S_F6_R12	52,553	NA	22,722	43.2%	22722	21405	21379	21365	20922	20903
Stem_16S_F6_R13	41,572	NA	16,642	40.0%	16642	15427	15357	15340	14979	14978
Stem_16S_F6_R14	100,481	NA	26,761	26.6%	26761	25067	25003	24974	24317	24288
Stem_16S_F6_R15	49,392	NA	26,288	53.2%	26288	24831	24765	24762	24160	24145
Stem_16S_F6_R16	56,561	NA	28,377	50.2%	28377	26318	26238	26174	25421	25409
Stem_16S_F6_R17	25,900	NA	1,125	4.3%	1125	1044	1038	1040	1001	997
Stem_16S_F6_R18	26,871	NA	2,510	9.3%	2510	2348	2347	2341	2236	2234
Stem_16S_F6_R19	56,073	NA	1,836	3.3%	1836	1695	1692	1683	1633	1631
Stem_16S_F6_R2	60,840	NA	25,016	41.1%	25016	23546	23503	23457	22845	22836
Stem_16S_F6_R20	16,654	NA	1,590	9.5%	1590	1459	1456	1448	1377	1372
Stem_16S_F6_R21	24,419	NA	1,388	5.7%	1388	1290	1286	1284	1239	1238
Stem_16S_F6_R22	1,502	NA	672	44.7%	672	628	624	626	601	601
Stem_16S_F6_R23	3,505	NA	1,370	39.1%	1370	1273	1268	1263	1209	1207
Stem_16S_F6_R24	3,155	NA	1,807	57.3%	1807	1678	1672	1672	1612	1611
Stem_16S_F6_R3	33,499	NA	12,274	36.6%	12274	11621	11616	11583	11256	11244
Stem_16S_F6_R4	35,695	NA	9,974	27.9%	9974	9334	9330	9321	9130	9125
Stem_16S_F6_R5	33,399	NA	17,432	52.2%	17432	16274	16250	16232	15829	15819
Stem_16S_F6_R6	9,795	NA	4,476	45.7%	4476	2572	2572	2559	2432	2430
Stem_16S_F6_R7	44,314	NA	17,348	39.1%	17348	16281	16265	16240	15873	15861
Stem_16S_F6_R8	23,463	NA	1,403	6.0%	1403	1290	1289	1275	1220	1217
Stem_16S_F6_R9	54,848	NA	28,261	51.5%	28261	26633	26569	26534	25813	25800
Stem_16S_F7_R1	47,372	NA	1,951	4.1%	1951	1829	1821	1812	1729	1725
Stem_16S_F7_R10	36,411	NA	17,301	47.5%	17301	16344	16334	16311	15983	15961
Stem_16S_F7_R11	45,621	NA	14,992	32.9%	14992	14379	14333	14232	13888	13853
Stem_16S_F7_R12	40,570	NA	19,979	49.2%	19979	18831	18708	18647	17952	17924
Stem_16S_F7_R13	41,521	NA	11,519	27.7%	11519	10944	10922	10916	10621	10618
Stem_16S_F7_R14	110,925	NA	15,133	13.6%	15133	14344	14330	14310	14000	13992
Stem_16S_F7_R15	97,109	NA	16,166	16.6%	16166	15205	15190	15157	14806	14798
Stem_16S_F7_R16	60,420	NA	19,199	31.8%	19199	18200	18174	18129	17776	17754
Stem_16S_F7_R17	40,476	NA	1,160	2.9%	1160	1058	1055	1047	996	993
Stem_16S_F7_R18	22,504	NA	2,449	10.9%	2449	2318	2311	2302	2203	2193
Stem_16S_F7_R19	51,123	NA	1,720	3.4%	1720	1603	1593	1580	1511	1507
Stem_16S_F7_R2	39,877	NA	2,414	6.1%	2414	2263	2261	2250	2132	2125
Stem_16S_F7_R20	15,799	NA	1,665	10.5%	1665	1565	1559	1544	1472	1471
Stem_16S_F7_R21	23,410	NA	1,494	6.4%	1494	1402	1399	1389	1332	1330
Stem_16S_F7_R22	1,640	NA	670	40.9%	670	638	638	634	616	615
Stem_16S_F7_R23	4,383	NA	1,503	34.3%	1503	1425	1425	1414	1359	1355
Stem_16S_F7_R24	3,688	NA	1,923	52.1%	1923	1788	1782	1766	1675	1672
Stem_16S_F7_R3	37,073	NA	1,939	5.2%	1939	1806	1802	1788	1713	1713
Stem_16S_F7_R4	92,777	NA	43,210	46.6%	43210	40853	40841	40780	40106	40096
Stem_16S_F7_R5	98,820	NA	57,869	58.6%	57869	55078	55049	54908	53724	53706
Stem_16S_F7_R6	47,231	NA	29,906	63.3%	29906	28168	28155	28032	27342	27315
Stem_16S_F7_R7	27,133	NA	13,116	48.3%	13116	6299	6282	6275	5916	5915
Stem_16S_F7_R8	32,368	NA	11,711	36.2%	11711	11116	11107	11072	10822	10818
Stem_16S_F7_R9	22,732	NA	18,842	82.9%	18842	17843	17817	17796	17398	17384
Stem_16S_F8_R1	34,647	NA	19,385	56.0%	19385	18206	18190	18155	17596	17590
Stem_16S_F8_R10	43,144	NA	24,522	56.8%	24522	22972	22909	22868	22333	22300
Stem_16S_F8_R11	26,724	NA	11,558	43.2%	11558	10841	10810	10805	10468	10464
Stem_16S_F8_R12	44,444	NA	17,259	38.8%	17259	16236	16193	16199	15836	15822
Stem_16S_F8_R13	51,499	NA	17,476	33.9%	17476	16212	16162	16126	15759	15734
Stem_16S_F8_R14	59,459	NA	28,491	47.9%	28491	26658	26638	26597	26030	25995
Stem_16S_F8_R15	63,319	NA	35,714	56.4%	35714	33879	33864	33795	33547	33501
Stem_16S_F8_R16	74,757	NA	25,501	34.1%	25501	24009	24004	23955	23548	23539
Stem_16S_F8_R17	71,245	NA	1,260	1.8%	1260	1160	1158	1154	1094	1092
Stem_16S_F8_R18	28,728	NA	2,675	9.3%	2675	2498	2489	2479	2374	2365
Stem_16S_F8_R19	18,681	NA	2,008	10.7%	2008	1836	1829	1824	1737	1733
Stem_16S_F8_R2	33,436	NA	28,370	84.8%	28370	26515	26389	26315	25440	25412
Stem_16S_F8_R20	14,423	NA	1,641	11.4%	1641	1511	1506	1503	1438	1437
Stem_16S_F8_R21	23,176	NA	1,603	6.9%	1603	1500	1500	1491	1439	1435
Stem_16S_F8_R22	1,366	NA	725	53.1%	725	670	668	664	637	634
Stem_16S_F8_R23	3,435	NA	1,569	45.7%	1569	1461	1460	1456	1396	1396
Stem_16S_F8_R24	12,243	NA	2,109	17.2%	2109	1981	1969	1959	1887	1881
Stem_16S_F8_R3	32,064	NA	28,235	88.1%	28235	26262	26224	26191	25468	25435
Stem_16S_F8_R4	37,458	NA	19,088	51.0%	19088	17955	17941	17900	17479	17469
Stem_16S_F8_R5	48,502	NA	23,602	48.7%	23602	22204	21993	21981	20956	20928
Stem_16S_F8_R6	26,795	NA	24,464	91.3%	24464	22813	22801	22760	22260	22232
Stem_16S_F8_R7	33,646	NA	22,128	65.8%	22128	20528	20499	20455	19935	19913
Stem_16S_F8_R8	19,183	NA	9,172	47.8%	9172	6969	6948	6953	6567	6560
Stem_16S_F8_R9	37,928	NA	26,225	69.1%	26225	24504	24441	24411	23701	23677
Stem_16S_F9_R1	50,921	NA	22,155	43.5%	22155	21003	20977	20946	20480	20440
Stem_16S_F9_R10	50,358	NA	30,450	60.5%	30450	28794	28725	28725	28155	28100
Stem_16S_F9_R11	48,815	NA	20,643	42.3%	20643	19432	19396	19389	18946	18920
Stem_16S_F9_R12	71,823	NA	29,232	40.7%	29232	27744	27605	27614	26860	26803
Stem_16S_F9_R13	2,598	NA	934	36.0%	934	883	880	878	848	837
Stem_16S_F9_R14	31,676	NA	28,870	91.1%	28870	27215	27006	27017	25864	25815
Stem_16S_F9_R15	29,548	NA	27,102	91.7%	27102	25384	25363	25354	24865	24830
Stem_16S_F9_R16	25,099	NA	23,156	92.3%	23156	21954	21930	21919	21489	21462
Stem_16S_F9_R17	2,845	NA	1,302	45.8%	1302	1214	1213	1206	1169	1154
Stem_16S_F9_R18	5,273	NA	2,893	54.9%	2893	2706	2700	2693	2594	2560
Stem_16S_F9_R19	4,138	NA	2,090	50.5%	2090	1963	1957	1956	1902	1879
Stem_16S_F9_R2	34,461	NA	29,355	85.2%	29355	27714	27691	27647	27047	26991
Stem_16S_F9_R20	2,456	NA	1,711	69.7%	1711	1589	1585	1575	1526	1499
Stem_16S_F9_R21	3,469	NA	1,607	46.3%	1607	1493	1488	1483	1415	1389
Stem_16S_F9_R22	1,232	NA	787	63.9%	787	741	741	738	708	701
Stem_16S_F9_R23	2,814	NA	1,528	54.3%	1528	1446	1442	1441	1398	1381
Stem_16S_F9_R24	2,956	NA	2,165	73.2%	2165	2032	2025	2023	1948	1926
Stem_16S_F9_R3	59,715	NA	27,890	46.7%	27890	26360	26293	26298	25646	25606
Stem_16S_F9_R4	46,796	NA	33,684	72.0%	33684	32187	32171	32135	31896	31679
Stem_16S_F9_R5	41,882	NA	13,837	33.0%	13837	13030	13013	13006	12700	12657
Stem_16S_F9_R6	56,858	NA	29,062	51.1%	29062	27193	27156	27134	26506	26439
Stem_16S_F9_R7	20,891	NA	3,215	15.4%	3215	2994	2987	2975	2871	2833
Stem_16S_F9_R8	35,981	NA	11,067	30.8%	11067	10464	10445	10447	10226	10198
Stem_16S_F9_R9	50,894	NA	25,414	49.9%	25414	22006	21964	21894	21375	21283
