sample	cutadapt_total_processed	cutadapt_reverse_complemented	cutadapt_passing_filters	cutadapt_passing_filters_percent	DADA2_input	filtered	denoisedF	denoisedR	merged	nonchim
Leaf_ITS_F1_R1	101,328	NA	48,748	48.1%	48748	27549	27538	27528	26868	26050
Leaf_ITS_F1_R10	69,727	NA	28,925	41.5%	28923	25258	25248	25246	24913	24189
Leaf_ITS_F1_R11	94,224	NA	30,386	32.2%	30386	26961	26943	26937	26528	25702
Leaf_ITS_F1_R12	80,506	NA	31,815	39.5%	31815	28038	28024	28021	27607	26709
Leaf_ITS_F1_R13	92,560	NA	33,222	35.9%	33222	29485	29467	29454	29198	28187
Leaf_ITS_F1_R14	81,933	NA	22,282	27.2%	22282	19763	19738	19733	19432	18350
Leaf_ITS_F1_R15	70,697	NA	30,765	43.5%	30765	26983	26974	26967	26590	25994
Leaf_ITS_F1_R16	95,624	NA	38,289	40.0%	38289	33601	33577	33569	32988	32232
Leaf_ITS_F1_R17	39,975	NA	2,038	5.1%	2038	1708	1704	1703	1646	1328
Leaf_ITS_F1_R18	32,902	NA	2,803	8.5%	2803	2422	2417	2409	2306	1724
Leaf_ITS_F1_R19	74,933	NA	2,784	3.7%	2784	2433	2424	2431	2315	1672
Leaf_ITS_F1_R2	49,661	NA	12,407	25.0%	12407	10782	10772	10773	10575	9841
Leaf_ITS_F1_R20	35,971	NA	869	2.4%	869	792	788	788	748	597
Leaf_ITS_F1_R21	36,410	NA	2,363	6.5%	2363	2101	2094	2097	2000	1440
Leaf_ITS_F1_R22	3,069	NA	1,367	44.5%	1367	1212	1207	1210	1161	958
Leaf_ITS_F1_R23	4,938	NA	1,931	39.1%	1931	1678	1673	1672	1607	1186
Leaf_ITS_F1_R24	6,858	NA	2,711	39.5%	2711	2417	2405	2409	2290	1775
Leaf_ITS_F1_R3	65,438	NA	7,253	11.1%	7252	6429	6421	6416	6292	5685
Leaf_ITS_F1_R4	91,687	NA	26,166	28.5%	26166	22822	22805	22791	22520	21664
Leaf_ITS_F1_R5	115,734	NA	21,296	18.4%	21296	18774	18768	18734	18388	17814
Leaf_ITS_F1_R6	72,429	NA	20,013	27.6%	20013	17616	17581	17591	17016	15975
Leaf_ITS_F1_R7	40,634	NA	11,115	27.4%	11115	9863	9856	9845	9663	9140
Leaf_ITS_F1_R8	48,121	NA	35,301	73.4%	35301	31431	31416	31387	30748	29465
Leaf_ITS_F1_R9	122,929	NA	71,224	57.9%	71224	62776	62742	62741	61791	60990
Leaf_ITS_F10_R1	65,230	NA	36,229	55.5%	36229	32325	32259	32244	31603	30603
Leaf_ITS_F10_R10	11,622	NA	5,975	51.4%	5975	951	950	951	941	907
Leaf_ITS_F10_R11	47,265	NA	17,844	37.8%	17844	15594	15534	15540	15124	14757
Leaf_ITS_F10_R12	34,121	NA	17,336	50.8%	17336	15446	15434	15434	14977	14512
Leaf_ITS_F10_R13	31,718	NA	28,661	90.4%	28661	25830	25817	25818	25619	25124
Leaf_ITS_F10_R14	5,128	NA	2,787	54.3%	2787	2510	2505	2505	2328	1972
Leaf_ITS_F10_R15	3,116	NA	1,187	38.1%	1186	1035	1033	1031	977	738
Leaf_ITS_F10_R16	34,984	NA	33,182	94.8%	33182	29248	29232	29228	28685	28195
Leaf_ITS_F10_R17	2,476	NA	1,216	49.1%	1216	1055	1049	1046	987	766
Leaf_ITS_F10_R18	3,480	NA	1,947	55.9%	1947	1676	1671	1666	1587	1216
Leaf_ITS_F10_R19	4,344	NA	1,858	42.8%	1858	1642	1639	1631	1538	1146
Leaf_ITS_F10_R2	47,741	NA	22,484	47.1%	22484	19534	19456	19458	18725	18209
Leaf_ITS_F10_R20	1,538	NA	586	38.1%	586	514	510	511	485	392
Leaf_ITS_F10_R21	3,008	NA	1,635	54.4%	1635	1475	1470	1470	1393	1048
Leaf_ITS_F10_R22	1,281	NA	766	59.8%	766	681	673	679	624	503
Leaf_ITS_F10_R23	2,290	NA	1,366	59.7%	1366	1231	1228	1228	1160	865
Leaf_ITS_F10_R24	2,980	NA	1,746	58.6%	1746	1544	1537	1531	1454	1106
Leaf_ITS_F10_R3	46,768	NA	32,968	70.5%	32968	29611	29597	29560	29198	28557
Leaf_ITS_F10_R4	33,265	NA	17,679	53.1%	17679	15730	15723	15707	15335	14784
Leaf_ITS_F10_R5	45,481	NA	24,205	53.2%	24203	21447	21379	21379	20951	20523
Leaf_ITS_F10_R6	70,702	NA	34,347	48.6%	34347	30719	30696	30694	29926	29102
Leaf_ITS_F10_R7	31,949	NA	19,670	61.6%	19670	17442	17412	17409	16988	16496
Leaf_ITS_F10_R8	61,402	NA	36,438	59.3%	36438	32179	32145	32137	31642	30667
Leaf_ITS_F10_R9	57,073	NA	29,146	51.1%	29146	25806	25783	25776	25356	24712
Leaf_ITS_F11_R1	89,446	NA	58,971	65.9%	58971	53081	53027	53008	51032	49389
Leaf_ITS_F11_R10	46,931	NA	27,756	59.1%	27756	24577	24557	24552	24139	23464
Leaf_ITS_F11_R11	3,190	NA	2,002	62.8%	2002	270	270	269	259	253
Leaf_ITS_F11_R12	52,536	NA	26,607	50.6%	26607	23318	23300	23300	22777	21919
Leaf_ITS_F11_R13	32,366	NA	29,105	89.9%	29105	26349	26321	26318	26029	25286
Leaf_ITS_F11_R14	45,884	NA	43,038	93.8%	43038	39083	39075	39070	38837	38221
Leaf_ITS_F11_R15	29,026	NA	26,801	92.3%	26801	23755	23729	23734	23075	21843
Leaf_ITS_F11_R16	30,771	NA	28,733	93.4%	28733	25788	25753	25755	25440	24835
Leaf_ITS_F11_R17	3,138	NA	1,793	57.1%	1793	1523	1518	1511	1449	1169
Leaf_ITS_F11_R18	4,238	NA	2,446	57.7%	2446	2116	2105	2102	1986	1460
Leaf_ITS_F11_R19	5,176	NA	2,448	47.3%	2448	2172	2170	2169	2059	1497
Leaf_ITS_F11_R2	50,398	NA	25,199	50.0%	25199	21926	21921	21911	21562	20925
Leaf_ITS_F11_R20	1,930	NA	773	40.1%	773	668	667	666	633	496
Leaf_ITS_F11_R21	3,639	NA	2,142	58.9%	2142	1912	1907	1905	1802	1307
Leaf_ITS_F11_R22	1,816	NA	1,259	69.3%	1259	1104	1094	1093	1029	865
Leaf_ITS_F11_R23	2,831	NA	1,821	64.3%	1821	1621	1613	1614	1527	1132
Leaf_ITS_F11_R24	3,894	NA	2,489	63.9%	2489	2219	2210	2208	2067	1572
Leaf_ITS_F11_R3	38,324	NA	18,433	48.1%	18433	16556	16531	16519	15931	15236
Leaf_ITS_F11_R4	32,319	NA	15,629	48.4%	15629	13684	13647	13651	13252	12712
Leaf_ITS_F11_R5	50,981	NA	24,392	47.8%	24392	21801	21773	21773	20960	20372
Leaf_ITS_F11_R6	44,364	NA	16,223	36.6%	16223	14510	14493	14492	14206	13313
Leaf_ITS_F11_R7	43,799	NA	21,246	48.5%	21246	18912	18877	18862	17487	16443
Leaf_ITS_F11_R8	72,272	NA	50,261	69.5%	50261	43556	43514	43498	42740	41136
Leaf_ITS_F11_R9	58,966	NA	33,388	56.6%	33388	29102	29080	29081	28499	27744
Leaf_ITS_F12_R1	72,543	NA	41,499	57.2%	41499	36393	36373	36351	35726	34329
Leaf_ITS_F12_R10	33,891	NA	15,127	44.6%	15127	13335	13327	13317	13025	12406
Leaf_ITS_F12_R11	51,455	NA	24,208	47.0%	24208	21815	21805	21804	21662	21071
Leaf_ITS_F12_R12	13,530	NA	8,490	62.7%	8490	3854	3854	3854	3825	3723
Leaf_ITS_F12_R13	29,896	NA	25,965	86.9%	25965	22996	22991	22983	22651	21760
Leaf_ITS_F12_R14	31,053	NA	28,060	90.4%	28060	24746	24730	24700	24160	22953
Leaf_ITS_F12_R15	21,596	NA	19,069	88.3%	19069	16603	16597	16582	16303	15687
Leaf_ITS_F12_R16	47,951	NA	45,752	95.4%	45752	40716	40691	40672	39843	38845
Leaf_ITS_F12_R17	3,260	NA	1,785	54.8%	1785	1529	1526	1523	1456	1129
Leaf_ITS_F12_R18	5,063	NA	2,995	59.2%	2995	2607	2603	2599	2489	1896
Leaf_ITS_F12_R19	5,944	NA	2,647	44.5%	2647	2359	2355	2356	2272	1617
Leaf_ITS_F12_R2	74,448	NA	48,108	64.6%	48108	42456	42414	42430	41704	40812
Leaf_ITS_F12_R20	1,958	NA	761	38.9%	761	676	673	672	627	458
Leaf_ITS_F12_R21	4,095	NA	2,334	57.0%	2334	2058	2057	2051	1958	1395
Leaf_ITS_F12_R22	1,790	NA	1,189	66.4%	1189	1067	1065	1063	1010	784
Leaf_ITS_F12_R23	3,310	NA	2,100	63.4%	2100	1875	1871	1872	1787	1297
Leaf_ITS_F12_R24	4,282	NA	2,662	62.2%	2662	2341	2336	2337	2215	1648
Leaf_ITS_F12_R3	59,472	NA	26,513	44.6%	26513	23760	23751	23723	23290	22408
Leaf_ITS_F12_R4	64,124	NA	28,896	45.1%	28896	25689	25676	25674	25188	24298
Leaf_ITS_F12_R5	51,649	NA	20,616	39.9%	20616	18145	18112	18110	17842	17185
Leaf_ITS_F12_R6	72,643	NA	42,383	58.3%	42383	37886	37866	37862	37467	36295
Leaf_ITS_F12_R7	59,527	NA	33,370	56.1%	33370	29953	29940	29944	29696	29010
Leaf_ITS_F12_R8	111,823	NA	95,095	85.0%	95095	84924	84889	84853	83700	81284
Leaf_ITS_F12_R9	61,537	NA	29,581	48.1%	29581	26578	26551	26537	26221	25209
Leaf_ITS_F13_R1	85,880	NA	52,507	61.1%	52507	46989	46896	46865	45476	42543
Leaf_ITS_F13_R10	33,878	NA	2,255	6.7%	2255	1982	1981	1978	1876	1411
Leaf_ITS_F13_R11	32,822	NA	2,235	6.8%	2235	1983	1971	1968	1878	1434
Leaf_ITS_F13_R12	30,975	NA	2,883	9.3%	2883	2561	2558	2547	2398	1737
Leaf_ITS_F13_R13	5,223	NA	2,277	43.6%	2277	1310	1310	1304	1212	846
Leaf_ITS_F13_R14	7,398	NA	4,119	55.7%	4119	3674	3657	3659	3445	2541
Leaf_ITS_F13_R15	5,303	NA	2,452	46.2%	2452	2131	2119	2121	2013	1514
Leaf_ITS_F13_R16	4,915	NA	2,691	54.8%	2691	2264	2248	2250	2120	1635
Leaf_ITS_F13_R17	50,945	NA	49,210	96.6%	49210	42067	42034	42033	41257	39094
Leaf_ITS_F13_R18	38,207	NA	35,922	94.0%	35922	32094	32001	32028	30946	27471
Leaf_ITS_F13_R19	36,473	NA	32,740	89.8%	32740	29283	29235	29239	28588	25898
Leaf_ITS_F13_R2	68,901	NA	28,212	40.9%	28212	25064	25038	25013	23685	21932
Leaf_ITS_F13_R20	25,431	NA	24,101	94.8%	24101	21498	21467	21477	21061	20040
Leaf_ITS_F13_R21	38,322	NA	36,206	94.5%	36206	31761	31718	31726	30979	29615
Leaf_ITS_F13_R22	35,699	NA	34,963	97.9%	34963	31245	31216	31218	30474	29267
Leaf_ITS_F13_R23	31,957	NA	30,513	95.5%	30513	27353	27303	27325	25233	23713
Leaf_ITS_F13_R24	33,909	NA	32,103	94.7%	32103	28856	28776	28808	27912	24857
Leaf_ITS_F13_R3	115,243	NA	23,729	20.6%	23729	21059	21022	21024	20492	19159
Leaf_ITS_F13_R4	42,848	NA	18,474	43.1%	18474	16250	16212	16206	15783	14509
Leaf_ITS_F13_R5	48,050	NA	23,255	48.4%	23254	20690	20647	20653	20058	18337
Leaf_ITS_F13_R6	65,391	NA	35,375	54.1%	35375	31843	31804	31787	31173	25992
Leaf_ITS_F13_R7	41,173	NA	26,823	65.1%	26823	23917	23875	23858	23224	21543
Leaf_ITS_F13_R8	344,400	NA	319,479	92.8%	319479	287588	287313	287351	282570	261544
Leaf_ITS_F13_R9	34,797	NA	3,378	9.7%	3378	3003	2997	2988	2845	2056
Leaf_ITS_F14_R1	80,448	NA	57,414	71.4%	57414	50757	50697	50689	49633	48309
Leaf_ITS_F14_R10	5,608	NA	2,014	35.9%	2014	1749	1745	1741	1648	1326
Leaf_ITS_F14_R11	49,442	NA	2,214	4.5%	2214	1951	1942	1940	1837	1554
Leaf_ITS_F14_R12	33,833	NA	2,492	7.4%	2492	2166	2163	2161	2054	1641
Leaf_ITS_F14_R13	8,855	NA	2,935	33.1%	2935	2564	2553	2554	2389	1947
Leaf_ITS_F14_R14	4,108	NA	1,681	40.9%	1681	278	275	277	246	212
Leaf_ITS_F14_R15	5,766	NA	2,030	35.2%	2030	1751	1740	1732	1630	1334
Leaf_ITS_F14_R16	5,464	NA	2,529	46.3%	2529	2048	2038	2036	1908	1633
Leaf_ITS_F14_R17	36,991	NA	34,684	93.8%	34684	29899	29793	29804	28919	28347
Leaf_ITS_F14_R18	44,692	NA	41,539	92.9%	41539	36769	36725	36727	36109	35180
Leaf_ITS_F14_R19	47,316	NA	42,418	89.6%	42418	37529	37486	37463	36286	35271
Leaf_ITS_F14_R2	96,549	NA	32,647	33.8%	32647	28528	28489	28487	27761	26852
Leaf_ITS_F14_R20	32,309	NA	30,629	94.8%	30629	27223	27187	27175	26066	25554
Leaf_ITS_F14_R21	6,340	NA	3,624	57.2%	3624	3168	3161	3161	3010	2479
Leaf_ITS_F14_R22	28,397	NA	27,375	96.4%	27375	24496	24467	24449	23970	23510
Leaf_ITS_F14_R23	46,671	NA	44,789	96.0%	44789	38482	38441	38431	37970	37198
Leaf_ITS_F14_R24	48,998	NA	46,488	94.9%	46488	40613	40575	40555	40001	39166
Leaf_ITS_F14_R3	101,463	NA	44,094	43.5%	44094	38852	38830	38775	38144	36992
Leaf_ITS_F14_R4	47,457	NA	30,157	63.5%	30157	26695	26608	26614	25887	25084
Leaf_ITS_F14_R5	86,760	NA	35,378	40.8%	35378	31135	31081	31082	30592	29779
Leaf_ITS_F14_R6	243,592	NA	43,435	17.8%	43435	38399	38365	38349	37583	36326
Leaf_ITS_F14_R7	53,408	NA	26,917	50.4%	26917	23711	23650	23636	22961	22275
Leaf_ITS_F14_R8	76,576	NA	41,482	54.2%	41482	36310	36246	36213	35526	34211
Leaf_ITS_F14_R9	44,707	NA	2,760	6.2%	2760	2452	2441	2434	2283	1855
Leaf_ITS_F15_R1	66,704	NA	35,474	53.2%	35474	31109	31076	31031	30557	29233
Leaf_ITS_F15_R10	2,932	NA	1,427	48.7%	1427	1223	1221	1216	1129	788
Leaf_ITS_F15_R11	29,816	NA	1,503	5.0%	1503	1330	1325	1326	1252	965
Leaf_ITS_F15_R12	23,462	NA	1,896	8.1%	1896	1694	1687	1692	1595	1148
Leaf_ITS_F15_R13	5,449	NA	2,281	41.9%	2281	2009	2002	2004	1874	1349
Leaf_ITS_F15_R14	4,937	NA	2,579	52.2%	2579	2255	2248	2245	2089	1531
Leaf_ITS_F15_R15	2,430	NA	1,074	44.2%	1074	433	433	432	401	302
Leaf_ITS_F15_R16	3,466	NA	1,849	53.3%	1849	1522	1516	1514	1415	1099
Leaf_ITS_F15_R17	45,648	NA	44,343	97.1%	44343	38621	38588	38599	37942	36911
Leaf_ITS_F15_R18	36,189	NA	34,428	95.1%	34428	30351	30328	30320	29768	28675
Leaf_ITS_F15_R19	36,144	NA	33,448	92.5%	33448	29660	29647	29642	29141	28334
Leaf_ITS_F15_R2	34,327	NA	3,053	8.9%	3053	2664	2653	2655	2453	1767
Leaf_ITS_F15_R20	25,787	NA	24,770	96.1%	24770	22093	22082	22073	21615	21173
Leaf_ITS_F15_R21	32,943	NA	31,407	95.3%	31407	28124	28103	28100	27468	26568
Leaf_ITS_F15_R22	19,262	NA	18,731	97.2%	18731	16735	16729	16721	16270	15912
Leaf_ITS_F15_R23	38,409	NA	37,351	97.2%	37351	32523	32514	32511	31925	31164
Leaf_ITS_F15_R24	38,336	NA	37,005	96.5%	37005	32800	32769	32772	32289	31203
Leaf_ITS_F15_R3	35,608	NA	3,124	8.8%	3124	2731	2724	2712	2584	1956
Leaf_ITS_F15_R4	64,882	NA	43,701	67.4%	43701	37916	37903	37899	37250	36190
Leaf_ITS_F15_R5	46,474	NA	32,191	69.3%	32191	28387	28370	28375	27929	27262
Leaf_ITS_F15_R6	71,898	NA	45,769	63.7%	45769	40092	40084	40067	39379	37819
Leaf_ITS_F15_R7	64,238	NA	42,720	66.5%	42720	37586	37565	37558	37065	35955
Leaf_ITS_F15_R8	66,565	NA	33,360	50.1%	33360	29189	29169	29151	28333	26795
Leaf_ITS_F15_R9	32,480	NA	1,994	6.1%	1994	1766	1762	1760	1671	1233
Leaf_ITS_F16_R1	96,485	NA	55,616	57.6%	55616	48467	48440	48409	47431	45698
Leaf_ITS_F16_R10	39,287	NA	1,626	4.1%	1626	1415	1412	1413	1341	965
Leaf_ITS_F16_R11	34,050	NA	1,818	5.3%	1818	1601	1600	1598	1513	1156
Leaf_ITS_F16_R12	54,093	NA	2,158	4.0%	2158	1878	1872	1874	1769	1280
Leaf_ITS_F16_R13	7,947	NA	2,586	32.5%	2586	2281	2274	2272	2153	1589
Leaf_ITS_F16_R14	7,004	NA	2,849	40.7%	2849	2420	2413	2406	2273	1686
Leaf_ITS_F16_R15	5,181	NA	1,734	33.5%	1734	1515	1510	1509	1443	1043
Leaf_ITS_F16_R16	2,544	NA	1,053	41.4%	1053	240	238	239	224	177
Leaf_ITS_F16_R17	41,299	NA	39,137	94.8%	39137	33847	33803	33794	33107	32375
Leaf_ITS_F16_R18	54,400	NA	51,597	94.8%	51597	46165	46132	46123	45517	44446
Leaf_ITS_F16_R19	51,624	NA	47,153	91.3%	47153	41670	41664	41655	40959	39627
Leaf_ITS_F16_R2	60,940	NA	38,582	63.3%	38582	33796	33788	33767	33284	32000
Leaf_ITS_F16_R20	25,357	NA	23,530	92.8%	23530	20663	20653	20634	20387	19966
Leaf_ITS_F16_R21	33,646	NA	31,117	92.5%	31117	27701	27683	27679	27083	26070
Leaf_ITS_F16_R22	26,538	NA	25,460	95.9%	25460	22507	22404	22428	21718	21232
Leaf_ITS_F16_R23	37,250	NA	35,568	95.5%	35568	31053	31043	31041	30375	29537
Leaf_ITS_F16_R24	44,576	NA	42,280	94.8%	42280	37286	37267	37260	35845	34806
Leaf_ITS_F16_R3	74,701	NA	42,470	56.9%	42470	38073	38055	38045	37522	36359
Leaf_ITS_F16_R4	55,669	NA	32,558	58.5%	32558	28802	28794	28780	28409	27328
Leaf_ITS_F16_R5	79,475	NA	36,275	45.6%	36275	31761	31742	31735	31243	30370
Leaf_ITS_F16_R6	97,221	NA	39,244	40.4%	39244	34941	34920	34914	34444	33040
Leaf_ITS_F16_R7	61,927	NA	33,591	54.2%	33591	29853	29836	29823	28970	27929
Leaf_ITS_F16_R8	65,980	NA	21,797	33.0%	21797	19247	19229	19224	18737	17264
Leaf_ITS_F16_R9	42,816	NA	2,389	5.6%	2389	2095	2090	2085	1969	1465
Leaf_ITS_F17_R1	41,058	NA	37,075	90.3%	37075	32748	32713	32702	32053	30896
Leaf_ITS_F17_R10	3,849	NA	1,317	34.2%	1317	1157	1154	1151	1064	812
Leaf_ITS_F17_R11	4,781	NA	1,357	28.4%	1357	1203	1200	1197	1131	931
Leaf_ITS_F17_R12	5,727	NA	1,706	29.8%	1706	1508	1506	1502	1378	1062
Leaf_ITS_F17_R13	58,059	NA	2,049	3.5%	2049	1799	1798	1797	1688	1293
Leaf_ITS_F17_R14	39,712	NA	2,341	5.9%	2341	2060	2052	2050	1930	1533
Leaf_ITS_F17_R15	48,797	NA	1,396	2.9%	1396	1232	1226	1222	1132	888
Leaf_ITS_F17_R16	41,944	NA	1,704	4.1%	1704	1490	1476	1467	1382	1155
Leaf_ITS_F17_R17	54,284	NA	27,066	49.9%	27066	16851	16822	16813	16029	15701
Leaf_ITS_F17_R18	83,680	NA	34,938	41.8%	34938	31099	30995	30975	29771	28836
Leaf_ITS_F17_R19	95,304	NA	36,016	37.8%	36016	32385	32372	32356	32028	31306
Leaf_ITS_F17_R2	28,622	NA	25,367	88.6%	25367	22520	22507	22501	22155	21451
Leaf_ITS_F17_R20	60,033	NA	18,636	31.0%	18636	16397	16386	16383	16124	15858
Leaf_ITS_F17_R21	62,011	NA	25,117	40.5%	25117	22496	22487	22474	21945	21336
Leaf_ITS_F17_R22	17,707	NA	16,692	94.3%	16692	14998	14989	14991	14584	14329
Leaf_ITS_F17_R23	65,284	NA	33,156	50.8%	33156	29721	29700	29703	28918	28362
Leaf_ITS_F17_R24	90,232	NA	35,885	39.8%	35885	32228	32202	32189	30841	30064
Leaf_ITS_F17_R3	13,401	NA	8,745	65.3%	8745	7853	7843	7831	7560	7036
Leaf_ITS_F17_R4	28,010	NA	24,245	86.6%	24245	21048	21040	21030	20709	20109
Leaf_ITS_F17_R5	30,446	NA	26,698	87.7%	26698	23546	23505	23510	23072	22609
Leaf_ITS_F17_R6	32,154	NA	27,150	84.4%	27150	24410	24388	24370	23743	22872
Leaf_ITS_F17_R7	32,660	NA	29,493	90.3%	29493	26416	26392	26384	26100	25563
Leaf_ITS_F17_R8	30,545	NA	27,539	90.2%	27539	24456	24438	24433	23920	22987
Leaf_ITS_F17_R9	5,739	NA	1,896	33.0%	1896	1695	1691	1688	1585	1214
Leaf_ITS_F18_R1	28,828	NA	25,359	88.0%	25359	22095	22081	22059	21520	20700
Leaf_ITS_F18_R10	3,265	NA	1,006	30.8%	1006	852	848	852	789	593
Leaf_ITS_F18_R11	4,067	NA	1,081	26.6%	1081	954	954	950	885	707
Leaf_ITS_F18_R12	4,779	NA	1,349	28.2%	1349	1195	1190	1188	1115	837
Leaf_ITS_F18_R13	39,338	NA	1,677	4.3%	1677	1502	1499	1493	1393	1037
Leaf_ITS_F18_R14	42,894	NA	1,963	4.6%	1963	1712	1710	1706	1626	1210
Leaf_ITS_F18_R15	35,302	NA	1,159	3.3%	1159	1002	1000	998	940	731
Leaf_ITS_F18_R16	52,451	NA	1,320	2.5%	1320	1096	1094	1092	1024	838
Leaf_ITS_F18_R17	76,813	NA	43,211	56.3%	43211	36504	36453	36436	36120	35707
Leaf_ITS_F18_R18	32,973	NA	17,370	52.7%	17370	9492	9489	9487	9404	9241
Leaf_ITS_F18_R19	38,399	NA	2,043	5.3%	2043	1766	1762	1761	1651	1272
Leaf_ITS_F18_R2	23,790	NA	21,053	88.5%	21053	18564	18555	18543	18186	17564
Leaf_ITS_F18_R20	52,512	NA	18,330	34.9%	18330	15922	15910	15909	15722	15521
Leaf_ITS_F18_R21	90,818	NA	23,488	25.9%	23488	20297	20273	20273	19810	19265
Leaf_ITS_F18_R22	47,191	NA	25,524	54.1%	25524	22382	22371	22372	22135	21751
Leaf_ITS_F18_R23	51,564	NA	24,648	47.8%	24648	21888	21882	21876	21174	20735
Leaf_ITS_F18_R24	82,193	NA	36,960	45.0%	36960	33098	33078	32971	32184	31451
Leaf_ITS_F18_R3	27,772	NA	23,667	85.2%	23667	20506	20486	20476	20068	19569
Leaf_ITS_F18_R4	17,460	NA	14,140	81.0%	14140	12400	12377	12384	12117	11613
Leaf_ITS_F18_R5	24,671	NA	21,301	86.3%	21301	18639	18614	18613	18224	17789
Leaf_ITS_F18_R6	24,745	NA	20,296	82.0%	20296	17921	17913	17904	17624	16923
Leaf_ITS_F18_R7	25,467	NA	22,879	89.8%	22879	19965	19951	19945	19324	18741
Leaf_ITS_F18_R8	26,236	NA	23,657	90.2%	23657	20808	20794	20789	20345	19402
Leaf_ITS_F18_R9	4,899	NA	1,528	31.2%	1528	1346	1344	1342	1253	957
Leaf_ITS_F19_R1	63,910	NA	60,226	94.2%	60226	28047	28036	28011	27424	26416
Leaf_ITS_F19_R10	3,783	NA	1,717	45.4%	1717	832	829	826	765	570
Leaf_ITS_F19_R11	4,441	NA	1,772	39.9%	1772	900	900	899	845	695
Leaf_ITS_F19_R12	5,234	NA	2,196	42.0%	2196	1145	1142	1143	1064	770
Leaf_ITS_F19_R13	36,689	NA	2,572	7.0%	2572	1332	1332	1330	1223	920
Leaf_ITS_F19_R14	43,471	NA	3,010	6.9%	3010	1397	1395	1394	1284	959
Leaf_ITS_F19_R15	34,898	NA	1,762	5.0%	1762	730	728	725	689	523
Leaf_ITS_F19_R16	46,006	NA	2,138	4.6%	2138	1016	1013	1010	935	762
Leaf_ITS_F19_R17	83,963	NA	48,017	57.2%	48017	19332	19325	19314	18944	18617
Leaf_ITS_F19_R18	33,533	NA	31,044	92.6%	31044	15668	15660	15652	15306	14837
Leaf_ITS_F19_R19	74,233	NA	34,237	46.1%	34237	4094	4094	4094	4056	3971
Leaf_ITS_F19_R2	40,699	NA	37,923	93.2%	37923	18100	18093	18083	16993	16400
Leaf_ITS_F19_R20	60,143	NA	22,387	37.2%	22387	12560	12556	12546	12201	11948
Leaf_ITS_F19_R21	55,350	NA	30,261	54.7%	30261	16340	16330	16320	15823	15352
Leaf_ITS_F19_R22	46,359	NA	25,189	54.3%	25189	14182	14176	14169	13626	13357
Leaf_ITS_F19_R23	68,467	NA	39,506	57.7%	39506	19539	19530	19528	19131	18694
Leaf_ITS_F19_R24	64,151	NA	33,030	51.5%	33030	17178	17165	17144	16695	16146
Leaf_ITS_F19_R3	40,039	NA	36,018	90.0%	36018	17627	17620	17591	16995	16439
Leaf_ITS_F19_R4	27,011	NA	24,082	89.2%	24082	12017	12012	12008	11741	11249
Leaf_ITS_F19_R5	39,411	NA	36,309	92.1%	36309	18622	18620	18614	18167	17633
Leaf_ITS_F19_R6	40,396	NA	36,434	90.2%	36434	19195	19189	19177	18733	17918
Leaf_ITS_F19_R7	36,389	NA	33,814	92.9%	33814	16020	16011	16008	15448	14931
Leaf_ITS_F19_R8	43,740	NA	41,274	94.4%	41274	19007	19003	18997	18427	17437
Leaf_ITS_F19_R9	5,157	NA	2,272	44.1%	2272	1174	1173	1171	1092	838
Leaf_ITS_F2_R1	47,422	NA	34,151	72.0%	34150	30154	30135	30109	29796	28651
Leaf_ITS_F2_R10	49,840	NA	25,053	50.3%	25053	21314	21307	21306	20786	20302
Leaf_ITS_F2_R11	52,925	NA	25,558	48.3%	25558	22307	22301	22299	21754	21249
Leaf_ITS_F2_R12	79,011	NA	26,055	33.0%	26055	23116	23108	23106	22773	22192
Leaf_ITS_F2_R13	69,853	NA	38,989	55.8%	38989	34901	34895	34890	34367	33582
Leaf_ITS_F2_R14	96,342	NA	62,535	64.9%	62535	55022	54961	54965	53860	52337
Leaf_ITS_F2_R15	33,570	NA	29,498	87.9%	29497	25869	25850	25843	25538	25140
Leaf_ITS_F2_R16	58,180	NA	20,263	34.8%	20262	16365	16331	16319	15898	15536
Leaf_ITS_F2_R17	26,984	NA	1,707	6.3%	1707	1423	1420	1416	1362	1087
Leaf_ITS_F2_R18	26,427	NA	2,294	8.7%	2294	1972	1970	1963	1855	1399
Leaf_ITS_F2_R19	46,816	NA	2,259	4.8%	2259	1998	1988	1987	1881	1382
Leaf_ITS_F2_R2	38,009	NA	18,391	48.4%	18391	4061	4060	4061	3955	3826
Leaf_ITS_F2_R20	23,595	NA	660	2.8%	660	576	576	575	527	439
Leaf_ITS_F2_R21	23,863	NA	1,992	8.3%	1992	1737	1731	1729	1633	1187
Leaf_ITS_F2_R22	2,023	NA	1,140	56.4%	1140	991	986	986	946	775
Leaf_ITS_F2_R23	3,277	NA	1,646	50.2%	1646	1441	1440	1440	1365	1037
Leaf_ITS_F2_R24	4,495	NA	2,116	47.1%	2116	1893	1885	1887	1780	1355
Leaf_ITS_F2_R3	38,717	NA	15,680	40.5%	15680	13802	13787	13786	13582	12969
Leaf_ITS_F2_R4	52,773	NA	16,216	30.7%	16215	14305	14295	14291	13984	13422
Leaf_ITS_F2_R5	43,522	NA	11,476	26.4%	11476	9940	9925	9921	9802	9408
Leaf_ITS_F2_R6	61,485	NA	29,338	47.7%	29338	26169	26149	26144	25758	24815
Leaf_ITS_F2_R7	44,941	NA	3,529	7.9%	3528	3064	3050	3043	2944	2513
Leaf_ITS_F2_R8	50,558	NA	21,889	43.3%	21889	19027	19006	19004	18584	17543
Leaf_ITS_F2_R9	61,558	NA	33,498	54.4%	33498	28528	28507	28498	28107	27386
Leaf_ITS_F20_R1	37,243	NA	35,144	94.4%	35144	29870	29844	29814	29121	28081
Leaf_ITS_F20_R10	2,829	NA	1,505	53.2%	1505	1252	1247	1249	1174	920
Leaf_ITS_F20_R11	3,421	NA	1,654	48.3%	1654	1389	1382	1381	1304	1080
Leaf_ITS_F20_R12	4,155	NA	2,031	48.9%	2031	1710	1707	1700	1602	1220
Leaf_ITS_F20_R13	28,829	NA	2,219	7.7%	2219	1890	1881	1880	1776	1316
Leaf_ITS_F20_R14	33,171	NA	2,789	8.4%	2789	2380	2372	2371	2226	1709
Leaf_ITS_F20_R15	27,630	NA	1,646	6.0%	1646	1352	1348	1348	1261	955
Leaf_ITS_F20_R16	25,208	NA	2,072	8.2%	2072	1749	1739	1734	1636	1358
Leaf_ITS_F20_R17	58,227	NA	40,169	69.0%	40169	32434	32415	32408	31797	31221
Leaf_ITS_F20_R18	55,247	NA	34,961	63.3%	34961	29714	29677	29672	29193	28430
Leaf_ITS_F20_R19	65,248	NA	39,002	59.8%	39002	32851	32836	32813	32163	31168
Leaf_ITS_F20_R2	24,766	NA	23,037	93.0%	23037	19278	19256	19250	18870	18135
Leaf_ITS_F20_R20	39,496	NA	20,141	51.0%	20141	12154	12151	12145	11588	11293
Leaf_ITS_F20_R21	45,282	NA	31,314	69.2%	31314	26980	26966	26949	26613	25858
Leaf_ITS_F20_R22	45,942	NA	31,031	67.5%	31031	26391	26378	26380	26068	25443
Leaf_ITS_F20_R23	57,073	NA	38,334	67.2%	38334	33291	33285	33278	32606	31744
Leaf_ITS_F20_R24	64,212	NA	41,610	64.8%	41610	35811	35789	35782	35322	34354
Leaf_ITS_F20_R3	30,269	NA	27,722	91.6%	27722	23398	23372	23363	22546	21732
Leaf_ITS_F20_R4	23,678	NA	21,821	92.2%	21821	18152	18126	18114	17577	16943
Leaf_ITS_F20_R5	25,918	NA	23,993	92.6%	23993	20187	20173	20148	19728	19155
Leaf_ITS_F20_R6	39,733	NA	37,133	93.5%	37133	31620	31591	31592	30483	29332
Leaf_ITS_F20_R7	25,472	NA	23,856	93.7%	23856	20225	20167	20183	19377	18759
Leaf_ITS_F20_R8	25,246	NA	23,771	94.2%	23771	20029	20006	19975	19381	18194
Leaf_ITS_F20_R9	4,130	NA	2,171	52.6%	2171	1825	1823	1819	1704	1322
Leaf_ITS_F21_R1	30,853	NA	28,208	91.4%	28208	22606	22587	22566	22110	21472
Leaf_ITS_F21_R10	2,503	NA	824	32.9%	824	651	651	649	597	462
Leaf_ITS_F21_R11	3,242	NA	965	29.8%	965	783	782	781	724	592
Leaf_ITS_F21_R12	3,561	NA	1,027	28.8%	1027	820	815	816	750	571
Leaf_ITS_F21_R13	36,633	NA	1,377	3.8%	1377	1091	1087	1086	1016	813
Leaf_ITS_F21_R14	4,949	NA	1,584	32.0%	1584	1267	1264	1261	1182	936
Leaf_ITS_F21_R15	31,505	NA	914	2.9%	914	706	704	703	676	554
Leaf_ITS_F21_R16	29,940	NA	1,063	3.6%	1063	856	851	853	806	661
Leaf_ITS_F21_R17	55,178	NA	31,512	57.1%	31512	24060	24028	24028	23609	23223
Leaf_ITS_F21_R18	84,750	NA	60,724	71.7%	60724	49591	49549	49511	48694	47947
Leaf_ITS_F21_R19	55,420	NA	22,119	39.9%	22119	17181	17177	17172	16844	16430
Leaf_ITS_F21_R2	20,633	NA	18,667	90.5%	18667	14300	14291	14279	14007	13571
Leaf_ITS_F21_R20	41,419	NA	11,586	28.0%	11586	8937	8936	8930	8757	8592
Leaf_ITS_F21_R21	29,427	NA	15,798	53.7%	15798	4137	4136	4136	4024	3929
Leaf_ITS_F21_R22	33,946	NA	18,465	54.4%	18465	14821	14814	14795	14449	14195
Leaf_ITS_F21_R23	56,548	NA	16,440	29.1%	16440	12064	12050	12045	11767	11494
Leaf_ITS_F21_R24	68,135	NA	21,241	31.2%	21241	16847	16829	16830	16637	16318
Leaf_ITS_F21_R3	20,767	NA	17,660	85.0%	17660	13311	13303	13288	13062	12708
Leaf_ITS_F21_R4	17,173	NA	14,790	86.1%	14790	11714	11710	11702	11468	11068
Leaf_ITS_F21_R5	22,128	NA	19,574	88.5%	19574	15986	15975	15972	15642	15294
Leaf_ITS_F21_R6	5,517	NA	2,291	41.5%	2291	1797	1793	1789	1680	1320
Leaf_ITS_F21_R7	3,671	NA	1,645	44.8%	1645	1295	1292	1290	1221	995
Leaf_ITS_F21_R8	4,349	NA	2,534	58.3%	2534	1993	1992	1989	1861	1427
Leaf_ITS_F21_R9	3,789	NA	1,248	32.9%	1248	968	964	959	892	686
Leaf_ITS_F22_R1	3,766	NA	1,399	37.1%	1399	1207	1198	1196	1121	931
Leaf_ITS_F22_R10	1,884	NA	444	23.6%	444	378	378	375	360	302
Leaf_ITS_F22_R11	2,557	NA	526	20.6%	526	450	449	447	429	361
Leaf_ITS_F22_R12	2,795	NA	521	18.6%	521	450	448	447	427	339
Leaf_ITS_F22_R13	38,125	NA	643	1.7%	643	539	538	535	493	394
Leaf_ITS_F22_R14	28,420	NA	818	2.9%	818	695	692	692	646	523
Leaf_ITS_F22_R15	19,522	NA	485	2.5%	485	409	408	408	377	316
Leaf_ITS_F22_R16	25,848	NA	685	2.7%	685	572	568	571	525	459
Leaf_ITS_F22_R17	17,335	NA	658	3.8%	658	536	531	534	508	439
Leaf_ITS_F22_R18	49,297	NA	21,491	43.6%	21491	18796	18769	18769	18485	18206
Leaf_ITS_F22_R19	51,176	NA	21,602	42.2%	21602	18039	18024	18027	17739	17457
Leaf_ITS_F22_R2	2,770	NA	881	31.8%	881	753	748	749	693	549
Leaf_ITS_F22_R20	45,668	NA	14,670	32.1%	14670	12695	12688	12686	12469	12274
Leaf_ITS_F22_R21	36,949	NA	15,840	42.9%	15840	13620	13614	13615	13185	13015
Leaf_ITS_F22_R22	21,576	NA	10,712	49.6%	10712	4221	4220	4220	4155	4098
Leaf_ITS_F22_R23	50,443	NA	21,506	42.6%	21506	18740	18724	18724	18355	18100
Leaf_ITS_F22_R24	53,960	NA	22,268	41.3%	22268	19590	19578	19575	19055	18634
Leaf_ITS_F22_R3	3,475	NA	808	23.3%	808	677	668	669	632	504
Leaf_ITS_F22_R4	2,680	NA	673	25.1%	673	586	584	583	548	442
Leaf_ITS_F22_R5	2,926	NA	769	26.3%	769	645	642	636	601	515
Leaf_ITS_F22_R6	4,072	NA	1,097	26.9%	1097	926	925	925	871	687
Leaf_ITS_F22_R7	2,738	NA	935	34.1%	935	792	786	789	748	645
Leaf_ITS_F22_R8	2,884	NA	1,295	44.9%	1295	1138	1135	1134	1044	822
Leaf_ITS_F22_R9	2,771	NA	701	25.3%	701	601	598	597	561	461
Leaf_ITS_F23_R1	4,540	NA	1,827	40.2%	1827	1620	1615	1611	1520	1076
Leaf_ITS_F23_R10	2,482	NA	595	24.0%	595	530	529	530	502	350
Leaf_ITS_F23_R11	3,210	NA	708	22.1%	708	627	624	626	595	436
Leaf_ITS_F23_R12	3,815	NA	831	21.8%	831	748	747	748	710	480
Leaf_ITS_F23_R13	34,373	NA	993	2.9%	993	899	898	897	856	604
Leaf_ITS_F23_R14	45,979	NA	1,118	2.4%	1118	1018	1013	1013	961	667
Leaf_ITS_F23_R15	38,628	NA	674	1.7%	674	587	587	585	556	404
Leaf_ITS_F23_R16	36,906	NA	847	2.3%	847	725	721	720	680	529
Leaf_ITS_F23_R17	61,585	NA	28,883	46.9%	28883	25250	25228	25212	24702	23973
Leaf_ITS_F23_R18	52,307	NA	25,743	49.2%	25743	22919	22897	22901	22474	21843
Leaf_ITS_F23_R19	74,679	NA	28,184	37.7%	28184	25305	25296	25292	24756	23886
Leaf_ITS_F23_R2	3,318	NA	1,192	35.9%	1192	1062	1057	1054	985	679
Leaf_ITS_F23_R20	57,594	NA	18,586	32.3%	18586	16479	16470	16467	16211	15831
Leaf_ITS_F23_R21	60,542	NA	41,038	67.8%	41038	36820	36801	36795	35631	33672
Leaf_ITS_F23_R22	49,541	NA	27,691	55.9%	27691	24906	24898	24898	24491	23502
Leaf_ITS_F23_R23	11,314	NA	8,344	73.7%	8344	1249	1248	1248	1237	1166
Leaf_ITS_F23_R24	74,973	NA	30,240	40.3%	30240	27283	27262	27267	26723	25142
Leaf_ITS_F23_R3	4,455	NA	1,166	26.2%	1166	1048	1043	1044	1003	705
Leaf_ITS_F23_R4	3,627	NA	1,084	29.9%	1084	955	952	954	899	640
Leaf_ITS_F23_R5	3,419	NA	902	26.4%	902	783	782	782	730	537
Leaf_ITS_F23_R6	5,192	NA	1,667	32.1%	1667	1492	1491	1491	1420	956
Leaf_ITS_F23_R7	3,309	NA	1,229	37.1%	1229	1094	1092	1091	1022	772
Leaf_ITS_F23_R8	3,888	NA	1,810	46.6%	1810	1623	1620	1617	1547	1022
Leaf_ITS_F23_R9	3,621	NA	934	25.8%	933	826	817	819	784	544
Leaf_ITS_F24_R1	6,979	NA	2,814	40.3%	2813	2474	2470	2454	2328	1675
Leaf_ITS_F24_R10	3,617	NA	953	26.3%	953	824	823	823	778	540
Leaf_ITS_F24_R11	4,865	NA	985	20.2%	985	872	870	871	825	640
Leaf_ITS_F24_R12	5,313	NA	1,287	24.2%	1287	1115	1111	1112	1041	752
Leaf_ITS_F24_R13	36,650	NA	1,507	4.1%	1507	1338	1337	1335	1273	940
Leaf_ITS_F24_R14	48,597	NA	1,604	3.3%	1604	1416	1412	1408	1340	961
Leaf_ITS_F24_R15	39,352	NA	1,016	2.6%	1016	877	873	870	828	597
Leaf_ITS_F24_R16	43,116	NA	1,390	3.2%	1390	1150	1145	1143	1091	893
Leaf_ITS_F24_R17	83,857	NA	48,634	58.0%	48634	41704	41689	41670	41037	40154
Leaf_ITS_F24_R18	83,326	NA	42,625	51.2%	42624	37591	37575	37533	37029	36114
Leaf_ITS_F24_R19	69,062	NA	30,276	43.8%	30276	26338	26325	26325	25876	25078
Leaf_ITS_F24_R2	5,173	NA	1,874	36.2%	1874	1619	1612	1609	1489	1041
Leaf_ITS_F24_R20	62,674	NA	21,756	34.7%	21756	19064	19062	19056	18712	18340
Leaf_ITS_F24_R21	73,287	NA	48,084	65.6%	48084	42255	42248	42241	41599	40645
Leaf_ITS_F24_R22	53,143	NA	30,354	57.1%	30354	27190	27140	27126	26064	25542
Leaf_ITS_F24_R23	74,598	NA	41,642	55.8%	41642	37510	37502	37499	37311	36765
Leaf_ITS_F24_R24	63,245	NA	45,821	72.4%	45821	26362	26360	26360	25805	25432
Leaf_ITS_F24_R3	6,628	NA	1,663	25.1%	1663	1490	1486	1477	1401	993
Leaf_ITS_F24_R4	5,487	NA	1,579	28.8%	1579	1394	1392	1389	1306	932
Leaf_ITS_F24_R5	5,501	NA	1,420	25.8%	1420	1242	1241	1237	1186	860
Leaf_ITS_F24_R6	7,473	NA	2,475	33.1%	2475	2157	2155	2152	2046	1468
Leaf_ITS_F24_R7	5,208	NA	1,770	34.0%	1770	1548	1545	1543	1476	1130
Leaf_ITS_F24_R8	5,836	NA	2,750	47.1%	2750	2429	2425	2427	2290	1522
Leaf_ITS_F24_R9	5,298	NA	1,362	25.7%	1361	1193	1192	1186	1145	830
Leaf_ITS_F3_R1	58,638	NA	50,858	86.7%	50858	44777	44760	44704	44095	42785
Leaf_ITS_F3_R10	47,212	NA	12,194	25.8%	12193	10585	10579	10571	10108	9582
Leaf_ITS_F3_R11	38,280	NA	18,421	48.1%	18421	16343	16310	16310	15620	15047
Leaf_ITS_F3_R12	60,705	NA	31,345	51.6%	31345	27915	27898	27878	27412	26336
Leaf_ITS_F3_R13	112,240	NA	86,283	76.9%	86282	75543	75514	75484	74362	72848
Leaf_ITS_F3_R14	96,054	NA	52,817	55.0%	52817	45980	45956	45905	44554	43080
Leaf_ITS_F3_R15	33,896	NA	29,767	87.8%	29767	25543	25532	25522	25196	24459
Leaf_ITS_F3_R16	70,006	NA	28,234	40.3%	28234	25085	25062	25056	24355	23769
Leaf_ITS_F3_R17	9,841	NA	1,910	19.4%	1910	1571	1568	1567	1489	1167
Leaf_ITS_F3_R18	29,355	NA	2,825	9.6%	2825	2436	2425	2425	2311	1670
Leaf_ITS_F3_R19	44,940	NA	2,847	6.3%	2847	2488	2485	2479	2343	1688
Leaf_ITS_F3_R2	36,615	NA	20,644	56.4%	20644	18218	18206	18206	17741	16910
Leaf_ITS_F3_R20	27,130	NA	893	3.3%	893	774	770	767	727	576
Leaf_ITS_F3_R21	23,162	NA	2,411	10.4%	2411	2098	2094	2094	1993	1440
Leaf_ITS_F3_R22	2,148	NA	1,315	61.2%	1315	1152	1149	1149	1088	854
Leaf_ITS_F3_R23	3,579	NA	2,012	56.2%	2012	1751	1750	1750	1622	1168
Leaf_ITS_F3_R24	4,628	NA	2,600	56.2%	2600	2308	2301	2300	2174	1653
Leaf_ITS_F3_R3	32,481	NA	15,282	47.0%	15282	9908	9905	9898	9602	9198
Leaf_ITS_F3_R4	44,451	NA	26,220	59.0%	26220	22723	22716	22713	22373	21555
Leaf_ITS_F3_R5	65,278	NA	31,971	49.0%	31971	27887	27875	27871	27178	26442
Leaf_ITS_F3_R6	62,031	NA	34,475	55.6%	34474	30914	30901	30857	30101	28805
Leaf_ITS_F3_R7	38,211	NA	13,716	35.9%	13716	12068	12058	12051	11812	11184
Leaf_ITS_F3_R8	36,439	NA	15,453	42.4%	15453	13523	13507	13505	13220	12029
Leaf_ITS_F3_R9	63,178	NA	37,356	59.1%	37355	32796	32778	32759	32072	31113
Leaf_ITS_F4_R1	86,775	NA	60,295	69.5%	60295	53206	53113	53106	52088	50874
Leaf_ITS_F4_R10	33,874	NA	14,366	42.4%	14366	12597	12581	12585	12420	12066
Leaf_ITS_F4_R11	33,227	NA	15,874	47.8%	15874	14126	14115	14115	13864	13464
Leaf_ITS_F4_R12	66,305	NA	34,125	51.5%	34125	29362	29302	29332	28859	28014
Leaf_ITS_F4_R13	44,635	NA	22,759	51.0%	22759	20151	20136	20137	19840	19136
Leaf_ITS_F4_R14	46,801	NA	15,359	32.8%	15359	13571	13539	13542	13320	12494
Leaf_ITS_F4_R15	64,342	NA	19,392	30.1%	19392	16969	16958	16951	16750	16293
Leaf_ITS_F4_R16	51,661	NA	19,814	38.4%	19814	17605	17559	17557	17186	16791
Leaf_ITS_F4_R17	26,062	NA	1,745	6.7%	1745	1487	1477	1473	1410	1122
Leaf_ITS_F4_R18	19,476	NA	2,584	13.3%	2584	2298	2288	2287	2158	1666
Leaf_ITS_F4_R19	32,037	NA	2,681	8.4%	2681	2354	2346	2339	2232	1691
Leaf_ITS_F4_R2	51,443	NA	34,082	66.3%	34082	30332	30306	30267	29871	29033
Leaf_ITS_F4_R20	21,556	NA	796	3.7%	796	700	697	697	643	509
Leaf_ITS_F4_R21	19,659	NA	2,146	10.9%	2146	1865	1858	1861	1763	1290
Leaf_ITS_F4_R22	2,029	NA	1,166	57.5%	1166	1034	1022	1025	968	773
Leaf_ITS_F4_R23	3,578	NA	1,799	50.3%	1799	1605	1602	1602	1527	1170
Leaf_ITS_F4_R24	4,868	NA	2,618	53.8%	2618	2287	2275	2276	2172	1711
Leaf_ITS_F4_R3	45,335	NA	16,958	37.4%	16958	14905	14853	14857	14465	13799
Leaf_ITS_F4_R4	35,622	NA	16,528	46.4%	16528	11012	11006	11003	10901	10711
Leaf_ITS_F4_R5	73,508	NA	42,061	57.2%	42061	37430	37321	37271	36665	35781
Leaf_ITS_F4_R6	101,258	NA	56,896	56.2%	56896	49928	49823	49885	49130	47521
Leaf_ITS_F4_R7	41,438	NA	17,002	41.0%	17002	14604	14555	14563	14298	13767
Leaf_ITS_F4_R8	63,910	NA	42,995	67.3%	42995	37835	37746	37784	36994	35491
Leaf_ITS_F4_R9	74,396	NA	25,791	34.7%	25791	22890	22871	22873	22516	21927
Leaf_ITS_F5_R1	116,603	NA	93,388	80.1%	93385	81167	80982	81043	79568	77108
Leaf_ITS_F5_R10	47,656	NA	21,235	44.6%	21235	18368	18338	18350	18041	17363
Leaf_ITS_F5_R11	53,826	NA	26,144	48.6%	26143	22961	22934	22930	22320	21341
Leaf_ITS_F5_R12	56,779	NA	31,605	55.7%	31605	27738	27707	27697	27327	26349
Leaf_ITS_F5_R13	53,055	NA	24,543	46.3%	24543	21470	21449	21361	20853	20102
Leaf_ITS_F5_R14	88,335	NA	50,120	56.7%	50120	42673	42594	42635	41724	40296
Leaf_ITS_F5_R15	47,823	NA	13,775	28.8%	13774	11943	11919	11921	11697	11178
Leaf_ITS_F5_R16	77,782	NA	41,123	52.9%	41123	35925	35901	35892	34822	34104
Leaf_ITS_F5_R17	29,887	NA	2,265	7.6%	2265	1902	1896	1891	1799	1447
Leaf_ITS_F5_R18	27,910	NA	3,160	11.3%	3160	2786	2771	2767	2619	2033
Leaf_ITS_F5_R19	47,269	NA	3,232	6.8%	3232	2827	2821	2820	2687	2003
Leaf_ITS_F5_R2	43,887	NA	30,301	69.0%	30301	26812	26769	26785	26276	25193
Leaf_ITS_F5_R20	25,394	NA	1,036	4.1%	1036	911	907	907	858	698
Leaf_ITS_F5_R21	26,537	NA	2,662	10.0%	2662	2361	2355	2356	2230	1640
Leaf_ITS_F5_R22	2,590	NA	1,458	56.3%	1458	1288	1284	1281	1225	995
Leaf_ITS_F5_R23	4,177	NA	2,174	52.0%	2174	1911	1903	1902	1818	1368
Leaf_ITS_F5_R24	5,872	NA	3,145	53.6%	3145	2750	2730	2734	2580	2014
Leaf_ITS_F5_R3	68,800	NA	32,736	47.6%	32736	28751	28704	28724	27903	26960
Leaf_ITS_F5_R4	76,865	NA	29,798	38.8%	29798	26543	26497	26503	26155	25265
Leaf_ITS_F5_R5	56,209	NA	26,405	47.0%	26405	20007	19979	19987	19632	19122
Leaf_ITS_F5_R6	65,021	NA	31,834	49.0%	31834	28277	28245	28241	27798	26317
Leaf_ITS_F5_R7	54,319	NA	31,271	57.6%	31270	27618	27584	27586	27217	26007
Leaf_ITS_F5_R8	60,781	NA	31,565	51.9%	31565	27897	27839	27832	27271	25800
Leaf_ITS_F5_R9	87,946	NA	36,628	41.6%	36628	32582	32555	32539	31840	31071
Leaf_ITS_F6_R1	65,305	NA	45,429	69.6%	45429	40526	40491	40460	39755	38322
Leaf_ITS_F6_R10	69,842	NA	33,243	47.6%	33243	29301	29281	29264	28747	28092
Leaf_ITS_F6_R11	43,831	NA	26,358	60.1%	26358	23500	23486	23480	22956	22337
Leaf_ITS_F6_R12	73,514	NA	28,688	39.0%	28688	25087	24961	25069	24526	23845
Leaf_ITS_F6_R13	65,806	NA	27,863	42.3%	27863	24457	24413	24427	23911	23143
Leaf_ITS_F6_R14	231,517	NA	188,058	81.2%	188058	167054	166882	166902	164006	160852
Leaf_ITS_F6_R15	69,721	NA	23,924	34.3%	23924	21014	20997	21003	20644	19948
Leaf_ITS_F6_R16	89,261	NA	51,233	57.4%	51233	45427	45388	45387	44599	43871
Leaf_ITS_F6_R17	28,682	NA	2,194	7.6%	2194	1790	1781	1781	1686	1288
Leaf_ITS_F6_R18	25,464	NA	3,456	13.6%	3456	2995	2985	2986	2831	2145
Leaf_ITS_F6_R19	45,006	NA	3,297	7.3%	3297	2924	2922	2920	2741	2028
Leaf_ITS_F6_R2	59,414	NA	30,047	50.6%	30047	26085	26046	26054	25539	24370
Leaf_ITS_F6_R20	36,720	NA	957	2.6%	957	830	827	827	768	605
Leaf_ITS_F6_R21	6,077	NA	2,770	45.6%	2770	2428	2417	2418	2289	1727
Leaf_ITS_F6_R22	2,483	NA	1,440	58.0%	1440	1267	1265	1262	1198	977
Leaf_ITS_F6_R23	4,596	NA	2,407	52.4%	2407	2107	2098	2100	1981	1511
Leaf_ITS_F6_R24	5,826	NA	3,078	52.8%	3078	2696	2680	2690	2535	1910
Leaf_ITS_F6_R3	63,119	NA	25,995	41.2%	25995	22746	22722	22712	22405	21419
Leaf_ITS_F6_R4	99,845	NA	41,395	41.5%	41395	36382	36306	36309	35599	34572
Leaf_ITS_F6_R5	60,774	NA	28,604	47.1%	28604	24930	24890	24903	24428	23688
Leaf_ITS_F6_R6	30,998	NA	14,990	48.4%	14990	4294	4289	4288	4059	3804
Leaf_ITS_F6_R7	56,981	NA	32,502	57.0%	32502	28918	28875	28875	28123	27252
Leaf_ITS_F6_R8	80,217	NA	40,113	50.0%	40113	35128	35064	35103	34316	32512
Leaf_ITS_F6_R9	72,731	NA	44,980	61.8%	44980	39387	39340	39362	38782	37358
Leaf_ITS_F7_R1	38,789	NA	26,991	69.6%	26991	23514	23490	23463	22946	21940
Leaf_ITS_F7_R10	32,482	NA	11,858	36.5%	11858	10280	10264	10262	10108	9811
Leaf_ITS_F7_R11	45,580	NA	22,764	49.9%	22764	19918	19895	19891	19499	19018
Leaf_ITS_F7_R12	62,788	NA	25,942	41.3%	25942	22428	22412	22405	22079	21431
Leaf_ITS_F7_R13	42,378	NA	13,986	33.0%	13986	12123	12093	12084	11740	11332
Leaf_ITS_F7_R14	52,582	NA	25,352	48.2%	25352	22178	22111	22104	21222	20441
Leaf_ITS_F7_R15	64,231	NA	20,782	32.4%	20782	18215	18183	18193	17833	16938
Leaf_ITS_F7_R16	60,258	NA	26,638	44.2%	26638	23494	23450	23455	22984	22291
Leaf_ITS_F7_R17	30,182	NA	1,757	5.8%	1757	1430	1421	1417	1345	1122
Leaf_ITS_F7_R18	27,961	NA	2,273	8.1%	2273	1949	1932	1932	1824	1474
Leaf_ITS_F7_R19	40,044	NA	2,247	5.6%	2247	1983	1978	1978	1865	1455
Leaf_ITS_F7_R2	44,555	NA	40,307	90.5%	40307	35039	35028	35000	34529	33689
Leaf_ITS_F7_R20	23,732	NA	788	3.3%	788	683	678	672	634	550
Leaf_ITS_F7_R21	4,288	NA	1,851	43.2%	1851	1639	1632	1625	1521	1168
Leaf_ITS_F7_R22	2,120	NA	1,209	57.0%	1209	1066	1062	1059	1008	855
Leaf_ITS_F7_R23	3,057	NA	1,526	49.9%	1526	1313	1300	1298	1210	939
Leaf_ITS_F7_R24	4,547	NA	2,431	53.5%	2431	2129	2112	2108	1982	1652
Leaf_ITS_F7_R3	39,426	NA	24,079	61.1%	24079	21473	21456	21442	21080	20383
Leaf_ITS_F7_R4	42,223	NA	23,893	56.6%	23893	21019	20961	20955	20445	19795
Leaf_ITS_F7_R5	52,456	NA	20,788	39.6%	20788	18346	18297	18321	17660	17211
Leaf_ITS_F7_R6	59,222	NA	24,110	40.7%	24110	21082	21044	21046	20056	19271
Leaf_ITS_F7_R7	22,829	NA	10,126	44.4%	10126	2887	2882	2884	2672	2549
Leaf_ITS_F7_R8	38,249	NA	16,162	42.3%	16162	14204	14181	14169	13751	13004
Leaf_ITS_F7_R9	63,813	NA	22,508	35.3%	22508	19685	19664	19649	19211	18828
Leaf_ITS_F8_R1	47,022	NA	10,508	22.3%	10508	9213	9190	9173	8977	8261
Leaf_ITS_F8_R10	65,327	NA	23,950	36.7%	23950	20885	20869	20855	20499	19927
Leaf_ITS_F8_R11	75,405	NA	20,860	27.7%	20860	18265	18258	18245	17749	17262
Leaf_ITS_F8_R12	121,210	NA	15,858	13.1%	15858	13885	13879	13881	13599	13035
Leaf_ITS_F8_R13	363,485	NA	23,073	6.3%	23073	20316	20306	20296	19973	19230
Leaf_ITS_F8_R14	76,334	NA	32,789	43.0%	32789	29005	28986	28988	28556	27521
Leaf_ITS_F8_R15	67,462	NA	30,090	44.6%	30090	26660	26648	26654	26185	25531
Leaf_ITS_F8_R16	61,444	NA	38,849	63.2%	38849	34841	34825	34816	34523	34129
Leaf_ITS_F8_R17	28,587	NA	1,379	4.8%	1379	1136	1131	1129	1082	841
Leaf_ITS_F8_R18	29,859	NA	2,243	7.5%	2243	1979	1975	1972	1871	1429
Leaf_ITS_F8_R19	51,940	NA	2,103	4.0%	2103	1867	1859	1860	1763	1286
Leaf_ITS_F8_R2	51,182	NA	26,693	52.2%	26693	23425	23413	23406	22905	22240
Leaf_ITS_F8_R20	23,317	NA	636	2.7%	636	562	562	562	543	459
Leaf_ITS_F8_R21	6,771	NA	1,900	28.1%	1900	1677	1674	1674	1589	1152
Leaf_ITS_F8_R22	2,463	NA	977	39.7%	977	869	867	864	811	651
Leaf_ITS_F8_R23	4,693	NA	1,391	29.6%	1391	1201	1198	1197	1136	835
Leaf_ITS_F8_R24	6,337	NA	2,065	32.6%	2065	1848	1840	1847	1747	1340
Leaf_ITS_F8_R3	39,353	NA	19,374	49.2%	19374	17063	17051	17036	16756	16145
Leaf_ITS_F8_R4	65,316	NA	18,666	28.6%	18666	16044	16035	16022	15770	15273
Leaf_ITS_F8_R5	59,133	NA	25,531	43.2%	25531	22320	22314	22308	21689	21217
Leaf_ITS_F8_R6	84,809	NA	38,602	45.5%	38602	34136	34117	34112	33625	32580
Leaf_ITS_F8_R7	39,177	NA	20,888	53.3%	20888	18458	18420	18424	18127	17557
Leaf_ITS_F8_R8	33,815	NA	15,090	44.6%	15090	7795	7794	7793	7687	7373
Leaf_ITS_F8_R9	59,058	NA	19,842	33.6%	19842	17513	17499	17491	17083	16448
Leaf_ITS_F9_R1	112,337	NA	44,495	39.6%	44495	39637	39615	39558	39031	37853
Leaf_ITS_F9_R10	56,154	NA	25,488	45.4%	25488	22325	22305	22276	21805	20987
Leaf_ITS_F9_R11	58,513	NA	23,595	40.3%	23595	20589	20582	20562	19826	19271
Leaf_ITS_F9_R12	62,287	NA	30,000	48.2%	30000	26013	26010	26001	25493	24554
Leaf_ITS_F9_R13	33,656	NA	29,180	86.7%	29180	25391	25381	25353	24888	24134
Leaf_ITS_F9_R14	40,537	NA	37,079	91.5%	37079	33073	33062	33048	32440	31528
Leaf_ITS_F9_R15	30,577	NA	27,660	90.5%	27660	24535	24517	24498	24195	23344
Leaf_ITS_F9_R16	37,299	NA	34,756	93.2%	34756	30928	30912	30888	30147	29413
Leaf_ITS_F9_R17	3,311	NA	1,571	47.4%	1571	1283	1280	1277	1228	910
Leaf_ITS_F9_R18	5,025	NA	2,657	52.9%	2657	2317	2309	2313	2201	1561
Leaf_ITS_F9_R19	6,349	NA	2,627	41.4%	2627	2333	2329	2320	2201	1565
Leaf_ITS_F9_R2	58,580	NA	25,012	42.7%	25012	22145	22131	22106	21741	20753
Leaf_ITS_F9_R20	1,941	NA	701	36.1%	701	624	624	623	596	442
Leaf_ITS_F9_R21	4,312	NA	2,207	51.2%	2207	1971	1968	1965	1853	1272
Leaf_ITS_F9_R22	1,890	NA	1,132	59.9%	1132	991	988	986	931	695
Leaf_ITS_F9_R23	3,333	NA	1,879	56.4%	1879	1638	1638	1637	1558	1139
Leaf_ITS_F9_R24	4,278	NA	2,388	55.8%	2388	2130	2121	2126	1984	1417
Leaf_ITS_F9_R3	62,892	NA	23,430	37.3%	23430	20579	20556	20544	20104	19351
Leaf_ITS_F9_R4	72,160	NA	44,953	62.3%	44953	39754	39718	39711	39262	37858
Leaf_ITS_F9_R5	82,789	NA	45,341	54.8%	45341	40498	40483	40476	40166	39538
Leaf_ITS_F9_R6	72,222	NA	24,943	34.5%	24943	22301	22291	22290	22003	20946
Leaf_ITS_F9_R7	61,810	NA	39,385	63.7%	39385	34788	34765	34769	34196	33246
Leaf_ITS_F9_R8	56,123	NA	34,658	61.8%	34658	30821	30813	30804	30389	29069
Leaf_ITS_F9_R9	42,621	NA	19,090	44.8%	19090	11148	11141	11141	10651	10151
Soil_ITS_F1_R1	16,693	NA	7,106	42.6%	7106	3753	3748	3723	3421	3395
Soil_ITS_F1_R10	93,067	NA	48,664	52.3%	48663	42805	42718	42669	41710	41685
Soil_ITS_F1_R11	73,592	NA	29,252	39.7%	29252	25277	25187	25109	23546	23501
Soil_ITS_F1_R12	41,752	NA	38,951	93.3%	38951	33838	33805	33771	33001	32960
Soil_ITS_F1_R13	8,185	NA	2,623	32.0%	2623	2247	2238	2230	2091	2065
Soil_ITS_F1_R14	66,115	NA	60,855	92.0%	60853	52357	52223	52117	50506	50348
Soil_ITS_F1_R15	34,390	NA	30,696	89.3%	30694	26603	26545	25793	24104	24049
Soil_ITS_F1_R16	76,073	NA	46,823	61.6%	46823	41394	41201	41103	39115	39025
Soil_ITS_F1_R17	111,341	NA	1,084	1.0%	1083	884	873	869	773	749
Soil_ITS_F1_R18	13,598	NA	2,013	14.8%	2013	1708	1698	1676	1538	1510
Soil_ITS_F1_R19	43,746	NA	4,293	9.8%	4291	3655	3647	3608	3363	3297
Soil_ITS_F1_R2	28,721	NA	21,860	76.1%	21860	18792	18766	18764	18407	18320
Soil_ITS_F1_R20	76,093	NA	1,178	1.5%	1178	993	978	970	885	869
Soil_ITS_F1_R21	100,372	NA	2,638	2.6%	2638	2266	2256	2242	2077	2038
Soil_ITS_F1_R22	3,287	NA	2,752	83.7%	2752	2341	2317	2293	2020	1997
Soil_ITS_F1_R23	6,300	NA	3,933	62.4%	3933	3377	3356	3331	3090	3029
Soil_ITS_F1_R24	4,433	NA	2,083	47.0%	2083	1766	1745	1727	1548	1521
Soil_ITS_F1_R3	53,218	NA	3,589	6.7%	3588	3042	3029	3012	2730	2678
Soil_ITS_F1_R4	89,773	NA	60,113	67.0%	60112	53422	53377	53378	52678	52547
Soil_ITS_F1_R5	96,898	NA	93,839	96.8%	93837	77345	77311	77232	75260	75234
Soil_ITS_F1_R6	185,465	NA	134,396	72.5%	134396	119949	119857	119764	117035	116678
Soil_ITS_F1_R7	55,743	NA	48,952	87.8%	48952	43224	43148	43096	41593	41494
Soil_ITS_F1_R8	70,429	NA	26,131	37.1%	26130	22323	22261	22191	21236	21180
Soil_ITS_F1_R9	139,840	NA	99,381	71.1%	99381	85561	85485	85434	83624	83462
Soil_ITS_F10_R1	77,752	NA	38,445	49.4%	38445	33256	33181	33139	31948	31871
Soil_ITS_F10_R10	5,157	NA	2,183	42.3%	2183	353	353	353	334	332
Soil_ITS_F10_R11	103,536	NA	75,699	73.1%	75699	39294	39143	39081	37166	37080
Soil_ITS_F10_R12	65,753	NA	37,572	57.1%	37572	32879	32844	32845	28225	28183
Soil_ITS_F10_R13	197,328	NA	195,320	99.0%	195320	174284	174188	174180	168997	168958
Soil_ITS_F10_R14	247,147	NA	245,046	99.1%	245046	213573	213290	213238	205259	203773
Soil_ITS_F10_R15	3,123	NA	1,963	62.9%	1963	1641	1637	1621	1486	1458
Soil_ITS_F10_R16	51,457	NA	49,969	97.1%	49969	43235	43184	43214	42604	42579
Soil_ITS_F10_R17	1,689	NA	803	47.5%	803	626	622	613	553	528
Soil_ITS_F10_R18	2,664	NA	1,994	74.8%	1994	1661	1650	1638	1475	1450
Soil_ITS_F10_R19	6,425	NA	3,765	58.6%	3761	3110	3097	3075	2825	2738
Soil_ITS_F10_R2	24,243	NA	21,378	88.2%	21378	18477	18459	18429	17684	17606
Soil_ITS_F10_R20	2,191	NA	1,077	49.2%	1077	891	883	882	727	713
Soil_ITS_F10_R21	3,302	NA	2,233	67.6%	2233	1862	1856	1845	1655	1609
Soil_ITS_F10_R22	2,420	NA	2,181	90.1%	2181	1846	1815	1789	1516	1471
Soil_ITS_F10_R23	3,912	NA	3,221	82.3%	3221	2654	2649	2629	2379	2298
Soil_ITS_F10_R24	2,227	NA	1,570	70.5%	1570	1299	1291	1280	1123	1074
Soil_ITS_F10_R3	4,297	NA	2,800	65.2%	2800	2344	2335	2329	2089	2025
Soil_ITS_F10_R4	4,573	NA	3,049	66.7%	3049	2514	2503	2484	2244	2207
Soil_ITS_F10_R5	21,163	NA	9,655	45.6%	9655	8571	8503	8497	8062	8016
Soil_ITS_F10_R6	12,984	NA	5,691	43.8%	5691	4680	4649	4648	4247	4125
Soil_ITS_F10_R7	31,566	NA	5,898	18.7%	5898	4923	4886	4859	4310	4191
Soil_ITS_F10_R8	65,869	NA	64,888	98.5%	64888	57606	57558	57491	56944	56793
Soil_ITS_F10_R9	28,407	NA	26,852	94.5%	26852	22481	22428	22446	20716	20643
Soil_ITS_F11_R1	64,241	NA	39,956	62.2%	39956	35084	35035	35017	34350	34209
Soil_ITS_F11_R10	105,881	NA	26,178	24.7%	26178	23243	23121	23154	22341	22328
Soil_ITS_F11_R11	1,744	NA	771	44.2%	771	132	132	132	120	120
Soil_ITS_F11_R12	25,110	NA	11,663	46.4%	11663	9920	9890	9874	9151	9132
Soil_ITS_F11_R13	24,880	NA	21,137	85.0%	21137	19011	18975	18951	18282	18242
Soil_ITS_F11_R14	21,315	NA	17,583	82.5%	17583	15612	15544	15517	14654	14596
Soil_ITS_F11_R15	16,398	NA	13,729	83.7%	13729	12326	12214	12274	11721	11707
Soil_ITS_F11_R16	21,690	NA	17,950	82.8%	17950	16081	16028	15994	14773	14748
Soil_ITS_F11_R17	2,711	NA	687	25.3%	687	585	579	568	479	470
Soil_ITS_F11_R18	2,958	NA	1,361	46.0%	1361	1182	1167	1163	1031	1019
Soil_ITS_F11_R19	8,263	NA	2,454	29.7%	2452	2157	2141	2123	1887	1856
Soil_ITS_F11_R2	56,287	NA	2,099	3.7%	2099	1813	1795	1777	1539	1517
Soil_ITS_F11_R20	3,640	NA	919	25.2%	919	792	779	774	649	642
Soil_ITS_F11_R21	3,989	NA	1,696	42.5%	1696	1501	1483	1482	1320	1301
Soil_ITS_F11_R22	2,455	NA	2,068	84.2%	2068	1794	1760	1742	1433	1416
Soil_ITS_F11_R23	3,863	NA	2,153	55.7%	2153	1858	1832	1832	1611	1584
Soil_ITS_F11_R24	2,973	NA	1,395	46.9%	1395	1212	1188	1192	1013	1001
Soil_ITS_F11_R3	76,899	NA	41,410	53.8%	41410	36994	36961	36939	30142	30111
Soil_ITS_F11_R4	62,112	NA	36,898	59.4%	36898	32871	32766	32663	31729	31669
Soil_ITS_F11_R5	41,045	NA	30,833	75.1%	30833	27290	27229	27227	26741	26719
Soil_ITS_F11_R6	40,208	NA	15,650	38.9%	15650	13761	13634	13686	12597	12548
Soil_ITS_F11_R7	37,973	NA	25,385	66.9%	25385	17627	17541	17511	16419	16306
Soil_ITS_F11_R8	73,523	NA	29,867	40.6%	29867	25447	25381	25322	23371	23339
Soil_ITS_F11_R9	38,846	NA	2,034	5.2%	2034	1767	1751	1750	1528	1509
Soil_ITS_F12_R1	33,524	NA	1,186	3.5%	1186	1034	1023	1026	933	912
Soil_ITS_F12_R10	67,582	NA	26,330	39.0%	26329	23053	23034	23016	22647	22641
Soil_ITS_F12_R11	25,307	NA	12,098	47.8%	12098	10810	10787	10790	10381	10362
Soil_ITS_F12_R12	8,965	NA	4,327	48.3%	4327	1088	1086	1079	1035	1034
Soil_ITS_F12_R13	4,102	NA	1,017	24.8%	1017	891	888	888	836	821
Soil_ITS_F12_R14	35,556	NA	32,330	90.9%	32330	28443	28408	28355	27513	27464
Soil_ITS_F12_R15	13,604	NA	11,337	83.3%	11337	9975	9947	9895	9573	9561
Soil_ITS_F12_R16	11,815	NA	8,960	75.8%	8960	7910	7882	7836	7403	7398
Soil_ITS_F12_R17	2,200	NA	385	17.5%	385	333	333	328	290	287
Soil_ITS_F12_R18	2,202	NA	837	38.0%	835	725	718	715	646	638
Soil_ITS_F12_R19	6,965	NA	1,732	24.9%	1732	1535	1523	1515	1400	1365
Soil_ITS_F12_R2	86,199	NA	1,974	2.3%	1974	1733	1727	1716	1590	1568
Soil_ITS_F12_R20	2,772	NA	512	18.5%	512	453	447	446	388	379
Soil_ITS_F12_R21	3,168	NA	1,053	33.2%	1053	926	924	912	837	824
Soil_ITS_F12_R22	1,465	NA	1,044	71.3%	1043	918	900	891	748	738
Soil_ITS_F12_R23	2,846	NA	1,422	50.0%	1422	1250	1241	1234	1133	1111
Soil_ITS_F12_R24	2,215	NA	816	36.8%	816	705	700	696	615	600
Soil_ITS_F12_R3	61,360	NA	15,152	24.7%	15152	13264	13230	13236	11914	11880
Soil_ITS_F12_R4	41,344	NA	18,277	44.2%	18277	16293	16277	16231	16081	16018
Soil_ITS_F12_R5	21,125	NA	919	4.4%	919	801	795	795	696	674
Soil_ITS_F12_R6	36,932	NA	2,578	7.0%	2578	2217	2201	2194	2016	1977
Soil_ITS_F12_R7	27,243	NA	15,778	57.9%	15778	14055	14020	13998	13542	13492
Soil_ITS_F12_R8	103,758	NA	78,978	76.1%	78978	69719	69628	69576	67737	67620
Soil_ITS_F12_R9	45,345	NA	42,175	93.0%	42175	38082	37986	37997	36559	36497
Soil_ITS_F13_R1	6,062	NA	2,346	38.7%	2346	2035	2026	2013	1830	1740
Soil_ITS_F13_R10	204,545	NA	823	0.4%	823	726	710	711	625	608
Soil_ITS_F13_R11	25,167	NA	2,078	8.3%	2078	1794	1779	1755	1577	1520
Soil_ITS_F13_R12	3,518	NA	1,735	49.3%	1735	1525	1516	1494	1345	1289
Soil_ITS_F13_R13	3,695	NA	1,265	34.2%	1265	644	643	640	588	566
Soil_ITS_F13_R14	6,630	NA	2,761	41.6%	2761	2413	2390	2365	2082	2027
Soil_ITS_F13_R15	3,978	NA	1,548	38.9%	1548	1353	1341	1340	1223	1176
Soil_ITS_F13_R16	3,678	NA	1,092	29.7%	1092	881	870	859	771	745
Soil_ITS_F13_R17	75,356	NA	73,087	97.0%	73087	62379	62162	62131	60220	59923
Soil_ITS_F13_R18	37,718	NA	36,045	95.6%	36045	31859	31677	31690	29685	29389
Soil_ITS_F13_R19	54,605	NA	49,240	90.2%	49235	43211	42962	43089	41323	41097
Soil_ITS_F13_R2	22,380	NA	2,518	11.3%	2518	2196	2176	2164	1972	1896
Soil_ITS_F13_R20	137,159	NA	135,003	98.4%	135003	120882	120619	120732	118858	118440
Soil_ITS_F13_R21	18,319	NA	16,077	87.8%	16077	14622	14566	14581	14149	14063
Soil_ITS_F13_R22	27,864	NA	27,469	98.6%	27469	23955	23840	23851	22971	22803
Soil_ITS_F13_R23	40,664	NA	39,177	96.3%	39177	35241	35123	35118	34194	34062
Soil_ITS_F13_R24	54,702	NA	53,234	97.3%	53234	46528	46275	46252	44261	44031
Soil_ITS_F13_R3	5,793	NA	2,480	42.8%	2480	2172	2150	2127	1894	1823
Soil_ITS_F13_R4	26,315	NA	23,323	88.6%	23323	20893	20866	20861	19468	19402
Soil_ITS_F13_R5	76,510	NA	48,684	63.6%	48684	43284	43195	43191	42336	42236
Soil_ITS_F13_R6	50,744	NA	39,645	78.1%	39645	34948	34832	34741	32990	32742
Soil_ITS_F13_R7	25,212	NA	8,135	32.3%	8135	7093	7021	6987	6447	6315
Soil_ITS_F13_R8	16,006	NA	3,693	23.1%	3693	3260	3242	3225	2967	2879
Soil_ITS_F13_R9	139,053	NA	2,308	1.7%	2308	2033	2017	2004	1820	1768
Soil_ITS_F14_R1	54,170	NA	2,619	4.8%	2619	2261	2245	2231	2037	2009
Soil_ITS_F14_R10	263,617	NA	849	0.3%	849	727	718	717	621	613
Soil_ITS_F14_R11	22,651	NA	2,233	9.9%	2233	1916	1895	1862	1639	1624
Soil_ITS_F14_R12	37,691	NA	2,010	5.3%	2010	1784	1768	1728	1541	1525
Soil_ITS_F14_R13	8,113	NA	2,095	25.8%	2095	1829	1819	1803	1670	1661
Soil_ITS_F14_R14	2,534	NA	914	36.1%	914	90	90	87	78	77
Soil_ITS_F14_R15	6,027	NA	1,680	27.9%	1680	1462	1450	1442	1301	1289
Soil_ITS_F14_R16	5,883	NA	1,034	17.6%	1034	823	815	811	705	699
Soil_ITS_F14_R17	25,925	NA	22,178	85.5%	22178	19631	19623	19613	19184	19178
Soil_ITS_F14_R18	44,738	NA	42,032	94.0%	42032	37917	37840	37804	36215	36016
Soil_ITS_F14_R19	12,950	NA	3,789	29.3%	3788	3297	3269	3238	2987	2948
Soil_ITS_F14_R2	65,369	NA	2,910	4.5%	2910	2554	2538	2525	2286	2263
Soil_ITS_F14_R20	28,685	NA	24,684	86.1%	24684	22253	22218	22224	19015	19008
Soil_ITS_F14_R21	17,708	NA	13,949	78.8%	13949	12299	12268	12259	11768	11748
Soil_ITS_F14_R22	32,425	NA	31,698	97.8%	31698	28483	28445	28396	27899	27883
Soil_ITS_F14_R23	42,632	NA	39,990	93.8%	39990	35566	35449	35435	34472	34419
Soil_ITS_F14_R24	32,672	NA	30,031	91.9%	30031	26093	26026	26033	25642	25579
Soil_ITS_F14_R3	84,658	NA	78,804	93.1%	78803	70437	70377	70393	68226	68066
Soil_ITS_F14_R4	47,724	NA	2,280	4.8%	2280	1941	1921	1900	1695	1677
Soil_ITS_F14_R5	105,080	NA	67,324	64.1%	67324	60263	60189	60127	59248	59229
Soil_ITS_F14_R6	98,315	NA	47,868	48.7%	47868	42707	42557	42507	41543	41462
Soil_ITS_F14_R7	223,529	NA	191,815	85.8%	191815	164252	163322	163423	158726	158486
Soil_ITS_F14_R8	50,355	NA	46,840	93.0%	46840	41424	41336	41311	38987	38959
Soil_ITS_F14_R9	50,602	NA	2,566	5.1%	2566	2239	2221	2208	2033	2016
Soil_ITS_F15_R1	29,844	NA	1,744	5.8%	1744	1478	1467	1462	1262	1251
Soil_ITS_F15_R10	3,417	NA	628	18.4%	628	521	518	506	436	432
Soil_ITS_F15_R11	18,004	NA	1,548	8.6%	1548	1319	1293	1279	1079	1071
Soil_ITS_F15_R12	14,754	NA	1,292	8.8%	1292	1089	1084	1069	942	939
Soil_ITS_F15_R13	3,926	NA	1,305	33.2%	1305	1114	1099	1096	1001	994
Soil_ITS_F15_R14	4,871	NA	2,310	47.4%	2310	1969	1946	1929	1644	1633
Soil_ITS_F15_R15	2,066	NA	799	38.7%	799	391	390	387	336	334
Soil_ITS_F15_R16	2,931	NA	882	30.1%	882	735	721	709	612	611
Soil_ITS_F15_R17	13,382	NA	11,887	88.8%	11887	10082	10069	10064	9821	9815
Soil_ITS_F15_R18	30,428	NA	29,191	95.9%	29191	25463	25370	25328	22771	22760
Soil_ITS_F15_R19	25,006	NA	20,827	83.3%	20825	15905	15847	15822	14212	14179
Soil_ITS_F15_R2	80,434	NA	10,668	13.3%	10668	9382	9345	9295	8924	8897
Soil_ITS_F15_R20	14,385	NA	12,539	87.2%	12539	11130	11098	11098	10494	10486
Soil_ITS_F15_R21	44,339	NA	42,486	95.8%	42486	37985	37953	37956	37265	37254
Soil_ITS_F15_R22	2,033	NA	1,720	84.6%	1720	1468	1450	1430	1216	1207
Soil_ITS_F15_R23	14,844	NA	13,640	91.9%	13640	11736	11716	11665	11269	11246
Soil_ITS_F15_R24	31,010	NA	29,810	96.1%	29809	22626	22560	22563	21932	21913
Soil_ITS_F15_R3	18,552	NA	13,897	74.9%	13897	12315	12271	12249	11725	11707
Soil_ITS_F15_R4	50,038	NA	20,564	41.1%	20564	16748	16693	16646	15660	15619
Soil_ITS_F15_R5	49,858	NA	30,505	61.2%	30505	26539	26477	26432	25600	25575
Soil_ITS_F15_R6	37,960	NA	35,561	93.7%	35561	31259	31139	31066	29802	29725
Soil_ITS_F15_R7	32,070	NA	28,146	87.8%	28146	23992	23853	23810	22286	22251
Soil_ITS_F15_R8	88,258	NA	58,647	66.4%	58646	50482	50038	50318	48503	48312
Soil_ITS_F15_R9	62,750	NA	1,623	2.6%	1623	1389	1378	1371	1237	1231
Soil_ITS_F16_R1	71,336	NA	28,293	39.7%	28293	24001	23868	23822	22307	22257
Soil_ITS_F16_R10	58,409	NA	1,161	2.0%	1161	1004	987	981	819	812
Soil_ITS_F16_R11	25,048	NA	3,246	13.0%	3244	2729	2679	2634	2193	2179
Soil_ITS_F16_R12	13,992	NA	2,796	20.0%	2796	2406	2382	2346	1981	1944
Soil_ITS_F16_R13	5,051	NA	2,218	43.9%	2218	1888	1862	1869	1632	1610
Soil_ITS_F16_R14	6,516	NA	3,927	60.3%	3927	3244	3194	3155	2667	2630
Soil_ITS_F16_R15	4,141	NA	2,085	50.4%	2085	1779	1743	1734	1488	1475
Soil_ITS_F16_R16	1,154	NA	492	42.6%	492	106	106	104	86	84
Soil_ITS_F16_R17	4,282	NA	2,620	61.2%	2620	1850	1840	1820	1635	1624
Soil_ITS_F16_R18	3,841	NA	2,514	65.5%	2514	2157	2131	2105	1797	1770
Soil_ITS_F16_R19	24,048	NA	18,843	78.4%	18842	16572	16436	16371	15390	15335
Soil_ITS_F16_R2	48,073	NA	36,233	75.4%	36233	32274	32191	32165	30282	30228
Soil_ITS_F16_R20	54,508	NA	52,265	95.9%	52265	47111	47059	47035	39650	39535
Soil_ITS_F16_R21	5,230	NA	3,106	59.4%	3106	2668	2641	2621	2282	2253
Soil_ITS_F16_R22	38,546	NA	38,063	98.7%	38063	33542	33286	33210	31354	31295
Soil_ITS_F16_R23	24,483	NA	23,064	94.2%	23064	20079	19913	19849	18539	18476
Soil_ITS_F16_R24	40,336	NA	38,836	96.3%	38836	34511	34404	34367	32735	32671
Soil_ITS_F16_R3	99,272	NA	25,709	25.9%	25708	21903	21821	21782	20706	20659
Soil_ITS_F16_R4	49,148	NA	23,248	47.3%	23248	19926	19858	19849	18959	18897
Soil_ITS_F16_R5	112,481	NA	84,191	74.8%	84191	72800	72585	72540	70529	70320
Soil_ITS_F16_R6	75,297	NA	44,553	59.2%	44553	40063	39916	39875	38560	38483
Soil_ITS_F16_R7	143,118	NA	139,224	97.3%	139224	117408	116760	116578	111121	110425
Soil_ITS_F16_R8	28,321	NA	26,545	93.7%	26545	22960	22867	22774	21678	21606
Soil_ITS_F16_R9	5,885	NA	2,895	49.2%	2895	2527	2480	2472	2135	2103
Soil_ITS_F17_R1	108,343	NA	104,994	96.9%	104993	93865	93733	93647	91920	91626
Soil_ITS_F17_R10	3,709	NA	742	20.0%	742	616	612	603	553	549
Soil_ITS_F17_R11	3,805	NA	1,986	52.2%	1986	1687	1667	1657	1430	1418
Soil_ITS_F17_R12	2,878	NA	1,571	54.6%	1571	1339	1323	1313	1171	1164
Soil_ITS_F17_R13	82,749	NA	1,967	2.4%	1967	1697	1691	1670	1542	1525
Soil_ITS_F17_R14	27,185	NA	2,759	10.1%	2759	2381	2361	2320	2087	2068
Soil_ITS_F17_R15	14,698	NA	1,406	9.6%	1406	1220	1209	1202	1089	1075
Soil_ITS_F17_R16	4,448	NA	956	21.5%	956	815	795	791	694	690
Soil_ITS_F17_R17	19,486	NA	9,406	48.3%	9406	5365	5355	5339	4871	4835
Soil_ITS_F17_R18	27,022	NA	24,196	89.5%	24196	21417	21306	21273	20415	20383
Soil_ITS_F17_R19	21,016	NA	16,470	78.4%	16470	14396	14325	14276	13699	13662
Soil_ITS_F17_R2	28,868	NA	26,604	92.2%	26604	21426	21331	21326	20252	20218
Soil_ITS_F17_R20	15,618	NA	13,720	87.8%	13720	12099	12071	12058	11598	11575
Soil_ITS_F17_R21	22,401	NA	20,410	91.1%	20410	18190	18029	18062	16925	16892
Soil_ITS_F17_R22	11,489	NA	11,176	97.3%	11176	8748	8714	8692	8409	8391
Soil_ITS_F17_R23	106,469	NA	29,513	27.7%	29513	26513	26476	26437	25118	25053
Soil_ITS_F17_R24	151,176	NA	41,092	27.2%	41092	35725	35588	35616	34494	34470
Soil_ITS_F17_R3	41,794	NA	39,144	93.7%	39143	29009	28856	28768	25506	25481
Soil_ITS_F17_R4	24,240	NA	21,972	90.6%	21972	18323	18263	18236	17564	17550
Soil_ITS_F17_R5	49,309	NA	47,756	96.9%	47756	42328	42172	42232	41646	41606
Soil_ITS_F17_R6	64,255	NA	61,625	95.9%	61625	55405	55232	55259	53983	53854
Soil_ITS_F17_R7	14,263	NA	10,740	75.3%	10739	9426	9351	9315	8793	8747
Soil_ITS_F17_R8	106,613	NA	104,948	98.4%	104948	93332	93206	93247	92264	92058
Soil_ITS_F17_R9	5,079	NA	2,310	45.5%	2310	1971	1963	1933	1790	1770
Soil_ITS_F18_R1	12,615	NA	9,461	75.0%	9460	8258	8252	8235	8125	8102
Soil_ITS_F18_R10	3,226	NA	335	10.4%	335	279	279	277	245	240
Soil_ITS_F18_R11	2,744	NA	868	31.6%	868	746	741	735	651	634
Soil_ITS_F18_R12	1,977	NA	647	32.7%	647	549	549	536	477	468
Soil_ITS_F18_R13	39,456	NA	903	2.3%	903	781	781	778	712	702
Soil_ITS_F18_R14	44,524	NA	1,285	2.9%	1285	1090	1083	1083	943	935
Soil_ITS_F18_R15	29,761	NA	641	2.2%	641	542	538	538	480	471
Soil_ITS_F18_R16	2,843	NA	401	14.1%	401	320	316	310	260	255
Soil_ITS_F18_R17	26,263	NA	1,755	6.7%	1755	1457	1449	1454	1346	1339
Soil_ITS_F18_R18	1,151	NA	441	38.3%	441	176	176	176	156	155
Soil_ITS_F18_R19	41,753	NA	36,373	87.1%	36372	31790	31723	31726	25388	25273
Soil_ITS_F18_R2	29,761	NA	27,163	91.3%	27163	23802	23765	23761	22518	22492
Soil_ITS_F18_R20	125,151	NA	482	0.4%	482	421	417	410	361	355
Soil_ITS_F18_R21	3,017	NA	979	32.4%	979	852	851	848	750	727
Soil_ITS_F18_R22	23,470	NA	20,626	87.9%	20626	17947	17872	17844	16792	16776
Soil_ITS_F18_R23	75,315	NA	32,870	43.6%	32870	28833	28790	28772	27738	27718
Soil_ITS_F18_R24	9,480	NA	2,883	30.4%	2883	2582	2567	2569	2488	2457
Soil_ITS_F18_R3	30,551	NA	27,640	90.5%	27640	24267	24254	24244	23799	23785
Soil_ITS_F18_R4	19,556	NA	17,110	87.5%	17110	15189	15166	15164	14713	14685
Soil_ITS_F18_R5	33,429	NA	32,006	95.7%	32006	27549	27528	27506	23620	23604
Soil_ITS_F18_R6	21,618	NA	19,182	88.7%	19182	16036	16035	16011	15574	15540
Soil_ITS_F18_R7	37,681	NA	33,938	90.1%	33938	29978	29966	29923	29399	29331
Soil_ITS_F18_R8	18,037	NA	16,635	92.2%	16635	14090	14064	14040	13562	13534
Soil_ITS_F18_R9	3,665	NA	1,059	28.9%	1059	916	913	900	819	808
Soil_ITS_F19_R1	35,025	NA	29,279	83.6%	29278	14274	14253	14220	13596	13557
Soil_ITS_F19_R10	5,780	NA	1,336	23.1%	1336	651	651	643	576	570
Soil_ITS_F19_R11	6,093	NA	3,231	53.0%	3231	1786	1778	1755	1520	1498
Soil_ITS_F19_R12	4,677	NA	2,772	59.3%	2772	1536	1528	1514	1325	1299
Soil_ITS_F19_R13	54,686	NA	3,110	5.7%	3110	1692	1686	1685	1559	1525
Soil_ITS_F19_R14	8,755	NA	4,401	50.3%	4401	2080	2079	2050	1831	1802
Soil_ITS_F19_R15	23,571	NA	2,477	10.5%	2477	1095	1094	1083	988	969
Soil_ITS_F19_R16	18,203	NA	1,456	8.0%	1456	712	705	695	601	594
Soil_ITS_F19_R17	16,507	NA	1,220	7.4%	1220	461	461	457	416	410
Soil_ITS_F19_R18	40,580	NA	2,692	6.6%	2690	1399	1397	1383	1251	1228
Soil_ITS_F19_R19	13,165	NA	4,889	37.1%	4878	383	383	383	359	355
Soil_ITS_F19_R2	38,318	NA	34,455	89.9%	34455	18224	18204	18177	17671	17643
Soil_ITS_F19_R20	341,531	NA	49,138	14.4%	49137	27169	27123	27088	25984	25967
Soil_ITS_F19_R21	98,753	NA	54,993	55.7%	54993	26003	25997	25956	25463	25406
Soil_ITS_F19_R22	227,261	NA	224,962	99.0%	224961	123191	123152	123025	108193	108130
Soil_ITS_F19_R23	419,764	NA	385,236	91.8%	385236	221865	221790	221664	219230	217094
Soil_ITS_F19_R24	83,231	NA	60,197	72.3%	60196	26810	26783	26722	25794	25722
Soil_ITS_F19_R3	36,525	NA	31,741	86.9%	31741	18070	18053	17990	17238	17189
Soil_ITS_F19_R4	18,987	NA	15,252	80.3%	15252	8265	8246	8195	7652	7622
Soil_ITS_F19_R5	25,184	NA	22,716	90.2%	22716	12196	12170	12137	11563	11527
Soil_ITS_F19_R6	33,625	NA	29,464	87.6%	29464	14815	14792	14727	13871	13793
Soil_ITS_F19_R7	44,867	NA	38,826	86.5%	38826	22248	22224	22147	21520	21441
Soil_ITS_F19_R8	36,480	NA	34,010	93.2%	34010	18904	18891	18850	18307	18258
Soil_ITS_F19_R9	7,901	NA	3,593	45.5%	3593	1929	1921	1908	1729	1682
Soil_ITS_F2_R1	24,490	NA	4,717	19.3%	4712	3939	3900	3881	3527	3508
Soil_ITS_F2_R10	25,850	NA	2,256	8.7%	2256	1904	1893	1868	1711	1707
Soil_ITS_F2_R11	55,942	NA	53,000	94.7%	52997	46255	46036	45998	44325	44291
Soil_ITS_F2_R12	85,122	NA	82,514	96.9%	82512	72949	72495	72337	69576	69433
Soil_ITS_F2_R13	22,684	NA	18,214	80.3%	18213	14097	14046	14024	13410	13395
Soil_ITS_F2_R14	48,605	NA	44,507	91.6%	44507	39139	38992	38906	37824	37792
Soil_ITS_F2_R15	74,664	NA	62,549	83.8%	62548	54745	54528	54540	52589	52525
Soil_ITS_F2_R16	45,388	NA	9,797	21.6%	9797	8587	8545	8503	8091	8074
Soil_ITS_F2_R17	31,006	NA	720	2.3%	720	579	572	559	468	461
Soil_ITS_F2_R18	31,782	NA	1,778	5.6%	1777	1534	1504	1483	1228	1212
Soil_ITS_F2_R19	46,276	NA	2,877	6.2%	2874	2491	2458	2430	2082	2030
Soil_ITS_F2_R2	7,356	NA	3,401	46.2%	3401	725	725	725	695	694
Soil_ITS_F2_R20	69,483	NA	1,196	1.7%	1196	1017	997	969	791	783
Soil_ITS_F2_R21	78,227	NA	1,815	2.3%	1815	1556	1540	1524	1307	1282
Soil_ITS_F2_R22	3,275	NA	2,759	84.2%	2759	2388	2340	2295	1896	1876
Soil_ITS_F2_R23	4,668	NA	2,639	56.5%	2639	2275	2249	2222	1901	1873
Soil_ITS_F2_R24	3,324	NA	1,485	44.7%	1485	1264	1250	1234	1055	1044
Soil_ITS_F2_R3	42,659	NA	4,548	10.7%	4546	3837	3792	3774	3040	3010
Soil_ITS_F2_R4	21,138	NA	7,846	37.1%	7846	6487	6416	6380	5767	5745
Soil_ITS_F2_R5	15,053	NA	1,963	13.0%	1962	1656	1633	1605	1334	1320
Soil_ITS_F2_R6	39,326	NA	4,762	12.1%	4762	4096	4036	3995	3486	3445
Soil_ITS_F2_R7	78,452	NA	58,475	74.5%	58473	51740	51597	51402	48695	48625
Soil_ITS_F2_R8	77,021	NA	36,296	47.1%	36296	32322	32239	32186	31381	31271
Soil_ITS_F2_R9	61,456	NA	16,972	27.6%	16972	13958	13903	13892	13306	13291
Soil_ITS_F20_R1	79,252	NA	74,774	94.3%	74770	64591	64501	64491	63467	63270
Soil_ITS_F20_R10	5,753	NA	1,701	29.6%	1698	1368	1358	1350	1219	1196
Soil_ITS_F20_R11	6,818	NA	4,255	62.4%	4252	3564	3531	3511	3078	3022
Soil_ITS_F20_R12	5,409	NA	3,640	67.3%	3634	3026	2994	2968	2619	2569
Soil_ITS_F20_R13	141,288	NA	3,965	2.8%	3962	3291	3286	3277	3022	2976
Soil_ITS_F20_R14	34,268	NA	6,018	17.6%	6016	5018	4982	4915	4342	4277
Soil_ITS_F20_R15	17,812	NA	3,188	17.9%	3186	2589	2576	2554	2275	2237
Soil_ITS_F20_R16	54,039	NA	2,090	3.9%	2087	1704	1679	1661	1438	1426
Soil_ITS_F20_R17	16,439	NA	1,886	11.5%	1881	1448	1439	1435	1300	1265
Soil_ITS_F20_R18	126,909	NA	124,813	98.3%	124792	108144	107820	107857	105067	104642
Soil_ITS_F20_R19	360,501	NA	300,058	83.2%	299867	250329	249687	249581	244229	243404
Soil_ITS_F20_R2	68,163	NA	64,934	95.3%	64924	56155	56098	56082	53706	53605
Soil_ITS_F20_R20	144,455	NA	71,895	49.8%	71894	38494	38461	38409	37349	37298
Soil_ITS_F20_R21	91,851	NA	72,449	78.9%	72444	60482	60335	60285	58261	58069
Soil_ITS_F20_R22	95,075	NA	81,747	86.0%	81744	69871	69711	69571	65930	65510
Soil_ITS_F20_R23	8,683	NA	6,808	78.4%	6804	5672	5621	5600	5144	5017
Soil_ITS_F20_R24	106,699	NA	80,708	75.6%	80687	68379	68191	68115	65378	65241
Soil_ITS_F20_R3	33,751	NA	30,091	89.2%	30088	25468	25426	25411	24792	24727
Soil_ITS_F20_R4	34,915	NA	31,839	91.2%	31833	26611	26517	26490	25027	24962
Soil_ITS_F20_R5	59,847	NA	57,878	96.7%	57872	49732	49680	49616	48212	48108
Soil_ITS_F20_R6	87,150	NA	83,669	96.0%	83658	72793	72623	72575	70918	70589
Soil_ITS_F20_R7	123,533	NA	118,147	95.6%	118137	101342	101088	100985	97656	97111
Soil_ITS_F20_R8	67,846	NA	65,846	97.1%	65845	56009	55951	55850	53991	53869
Soil_ITS_F20_R9	8,211	NA	4,877	59.4%	4877	4098	4082	4040	3642	3567
Soil_ITS_F21_R1	87,070	NA	83,102	95.4%	83102	63727	63601	63565	61960	61916
Soil_ITS_F21_R10	3,554	NA	498	14.0%	498	383	382	379	323	315
Soil_ITS_F21_R11	3,326	NA	1,348	40.5%	1348	1057	1041	1035	870	859
Soil_ITS_F21_R12	2,288	NA	956	41.8%	956	728	720	714	588	582
Soil_ITS_F21_R13	17,266	NA	1,205	7.0%	1205	944	942	940	787	772
Soil_ITS_F21_R14	16,100	NA	1,867	11.6%	1867	1490	1471	1469	1175	1158
Soil_ITS_F21_R15	39,077	NA	930	2.4%	930	713	707	702	582	577
Soil_ITS_F21_R16	2,877	NA	607	21.1%	607	481	470	468	361	356
Soil_ITS_F21_R17	20,062	NA	541	2.7%	540	389	385	381	319	316
Soil_ITS_F21_R18	2,365	NA	1,040	44.0%	1040	812	807	795	678	672
Soil_ITS_F21_R19	99,834	NA	39,528	39.6%	39523	30571	30452	30314	28782	28725
Soil_ITS_F21_R2	69,591	NA	67,025	96.3%	67025	54518	54474	54469	42610	42599
Soil_ITS_F21_R20	83,579	NA	15,536	18.6%	15536	12663	12639	12595	12233	12162
Soil_ITS_F21_R21	72,413	NA	36,555	50.5%	36555	8738	8736	8730	6532	6512
Soil_ITS_F21_R22	53,412	NA	32,546	60.9%	32545	25947	25921	25912	21593	21582
Soil_ITS_F21_R23	74,705	NA	47,451	63.5%	47451	38011	37944	37936	25976	25906
Soil_ITS_F21_R24	64,942	NA	34,678	53.4%	34676	28288	28252	28242	26728	26656
Soil_ITS_F21_R3	4,914	NA	1,785	36.3%	1785	1384	1379	1375	1197	1174
Soil_ITS_F21_R4	3,740	NA	1,261	33.7%	1261	980	975	970	811	796
Soil_ITS_F21_R5	2,773	NA	1,123	40.5%	1122	863	855	850	705	698
Soil_ITS_F21_R6	5,805	NA	3,271	56.3%	3270	2534	2520	2514	2145	2112
Soil_ITS_F21_R7	9,003	NA	5,189	57.6%	5187	4124	4030	4099	3573	3545
Soil_ITS_F21_R8	17,467	NA	15,803	90.5%	15803	13438	13353	13425	13122	13105
Soil_ITS_F21_R9	4,387	NA	1,453	33.1%	1453	1134	1133	1129	975	965
Soil_ITS_F22_R1	6,501	NA	410	6.3%	410	344	344	343	312	307
Soil_ITS_F22_R10	5,233	NA	165	3.2%	165	133	133	130	111	111
Soil_ITS_F22_R11	3,934	NA	427	10.9%	427	348	341	340	300	297
Soil_ITS_F22_R12	2,527	NA	338	13.4%	338	277	273	269	229	225
Soil_ITS_F22_R13	31,467	NA	272	0.9%	272	231	231	229	211	206
Soil_ITS_F22_R14	34,619	NA	526	1.5%	526	434	432	427	372	370
Soil_ITS_F22_R15	3,560	NA	273	7.7%	273	222	219	217	188	184
Soil_ITS_F22_R16	38,086	NA	165	0.4%	165	140	139	134	112	111
Soil_ITS_F22_R17	12,430	NA	130	1.0%	130	100	99	100	82	81
Soil_ITS_F22_R18	26,338	NA	2,886	11.0%	2882	2107	2104	2098	1795	1794
Soil_ITS_F22_R19	255,278	NA	709	0.3%	707	586	585	577	525	516
Soil_ITS_F22_R2	5,213	NA	470	9.0%	470	399	392	389	345	340
Soil_ITS_F22_R20	97,209	NA	12,855	13.2%	12855	10982	10963	10930	10679	10672
Soil_ITS_F22_R21	59,785	NA	21,654	36.2%	21654	18538	18531	18519	17955	17948
Soil_ITS_F22_R22	8,390	NA	4,224	50.3%	4224	1586	1586	1584	1208	1207
Soil_ITS_F22_R23	65,597	NA	33,852	51.6%	33852	29103	29045	28999	28503	28448
Soil_ITS_F22_R24	43,713	NA	13,212	30.2%	13211	11290	11252	11263	10783	10773
Soil_ITS_F22_R3	5,991	NA	458	7.6%	458	383	379	378	336	330
Soil_ITS_F22_R4	4,891	NA	336	6.9%	336	282	277	273	231	227
Soil_ITS_F22_R5	3,132	NA	381	12.2%	381	318	317	313	276	269
Soil_ITS_F22_R6	4,959	NA	832	16.8%	832	705	699	694	624	616
Soil_ITS_F22_R7	8,361	NA	1,097	13.1%	1097	906	897	889	763	752
Soil_ITS_F22_R8	2,978	NA	528	17.7%	528	442	442	438	385	380
Soil_ITS_F22_R9	4,723	NA	375	7.9%	375	317	317	315	283	278
Soil_ITS_F23_R1	8,777	NA	1,389	15.8%	1389	1138	1128	1116	1014	988
Soil_ITS_F23_R10	6,150	NA	396	6.4%	396	323	321	314	280	276
Soil_ITS_F23_R11	4,712	NA	1,168	24.8%	1168	968	966	956	832	808
Soil_ITS_F23_R12	3,373	NA	879	26.1%	879	710	700	697	613	590
Soil_ITS_F23_R13	43,397	NA	940	2.2%	940	748	746	745	649	627
Soil_ITS_F23_R14	42,278	NA	1,547	3.7%	1547	1277	1262	1258	1060	1035
Soil_ITS_F23_R15	16,055	NA	824	5.1%	824	667	665	661	596	584
Soil_ITS_F23_R16	23,588	NA	681	2.9%	681	539	534	524	453	436
Soil_ITS_F23_R17	101,599	NA	70,815	69.7%	70815	61277	61140	61100	59346	59262
Soil_ITS_F23_R18	76,675	NA	40,789	53.2%	40789	36429	36321	36326	34551	34454
Soil_ITS_F23_R19	461,384	NA	32,100	7.0%	32100	27590	27536	27550	26920	26788
Soil_ITS_F23_R2	6,109	NA	1,367	22.4%	1367	1110	1104	1093	981	951
Soil_ITS_F23_R20	4,438	NA	696	15.7%	696	586	582	576	511	505
Soil_ITS_F23_R21	83,066	NA	26,599	32.0%	26597	23474	23353	23330	19513	19394
Soil_ITS_F23_R22	64,208	NA	30,315	47.2%	30315	23747	23641	23576	22398	22338
Soil_ITS_F23_R23	642	NA	374	58.3%	374	25	25	25	23	23
Soil_ITS_F23_R24	163,086	NA	91,356	56.0%	91356	61318	61115	61247	59039	58847
Soil_ITS_F23_R3	7,402	NA	1,249	16.9%	1249	1021	1013	1005	887	869
Soil_ITS_F23_R4	6,032	NA	995	16.5%	995	820	815	806	716	705
Soil_ITS_F23_R5	4,170	NA	1,021	24.5%	1021	852	841	832	722	710
Soil_ITS_F23_R6	7,552	NA	2,463	32.6%	2463	2052	2039	2024	1814	1771
Soil_ITS_F23_R7	10,514	NA	2,952	28.1%	2952	2400	2382	2349	2065	2023
Soil_ITS_F23_R8	4,379	NA	1,476	33.7%	1476	1218	1212	1198	1062	1031
Soil_ITS_F23_R9	6,511	NA	1,129	17.3%	1129	909	901	890	809	796
Soil_ITS_F24_R1	6,557	NA	1,467	22.4%	1466	1263	1253	1251	1133	1128
Soil_ITS_F24_R10	4,801	NA	456	9.5%	455	377	375	368	324	324
Soil_ITS_F24_R11	3,987	NA	1,167	29.3%	1167	1002	990	978	853	850
Soil_ITS_F24_R12	2,714	NA	823	30.3%	823	693	687	684	614	612
Soil_ITS_F24_R13	56,830	NA	1,059	1.9%	1059	878	863	867	801	796
Soil_ITS_F24_R14	34,536	NA	1,594	4.6%	1593	1376	1359	1359	1195	1189
Soil_ITS_F24_R15	32,804	NA	858	2.6%	856	725	721	718	653	648
Soil_ITS_F24_R16	39,159	NA	721	1.8%	720	578	571	564	492	491
Soil_ITS_F24_R17	141,999	NA	99,531	70.1%	99521	84953	84784	84866	84121	84111
Soil_ITS_F24_R18	10,293	NA	6,245	60.7%	6219	5460	5448	5435	5255	5254
Soil_ITS_F24_R19	92,999	NA	22,164	23.8%	22120	18149	18107	18083	17447	17398
Soil_ITS_F24_R2	5,032	NA	1,572	31.2%	1568	1290	1279	1265	1169	1159
Soil_ITS_F24_R20	105,907	NA	23,675	22.4%	23674	20686	20615	20571	19804	19796
Soil_ITS_F24_R21	69,424	NA	29,452	42.4%	29442	25419	25306	25313	24269	24202
Soil_ITS_F24_R22	42,286	NA	28,548	67.5%	28548	24521	24460	24231	22534	22511
Soil_ITS_F24_R23	163,451	NA	67,851	41.5%	67849	58335	58268	58251	57359	57335
Soil_ITS_F24_R24	28,981	NA	19,421	67.0%	19420	10968	10948	10949	10438	10416
Soil_ITS_F24_R3	5,581	NA	1,408	25.2%	1408	1168	1160	1149	1017	1013
Soil_ITS_F24_R4	4,481	NA	1,102	24.6%	1102	932	923	912	814	811
Soil_ITS_F24_R5	3,320	NA	966	29.1%	966	839	825	817	705	696
Soil_ITS_F24_R6	6,308	NA	2,704	42.9%	2702	2315	2300	2297	2090	2079
Soil_ITS_F24_R7	8,287	NA	3,204	38.7%	3201	2698	2667	2638	2346	2332
Soil_ITS_F24_R8	3,838	NA	1,618	42.2%	1615	1355	1340	1322	1210	1204
Soil_ITS_F24_R9	5,272	NA	1,173	22.2%	1173	1021	1017	1007	928	922
Soil_ITS_F3_R1	48,970	NA	42,959	87.7%	42959	36611	36534	36509	35195	35060
Soil_ITS_F3_R10	5,975	NA	628	10.5%	628	542	529	526	473	459
Soil_ITS_F3_R11	76,933	NA	32,385	42.1%	32385	28518	28498	28484	28053	27997
Soil_ITS_F3_R12	61,230	NA	44,102	72.0%	44102	38317	38253	38232	37149	37095
Soil_ITS_F3_R13	6,936	NA	1,703	24.6%	1703	1484	1481	1477	1390	1354
Soil_ITS_F3_R14	98,107	NA	2,544	2.6%	2542	2177	2149	2138	1916	1864
Soil_ITS_F3_R15	18,638	NA	3,355	18.0%	3355	2924	2919	2908	2825	2797
Soil_ITS_F3_R16	89,318	NA	63,451	71.0%	63451	56477	56368	56325	54905	54860
Soil_ITS_F3_R17	40,268	NA	656	1.6%	656	524	520	517	460	443
Soil_ITS_F3_R18	31,856	NA	1,483	4.7%	1483	1270	1259	1254	1142	1120
Soil_ITS_F3_R19	42,878	NA	2,579	6.0%	2574	2244	2238	2219	2076	2000
Soil_ITS_F3_R2	41,467	NA	34,927	84.2%	34927	31029	30953	30943	30255	30174
Soil_ITS_F3_R20	28,700	NA	1,051	3.7%	1050	908	899	890	800	790
Soil_ITS_F3_R21	5,194	NA	1,647	31.7%	1647	1424	1418	1412	1299	1260
Soil_ITS_F3_R22	2,665	NA	2,109	79.1%	2109	1806	1781	1768	1517	1472
Soil_ITS_F3_R23	4,522	NA	2,416	53.4%	2416	2064	2053	2040	1860	1784
Soil_ITS_F3_R24	3,225	NA	1,252	38.8%	1252	1090	1083	1076	964	933
Soil_ITS_F3_R3	228,674	NA	109,346	47.8%	109345	62065	62053	62046	60684	60421
Soil_ITS_F3_R4	26,748	NA	14,377	53.7%	14377	12581	12513	12550	12181	12109
Soil_ITS_F3_R5	35,986	NA	1,717	4.8%	1717	1462	1449	1433	1272	1242
Soil_ITS_F3_R6	18,161	NA	4,061	22.4%	4061	3481	3452	3450	3157	3050
Soil_ITS_F3_R7	47,112	NA	7,286	15.5%	7286	6337	6302	6267	5856	5781
Soil_ITS_F3_R8	21,251	NA	2,525	11.9%	2525	2128	2110	2102	1914	1865
Soil_ITS_F3_R9	88,244	NA	56,439	64.0%	56439	48864	48850	48799	48203	48141
Soil_ITS_F4_R1	73,862	NA	23,411	31.7%	23411	20486	20439	20404	19642	19611
Soil_ITS_F4_R10	6,026	NA	1,005	16.7%	1005	853	844	828	735	728
Soil_ITS_F4_R11	63,972	NA	23,671	37.0%	23671	16536	16495	16459	13048	13026
Soil_ITS_F4_R12	41,971	NA	22,315	53.2%	22315	20005	19976	19926	19515	19484
Soil_ITS_F4_R13	28,386	NA	1,847	6.5%	1847	1580	1567	1560	1440	1409
Soil_ITS_F4_R14	46,248	NA	41,832	90.5%	41832	36338	36192	36056	34681	34477
Soil_ITS_F4_R15	46,831	NA	24,780	52.9%	24780	21334	21303	21290	20860	20824
Soil_ITS_F4_R16	45,223	NA	22,024	48.7%	22024	19239	19127	19094	17271	17224
Soil_ITS_F4_R17	24,352	NA	813	3.3%	813	683	670	662	574	561
Soil_ITS_F4_R18	21,747	NA	1,666	7.7%	1665	1422	1408	1394	1233	1214
Soil_ITS_F4_R19	24,224	NA	2,926	12.1%	2922	2545	2512	2505	2206	2154
Soil_ITS_F4_R2	21,695	NA	11,976	55.2%	11975	10544	10516	10494	9913	9876
Soil_ITS_F4_R20	33,047	NA	1,168	3.5%	1168	993	983	958	802	793
Soil_ITS_F4_R21	4,987	NA	1,983	39.8%	1983	1688	1678	1664	1508	1477
Soil_ITS_F4_R22	3,112	NA	2,606	83.7%	2606	2262	2228	2213	1851	1837
Soil_ITS_F4_R23	4,998	NA	3,056	61.1%	3056	2632	2603	2578	2296	2261
Soil_ITS_F4_R24	3,373	NA	1,536	45.5%	1536	1290	1272	1267	1102	1078
Soil_ITS_F4_R3	28,538	NA	10,636	37.3%	10636	9449	9422	9399	9092	9045
Soil_ITS_F4_R4	28,674	NA	13,112	45.7%	13112	6114	6104	6078	5793	5777
Soil_ITS_F4_R5	64,406	NA	22,397	34.8%	22397	19008	18924	18883	18266	18210
Soil_ITS_F4_R6	111,169	NA	71,647	64.4%	71647	61697	61422	61412	59339	59162
Soil_ITS_F4_R7	160,050	NA	48,319	30.2%	48319	43498	43432	43355	41942	41882
Soil_ITS_F4_R8	58,215	NA	46,357	79.6%	46357	41699	41673	41610	40635	40542
Soil_ITS_F4_R9	53,600	NA	32,435	60.5%	32435	28806	28776	28758	27248	27206
Soil_ITS_F5_R1	81,925	NA	1,727	2.1%	1727	1486	1466	1463	1259	1237
Soil_ITS_F5_R10	25,813	NA	11,123	43.1%	11123	9531	9515	9505	9040	9035
Soil_ITS_F5_R11	44,845	NA	9,552	21.3%	9552	8129	8056	7986	7444	7426
Soil_ITS_F5_R12	22,626	NA	19,845	87.7%	19845	16861	16843	16763	15860	15849
Soil_ITS_F5_R13	82,886	NA	26,797	32.3%	26797	24064	24032	23969	22172	22152
Soil_ITS_F5_R14	109,525	NA	36,929	33.7%	36929	30771	30496	30487	27844	27805
Soil_ITS_F5_R15	50,295	NA	17,357	34.5%	17357	15387	15336	15309	14888	14853
Soil_ITS_F5_R16	107,847	NA	25,518	23.7%	25516	22210	22024	22105	21408	21405
Soil_ITS_F5_R17	51,597	NA	553	1.1%	553	451	440	444	371	368
Soil_ITS_F5_R18	37,295	NA	1,161	3.1%	1160	997	990	978	853	849
Soil_ITS_F5_R19	33,883	NA	2,170	6.4%	2170	1881	1869	1848	1639	1621
Soil_ITS_F5_R2	17,405	NA	12,309	70.7%	12309	10799	10743	10699	9277	9259
Soil_ITS_F5_R20	59,913	NA	682	1.1%	682	572	563	555	470	465
Soil_ITS_F5_R21	5,544	NA	1,493	26.9%	1493	1271	1247	1238	1097	1086
Soil_ITS_F5_R22	2,047	NA	1,453	71.0%	1453	1259	1233	1213	995	984
Soil_ITS_F5_R23	4,465	NA	1,924	43.1%	1924	1646	1624	1608	1383	1367
Soil_ITS_F5_R24	3,489	NA	1,168	33.5%	1168	1001	995	976	848	837
Soil_ITS_F5_R3	38,647	NA	33,068	85.6%	33067	29126	29028	29041	27879	27846
Soil_ITS_F5_R4	64,800	NA	38,855	60.0%	38855	34414	34370	34342	33725	33686
Soil_ITS_F5_R5	4,341	NA	1,347	31.0%	1347	1003	991	974	836	829
Soil_ITS_F5_R6	85,045	NA	42,024	49.4%	42024	36932	36840	36807	33734	33705
Soil_ITS_F5_R7	47,625	NA	3,972	8.3%	3971	3387	3318	3277	2762	2740
Soil_ITS_F5_R8	36,509	NA	1,904	5.2%	1904	1623	1613	1593	1397	1379
Soil_ITS_F5_R9	85,412	NA	44,287	51.9%	44286	37745	37715	37676	37017	37006
Soil_ITS_F6_R1	157,028	NA	47,952	30.5%	47952	43041	43009	42983	42654	42587
Soil_ITS_F6_R10	13,733	NA	6,520	47.5%	6518	5672	5663	5654	5488	5481
Soil_ITS_F6_R11	39,597	NA	23,015	58.1%	23015	20298	20241	20198	18323	18304
Soil_ITS_F6_R12	35,623	NA	32,495	91.2%	32495	26551	26514	26495	25055	25027
Soil_ITS_F6_R13	53,209	NA	9,570	18.0%	9570	8477	8467	8464	8281	8261
Soil_ITS_F6_R14	94,430	NA	44,671	47.3%	44671	39351	39307	39277	38455	38327
Soil_ITS_F6_R15	38,137	NA	1,309	3.4%	1309	1120	1114	1107	992	971
Soil_ITS_F6_R16	68,307	NA	26,163	38.3%	26163	23236	23161	23189	20884	20868
Soil_ITS_F6_R17	63,527	NA	790	1.2%	790	620	615	597	523	510
Soil_ITS_F6_R18	22,795	NA	1,467	6.4%	1467	1253	1247	1232	1097	1084
Soil_ITS_F6_R19	39,527	NA	2,813	7.1%	2810	2425	2407	2390	2221	2171
Soil_ITS_F6_R2	38,031	NA	31,954	84.0%	31954	28125	28037	28010	27456	27434
Soil_ITS_F6_R20	81,154	NA	1,018	1.3%	1017	889	877	872	766	762
Soil_ITS_F6_R21	6,512	NA	1,785	27.4%	1785	1527	1499	1497	1336	1300
Soil_ITS_F6_R22	2,353	NA	1,641	69.7%	1641	1416	1402	1386	1190	1173
Soil_ITS_F6_R23	5,592	NA	2,451	43.8%	2451	2102	2085	2065	1833	1786
Soil_ITS_F6_R24	4,156	NA	1,413	34.0%	1413	1185	1172	1163	1018	987
Soil_ITS_F6_R3	18,928	NA	12,119	64.0%	12119	10746	10705	10680	10067	10026
Soil_ITS_F6_R4	110,128	NA	35,947	32.6%	35947	31737	31672	31580	30872	30826
Soil_ITS_F6_R5	81,640	NA	38,840	47.6%	38840	34030	33991	33952	32022	31972
Soil_ITS_F6_R6	19,953	NA	9,722	48.7%	9722	3113	3110	3100	2914	2896
Soil_ITS_F6_R7	122,629	NA	33,678	27.5%	33678	26823	26720	26660	25298	25103
Soil_ITS_F6_R8	64,965	NA	39,610	61.0%	39610	33748	33540	33612	31943	31875
Soil_ITS_F6_R9	104,100	NA	71,207	68.4%	71207	61550	61460	61409	60176	60031
Soil_ITS_F7_R1	45,618	NA	3,421	7.5%	3421	2882	2857	2817	2447	2410
Soil_ITS_F7_R10	34,498	NA	25,690	74.5%	25690	21947	21880	21843	20816	20796
Soil_ITS_F7_R11	38,915	NA	11,342	29.1%	11342	9743	9673	9619	9068	9027
Soil_ITS_F7_R12	27,605	NA	10,073	36.5%	10073	8742	8701	8616	8065	8034
Soil_ITS_F7_R13	26,933	NA	15,657	58.1%	15657	13620	13573	13561	13139	13112
Soil_ITS_F7_R14	222,138	NA	28,641	12.9%	28641	18531	18441	18387	16906	16848
Soil_ITS_F7_R15	32,359	NA	2,333	7.2%	2333	1955	1936	1911	1669	1647
Soil_ITS_F7_R16	134,701	NA	1,404	1.0%	1404	1175	1159	1143	973	959
Soil_ITS_F7_R17	11,699	NA	1,166	10.0%	1166	927	918	898	748	741
Soil_ITS_F7_R18	38,857	NA	2,638	6.8%	2638	2230	2208	2176	1831	1815
Soil_ITS_F7_R19	51,781	NA	4,679	9.0%	4679	4025	3988	3963	3502	3450
Soil_ITS_F7_R2	79,400	NA	18,580	23.4%	18579	16448	16408	16387	15916	15868
Soil_ITS_F7_R20	116,932	NA	2,114	1.8%	2114	1803	1787	1748	1448	1439
Soil_ITS_F7_R21	10,037	NA	2,863	28.5%	2863	2419	2396	2369	2057	2025
Soil_ITS_F7_R22	5,100	NA	4,100	80.4%	4100	3552	3484	3439	2806	2762
Soil_ITS_F7_R23	8,133	NA	4,366	53.7%	4366	3719	3666	3626	3156	3102
Soil_ITS_F7_R24	5,669	NA	2,218	39.1%	2218	1888	1866	1853	1577	1534
Soil_ITS_F7_R3	49,252	NA	38,743	78.7%	38743	34674	34601	34560	33938	33873
Soil_ITS_F7_R4	164,655	NA	113,387	68.9%	113387	97903	97759	97716	96339	95586
Soil_ITS_F7_R5	43,773	NA	38,768	88.6%	38768	25099	24957	24895	23219	23160
Soil_ITS_F7_R6	124,061	NA	87,786	70.8%	87786	77870	77610	77458	73340	73221
Soil_ITS_F7_R7	111,449	NA	52,049	46.7%	52049	14310	14298	14260	13724	13694
Soil_ITS_F7_R8	107,913	NA	95,215	88.2%	95215	74387	74090	73848	69936	69808
Soil_ITS_F7_R9	123,019	NA	51,380	41.8%	51380	45887	45824	45766	42961	42906
Soil_ITS_F8_R1	64,643	NA	39,240	60.7%	39240	34756	34674	34652	32687	32648
Soil_ITS_F8_R10	71,470	NA	545	0.8%	545	453	452	445	384	382
Soil_ITS_F8_R11	73,872	NA	40,028	54.2%	40028	35557	35519	35472	34666	34645
Soil_ITS_F8_R12	107,911	NA	23,457	21.7%	23457	19562	19527	19514	19099	19085
Soil_ITS_F8_R13	19,324	NA	11,258	58.3%	11258	8671	8620	8617	8272	8241
Soil_ITS_F8_R14	57,515	NA	1,837	3.2%	1837	1597	1578	1553	1357	1343
Soil_ITS_F8_R15	86,778	NA	25,046	28.9%	25046	21194	21093	21062	19912	19861
Soil_ITS_F8_R16	28,537	NA	660	2.3%	660	572	569	560	465	461
Soil_ITS_F8_R17	106,620	NA	458	0.4%	458	378	372	373	326	321
Soil_ITS_F8_R18	20,718	NA	952	4.6%	952	839	825	819	715	710
Soil_ITS_F8_R19	44,825	NA	1,891	4.2%	1891	1635	1626	1615	1450	1420
Soil_ITS_F8_R2	76,479	NA	36,867	48.2%	36867	32543	32503	32466	29957	29918
Soil_ITS_F8_R20	65,575	NA	600	0.9%	600	515	509	490	391	388
Soil_ITS_F8_R21	20,219	NA	1,194	5.9%	1194	1053	1052	1046	934	927
Soil_ITS_F8_R22	1,614	NA	1,070	66.3%	1070	916	908	894	717	710
Soil_ITS_F8_R23	4,378	NA	1,578	36.0%	1578	1340	1332	1312	1151	1137
Soil_ITS_F8_R24	3,684	NA	1,011	27.4%	1011	870	864	854	750	736
Soil_ITS_F8_R3	23,193	NA	16,953	73.1%	16953	14799	14754	14753	14133	14104
Soil_ITS_F8_R4	60,833	NA	9,922	16.3%	9922	8638	8620	8600	8193	8189
Soil_ITS_F8_R5	34,471	NA	30,977	89.9%	30977	27171	27018	26983	25686	25654
Soil_ITS_F8_R6	68,384	NA	23,969	35.1%	23969	21197	21160	21116	20563	20512
Soil_ITS_F8_R7	109,383	NA	11,144	10.2%	11144	9072	9042	8981	8054	8029
Soil_ITS_F8_R8	3,254	NA	992	30.5%	992	375	375	370	317	314
Soil_ITS_F8_R9	37,790	NA	31,131	82.4%	31131	27576	27553	27541	25982	25860
Soil_ITS_F9_R1	115,238	NA	35,130	30.5%	35130	31049	30932	30908	28969	28906
Soil_ITS_F9_R10	30,709	NA	783	2.5%	782	625	618	618	561	556
Soil_ITS_F9_R11	36,523	NA	33,117	90.7%	33117	28630	28549	28538	27827	27817
Soil_ITS_F9_R12	46,286	NA	1,594	3.4%	1594	1372	1356	1348	1191	1184
Soil_ITS_F9_R13	125,190	NA	120,740	96.4%	120740	104991	104978	104813	103664	103660
Soil_ITS_F9_R14	46,489	NA	42,243	90.9%	42243	37649	37572	37494	35518	35491
Soil_ITS_F9_R15	54,445	NA	51,475	94.5%	51475	45705	45671	45650	43692	43687
Soil_ITS_F9_R16	4,054	NA	1,095	27.0%	1095	908	893	892	777	773
Soil_ITS_F9_R17	3,151	NA	816	25.9%	816	662	654	650	565	556
Soil_ITS_F9_R18	3,564	NA	1,500	42.1%	1500	1280	1275	1264	1134	1130
Soil_ITS_F9_R19	10,872	NA	3,393	31.2%	3393	2922	2900	2898	2681	2660
Soil_ITS_F9_R2	58,701	NA	40,459	68.9%	40459	35002	34856	34801	33228	33165
Soil_ITS_F9_R20	3,591	NA	906	25.2%	906	783	772	766	685	682
Soil_ITS_F9_R21	5,095	NA	2,070	40.6%	2070	1806	1797	1778	1638	1625
Soil_ITS_F9_R22	2,245	NA	1,812	80.7%	1812	1558	1546	1519	1320	1309
Soil_ITS_F9_R23	4,777	NA	2,778	58.2%	2778	2379	2369	2360	2127	2108
Soil_ITS_F9_R24	3,464	NA	1,631	47.1%	1631	1372	1353	1347	1187	1183
Soil_ITS_F9_R3	87,468	NA	27,196	31.1%	27196	23667	23477	23501	22423	22270
Soil_ITS_F9_R4	52,220	NA	17,701	33.9%	17701	15086	14950	14924	13928	13875
Soil_ITS_F9_R5	78,740	NA	34,146	43.4%	34146	29252	29147	29108	27614	27568
Soil_ITS_F9_R6	102,051	NA	29,685	29.1%	29685	20298	20180	20158	18870	18820
Soil_ITS_F9_R7	116,924	NA	64,745	55.4%	64745	56791	56632	56562	55341	55271
Soil_ITS_F9_R8	36,662	NA	3,064	8.4%	3064	2642	2620	2601	2376	2369
Soil_ITS_F9_R9	78,836	NA	34,717	44.0%	34717	18776	18746	18723	17916	17912
Stem_ITS_F1_R1	1,367	NA	599	43.8%	599	323	320	319	305	303
Stem_ITS_F1_R10	39,100	NA	582	1.5%	582	273	268	269	253	249
Stem_ITS_F1_R11	38,372	NA	400	1.0%	400	259	259	256	237	225
Stem_ITS_F1_R12	52,333	NA	523	1.0%	521	385	381	382	366	362
Stem_ITS_F1_R13	20,716	NA	1,007	4.9%	1004	808	804	805	785	781
Stem_ITS_F1_R14	48,824	NA	26,834	55.0%	26832	21129	21106	21109	20834	20821
Stem_ITS_F1_R15	3,499	NA	285	8.1%	284	175	170	174	165	164
Stem_ITS_F1_R16	36,326	NA	1,476	4.1%	1476	1063	1061	1058	1021	1020
Stem_ITS_F1_R17	14,242	NA	92	0.6%	92	69	69	69	67	64
Stem_ITS_F1_R18	21,748	NA	384	1.8%	384	315	314	311	297	289
Stem_ITS_F1_R19	36,013	NA	317	0.9%	316	245	243	244	232	228
Stem_ITS_F1_R2	6,799	NA	5,423	79.8%	5423	4721	4713	4703	4638	4621
Stem_ITS_F1_R20	1,077	NA	125	11.6%	125	102	102	101	96	96
Stem_ITS_F1_R21	16,445	NA	188	1.1%	188	148	147	146	141	138
Stem_ITS_F1_R22	14,419	NA	316	2.2%	315	266	260	260	241	233
Stem_ITS_F1_R23	1,646	NA	245	14.9%	245	199	198	197	188	183
Stem_ITS_F1_R24	1,476	NA	191	12.9%	191	158	155	153	144	139
Stem_ITS_F1_R3	2,831	NA	286	10.1%	286	170	170	169	159	153
Stem_ITS_F1_R4	7,770	NA	892	11.5%	891	657	651	652	618	614
Stem_ITS_F1_R5	6,427	NA	4,627	72.0%	4626	3705	3688	3698	3640	3639
Stem_ITS_F1_R6	10,987	NA	430	3.9%	427	333	331	330	306	290
Stem_ITS_F1_R7	2,084	NA	806	38.7%	800	600	587	590	542	532
Stem_ITS_F1_R8	5,777	NA	1,114	19.3%	1111	818	812	806	769	754
Stem_ITS_F1_R9	51,180	NA	807	1.6%	807	622	619	618	604	599
Stem_ITS_F10_R1	35,270	NA	34,583	98.1%	34583	24518	24487	24454	17942	17920
Stem_ITS_F10_R10	14,421	NA	7,634	52.9%	7634	1011	1009	1009	976	976
Stem_ITS_F10_R11	60,663	NA	29,092	48.0%	29092	24668	24512	24496	23049	23009
Stem_ITS_F10_R12	6,460	NA	1,449	22.4%	1449	1196	1179	1178	1086	1069
Stem_ITS_F10_R13	38,676	NA	36,625	94.7%	36625	31455	31370	31325	30748	30702
Stem_ITS_F10_R14	62,139	NA	57,412	92.4%	57412	49996	49949	49933	49407	48526
Stem_ITS_F10_R15	43,699	NA	42,025	96.2%	42025	31876	31844	31836	31231	31028
Stem_ITS_F10_R16	41,648	NA	40,304	96.8%	40304	27926	27772	27750	27275	27254
Stem_ITS_F10_R17	1,893	NA	908	48.0%	908	697	693	685	635	629
Stem_ITS_F10_R18	5,616	NA	3,533	62.9%	3533	2788	2773	2762	2533	2456
Stem_ITS_F10_R19	4,124	NA	2,875	69.7%	2875	2309	2293	2290	2097	2063
Stem_ITS_F10_R2	74,234	NA	30,289	40.8%	30289	22015	21953	21974	20982	20939
Stem_ITS_F10_R20	1,108	NA	584	52.7%	584	460	454	453	407	400
Stem_ITS_F10_R21	3,277	NA	2,049	62.5%	2049	1653	1638	1633	1511	1469
Stem_ITS_F10_R22	2,331	NA	1,895	81.3%	1895	1558	1548	1538	1424	1393
Stem_ITS_F10_R23	2,827	NA	2,080	73.6%	2080	1721	1714	1713	1555	1509
Stem_ITS_F10_R24	2,117	NA	1,446	68.3%	1446	1162	1159	1152	1062	1032
Stem_ITS_F10_R3	6,916	NA	1,838	26.6%	1838	1482	1467	1463	1313	1286
Stem_ITS_F10_R4	21,340	NA	20,464	95.9%	20464	17173	17072	17093	16436	16414
Stem_ITS_F10_R5	11,737	NA	1,652	14.1%	1652	1301	1283	1281	1186	1174
Stem_ITS_F10_R6	49,348	NA	38,428	77.9%	38428	32363	32239	32188	31521	31464
Stem_ITS_F10_R7	31,873	NA	15,902	49.9%	15902	13849	13738	13772	13464	13434
Stem_ITS_F10_R8	51,512	NA	33,882	65.8%	33882	27203	27129	27131	26713	26629
Stem_ITS_F10_R9	79,744	NA	59,414	74.5%	59414	48157	48051	48032	47490	47404
Stem_ITS_F11_R1	35,238	NA	34,627	98.3%	34627	29422	29317	29322	28403	28369
Stem_ITS_F11_R10	60,121	NA	30,125	50.1%	30125	23937	23813	23914	23577	23548
Stem_ITS_F11_R11	6,070	NA	3,796	62.5%	3796	313	311	313	290	289
Stem_ITS_F11_R12	107,852	NA	56,761	52.6%	56761	48556	48416	48356	47668	47583
Stem_ITS_F11_R13	30,430	NA	26,902	88.4%	26902	23514	23487	23486	23290	23260
Stem_ITS_F11_R14	42,208	NA	33,841	80.2%	33841	28448	28375	28391	27974	27895
Stem_ITS_F11_R15	32,110	NA	29,125	90.7%	29124	24991	24959	24955	24510	24359
Stem_ITS_F11_R16	106,391	NA	103,745	97.5%	103745	91190	91128	91111	90736	90555
Stem_ITS_F11_R17	2,926	NA	1,196	40.9%	1196	949	941	940	886	865
Stem_ITS_F11_R18	8,253	NA	4,653	56.4%	4653	3906	3889	3877	3670	3574
Stem_ITS_F11_R19	6,125	NA	4,042	66.0%	4042	3389	3360	3354	3148	3097
Stem_ITS_F11_R2	75,604	NA	39,377	52.1%	39377	30630	30536	30576	30209	30142
Stem_ITS_F11_R20	1,773	NA	875	49.4%	875	731	710	712	658	642
Stem_ITS_F11_R21	4,584	NA	2,591	56.5%	2591	2199	2189	2184	2067	2033
Stem_ITS_F11_R22	3,483	NA	2,614	75.1%	2614	2191	2166	2155	2006	1964
Stem_ITS_F11_R23	4,184	NA	2,841	67.9%	2841	2395	2384	2386	2240	2185
Stem_ITS_F11_R24	3,056	NA	1,953	63.9%	1953	1641	1629	1630	1524	1496
Stem_ITS_F11_R3	51,993	NA	28,562	54.9%	28562	22346	22278	22291	18480	18339
Stem_ITS_F11_R4	27,955	NA	21,163	75.7%	21163	18011	17975	17985	17543	17444
Stem_ITS_F11_R5	72,552	NA	27,508	37.9%	27508	11722	11673	11691	11286	10853
Stem_ITS_F11_R6	64,029	NA	54,770	85.5%	54770	49510	49437	49423	49055	49001
Stem_ITS_F11_R7	14,832	NA	13,039	87.9%	13039	9998	9891	9856	9268	9061
Stem_ITS_F11_R8	67,698	NA	36,816	54.4%	36816	32326	32237	32244	31472	31313
Stem_ITS_F11_R9	63,862	NA	42,206	66.1%	42206	36039	35993	36006	35609	35570
Stem_ITS_F12_R1	48,673	NA	47,932	98.5%	47932	36686	36643	36634	35896	35863
Stem_ITS_F12_R10	6,351	NA	4,143	65.2%	4143	3327	3322	3315	3253	3245
Stem_ITS_F12_R11	107,290	NA	48,140	44.9%	48140	37289	37186	37257	36929	36917
Stem_ITS_F12_R12	5,126	NA	3,055	59.6%	3055	846	842	840	806	801
Stem_ITS_F12_R13	31,787	NA	28,972	91.1%	28972	24544	24523	24509	23284	23231
Stem_ITS_F12_R14	13,927	NA	6,935	49.8%	6935	5367	5330	5329	4806	4780
Stem_ITS_F12_R15	14,861	NA	12,380	83.3%	12380	9796	9784	9761	9528	9510
Stem_ITS_F12_R16	3,005	NA	1,166	38.8%	1166	942	929	920	859	840
Stem_ITS_F12_R17	2,117	NA	807	38.1%	807	605	598	601	555	547
Stem_ITS_F12_R18	6,284	NA	3,080	49.0%	3080	2493	2484	2482	2290	2246
Stem_ITS_F12_R19	4,414	NA	2,711	61.4%	2711	2259	2247	2249	2076	2040
Stem_ITS_F12_R2	55,571	NA	26,617	47.9%	26617	21890	21865	21868	21472	21408
Stem_ITS_F12_R20	1,353	NA	640	47.3%	640	527	519	522	478	468
Stem_ITS_F12_R21	3,589	NA	1,785	49.7%	1785	1495	1486	1489	1379	1346
Stem_ITS_F12_R22	2,499	NA	1,825	73.0%	1825	1517	1504	1503	1370	1344
Stem_ITS_F12_R23	3,246	NA	2,040	62.8%	2040	1672	1664	1662	1550	1506
Stem_ITS_F12_R24	2,329	NA	1,296	55.6%	1296	1065	1058	1060	993	967
Stem_ITS_F12_R3	53,917	NA	30,613	56.8%	30613	23764	23734	23729	23479	23433
Stem_ITS_F12_R4	55,830	NA	28,881	51.7%	28881	23609	23545	23570	22650	22619
Stem_ITS_F12_R5	28,930	NA	21,951	75.9%	21950	17198	17181	17136	17012	16999
Stem_ITS_F12_R6	20,765	NA	10,747	51.8%	10747	8283	8216	8263	7963	7915
Stem_ITS_F12_R7	43,053	NA	28,953	67.2%	28952	21174	21047	21056	20246	20009
Stem_ITS_F12_R8	81,399	NA	56,716	69.7%	56715	47087	47040	47021	46287	46236
Stem_ITS_F12_R9	94,060	NA	41,337	43.9%	41337	35375	35329	35338	35065	35048
Stem_ITS_F13_R1	19,579	NA	18,335	93.6%	18335	14058	13996	13966	13270	13127
Stem_ITS_F13_R10	41,481	NA	1,407	3.4%	1407	1091	1071	1076	974	947
Stem_ITS_F13_R11	32,860	NA	2,682	8.2%	2682	2175	2135	2141	1938	1885
Stem_ITS_F13_R12	34,818	NA	1,956	5.6%	1956	1607	1586	1596	1429	1400
Stem_ITS_F13_R13	3,835	NA	1,535	40.0%	1535	773	770	769	691	668
Stem_ITS_F13_R14	11,760	NA	3,556	30.2%	3556	2990	2939	2945	2630	2588
Stem_ITS_F13_R15	4,377	NA	1,500	34.3%	1500	1233	1212	1215	1117	1100
Stem_ITS_F13_R16	3,995	NA	1,807	45.2%	1806	1470	1431	1426	1294	1258
Stem_ITS_F13_R17	45,815	NA	44,126	96.3%	44126	33317	33304	33307	32460	31210
Stem_ITS_F13_R18	52,399	NA	48,638	92.8%	48638	33576	33539	33546	33049	32885
Stem_ITS_F13_R19	8,196	NA	6,002	73.2%	6002	5076	5043	5051	4682	4621
Stem_ITS_F13_R2	15,602	NA	11,855	76.0%	11855	10195	10160	10158	9880	9772
Stem_ITS_F13_R20	16,055	NA	15,113	94.1%	15113	13326	13316	13312	13175	12923
Stem_ITS_F13_R21	21,697	NA	19,526	90.0%	19526	15989	15965	15969	15281	15204
Stem_ITS_F13_R22	70,699	NA	69,712	98.6%	69712	60846	60746	60812	58692	57086
Stem_ITS_F13_R23	5,308	NA	4,019	75.7%	4019	3360	3338	3350	3087	2969
Stem_ITS_F13_R24	78,075	NA	76,777	98.3%	76777	67220	67200	67201	66226	65565
Stem_ITS_F13_R3	62,075	NA	44,476	71.6%	44476	36866	36642	36689	35725	35138
Stem_ITS_F13_R4	38,448	NA	36,881	95.9%	36880	32387	32237	32248	31392	31175
Stem_ITS_F13_R5	146,767	NA	55,553	37.9%	55553	47986	47726	47721	46530	46148
Stem_ITS_F13_R6	77,614	NA	67,445	86.9%	67445	57486	57107	57335	55658	55068
Stem_ITS_F13_R7	78,707	NA	62,217	79.0%	62217	48523	48249	48235	42130	41708
Stem_ITS_F13_R8	131,961	NA	90,656	68.7%	90656	78405	78217	78281	76431	76171
Stem_ITS_F13_R9	7,434	NA	2,097	28.2%	2097	1759	1742	1743	1595	1569
Stem_ITS_F14_R1	44,125	NA	17,646	40.0%	17646	14854	14762	14727	14080	13997
Stem_ITS_F14_R10	64,737	NA	2,879	4.4%	2879	2347	2313	2318	2138	2101
Stem_ITS_F14_R11	41,839	NA	5,170	12.4%	5170	4276	4217	4200	3865	3809
Stem_ITS_F14_R12	12,818	NA	4,179	32.6%	4179	3566	3534	3526	3207	3156
Stem_ITS_F14_R13	9,972	NA	4,780	47.9%	4780	4011	3985	3983	3650	3576
Stem_ITS_F14_R14	8,853	NA	2,959	33.4%	2959	414	409	412	380	375
Stem_ITS_F14_R15	7,744	NA	3,283	42.4%	3283	2738	2705	2711	2477	2452
Stem_ITS_F14_R16	7,065	NA	3,826	54.2%	3826	2994	2963	2941	2702	2639
Stem_ITS_F14_R17	81,147	NA	78,377	96.6%	78377	68554	68496	68535	68066	68024
Stem_ITS_F14_R18	285,897	NA	279,371	97.7%	279371	245555	245359	245395	242860	242559
Stem_ITS_F14_R19	280,005	NA	275,877	98.5%	275877	241061	240931	240934	238353	238215
Stem_ITS_F14_R2	81,091	NA	29,676	36.6%	29676	25600	25535	25530	24683	24554
Stem_ITS_F14_R20	113,649	NA	111,890	98.5%	111890	97196	97133	97082	95749	95706
Stem_ITS_F14_R21	70,331	NA	66,865	95.1%	66865	58749	58636	58633	57823	57689
Stem_ITS_F14_R22	347,218	NA	345,239	99.4%	345239	281671	281171	281269	276355	276140
Stem_ITS_F14_R23	202,766	NA	200,135	98.7%	200135	175919	175816	175860	170739	169776
Stem_ITS_F14_R24	41,380	NA	39,451	95.3%	39451	33744	33695	33549	32171	32000
Stem_ITS_F14_R3	55,811	NA	23,514	42.1%	23514	19214	19148	19117	18238	18144
Stem_ITS_F14_R4	68,001	NA	35,864	52.7%	35864	29887	29807	29844	29107	29038
Stem_ITS_F14_R5	79,305	NA	52,286	65.9%	52286	45804	45695	45646	44791	44740
Stem_ITS_F14_R6	95,928	NA	53,014	55.3%	53014	46201	46003	46026	45185	45046
Stem_ITS_F14_R7	79,757	NA	45,155	56.6%	45155	37573	37239	37163	35647	35458
Stem_ITS_F14_R8	144,478	NA	97,168	67.3%	97168	82922	82764	82802	81044	80815
Stem_ITS_F14_R9	57,257	NA	4,656	8.1%	4656	3897	3875	3865	3543	3482
Stem_ITS_F15_R1	2,143	NA	1,776	82.9%	1775	1434	1429	1421	1320	1298
Stem_ITS_F15_R10	46,862	NA	968	2.1%	968	724	722	719	668	657
Stem_ITS_F15_R11	34,143	NA	1,682	4.9%	1682	1345	1331	1332	1241	1215
Stem_ITS_F15_R12	16,046	NA	1,561	9.7%	1560	1289	1282	1272	1187	1169
Stem_ITS_F15_R13	4,081	NA	1,686	41.3%	1686	1378	1378	1374	1270	1249
Stem_ITS_F15_R14	8,748	NA	2,465	28.2%	2464	1990	1972	1963	1800	1773
Stem_ITS_F15_R15	2,332	NA	771	33.1%	771	275	274	275	259	258
Stem_ITS_F15_R16	3,089	NA	1,374	44.5%	1374	1093	1074	1076	1017	992
Stem_ITS_F15_R17	55,254	NA	53,783	97.3%	53783	45052	45042	45049	44884	44873
Stem_ITS_F15_R18	93,960	NA	90,782	96.6%	90782	68126	68114	68112	67714	67542
Stem_ITS_F15_R19	70,004	NA	68,150	97.4%	68149	56700	56640	56673	55752	55705
Stem_ITS_F15_R2	39,175	NA	16,258	41.5%	16258	14008	13995	13981	13517	13462
Stem_ITS_F15_R20	31,977	NA	31,252	97.7%	31252	24694	24656	24677	24299	24288
Stem_ITS_F15_R21	53,177	NA	51,294	96.5%	51294	41417	41359	41407	41062	41016
Stem_ITS_F15_R22	48,866	NA	48,139	98.5%	48139	40675	40562	40568	40071	40027
Stem_ITS_F15_R23	4,089	NA	2,984	73.0%	2984	2413	2405	2405	2266	2210
Stem_ITS_F15_R24	71,743	NA	70,675	98.5%	70675	61301	61291	61281	60396	60356
Stem_ITS_F15_R3	39,035	NA	17,980	46.1%	17980	14891	14878	14874	13951	13928
Stem_ITS_F15_R4	13,568	NA	11,412	84.1%	11412	9570	9565	9542	9357	9322
Stem_ITS_F15_R5	19,182	NA	17,770	92.6%	17770	14937	14909	14873	14668	14621
Stem_ITS_F15_R6	25,289	NA	18,563	73.4%	18563	15098	15082	15077	14721	14656
Stem_ITS_F15_R7	71,328	NA	44,868	62.9%	44868	35369	35235	35243	34699	34635
Stem_ITS_F15_R8	110,807	NA	56,601	51.1%	56601	46249	46227	46153	43646	43570
Stem_ITS_F15_R9	17,553	NA	1,667	9.5%	1667	1331	1328	1328	1257	1238
Stem_ITS_F16_R1	35,937	NA	34,188	95.1%	34188	28298	28283	28262	27905	27889
Stem_ITS_F16_R10	50,192	NA	941	1.9%	941	749	741	738	693	683
Stem_ITS_F16_R11	121,613	NA	1,776	1.5%	1776	1453	1438	1438	1317	1299
Stem_ITS_F16_R12	4,512	NA	1,494	33.1%	1494	1196	1180	1180	1055	1042
Stem_ITS_F16_R13	5,038	NA	1,578	31.3%	1578	1287	1270	1266	1170	1156
Stem_ITS_F16_R14	11,337	NA	2,439	21.5%	2439	1946	1912	1913	1764	1745
Stem_ITS_F16_R15	4,393	NA	1,127	25.7%	1127	892	881	882	822	813
Stem_ITS_F16_R16	1,829	NA	684	37.4%	684	143	143	140	122	122
Stem_ITS_F16_R17	39,741	NA	37,701	94.9%	37701	31544	31527	31377	31061	31052
Stem_ITS_F16_R18	54,680	NA	50,668	92.7%	50668	41154	41126	41113	40779	40693
Stem_ITS_F16_R19	28,144	NA	25,821	91.7%	25821	20234	20090	20199	18910	18865
Stem_ITS_F16_R2	84,161	NA	40,277	47.9%	40277	32063	32034	32036	31646	31605
Stem_ITS_F16_R20	30,241	NA	29,201	96.6%	29201	23578	23560	23550	23193	23104
Stem_ITS_F16_R21	39,275	NA	36,983	94.2%	36983	32444	32305	32297	31643	31591
Stem_ITS_F16_R22	35,720	NA	34,753	97.3%	34753	27697	27620	27624	26677	26630
Stem_ITS_F16_R23	41,768	NA	40,152	96.1%	40152	32002	31986	31981	31518	31451
Stem_ITS_F16_R24	63,101	NA	61,720	97.8%	61720	54606	54549	54595	54201	54173
Stem_ITS_F16_R3	17,388	NA	1,977	11.4%	1976	1654	1647	1643	1511	1490
Stem_ITS_F16_R4	22,189	NA	18,192	82.0%	18192	15806	15780	15770	15415	15380
Stem_ITS_F16_R5	28,063	NA	20,256	72.2%	20256	16985	16926	16927	16572	16547
Stem_ITS_F16_R6	35,388	NA	29,373	83.0%	29373	23165	23101	23077	19761	19689
Stem_ITS_F16_R7	35,274	NA	12,215	34.6%	12215	9107	9050	9033	8319	8285
Stem_ITS_F16_R8	79,013	NA	45,789	58.0%	45789	38051	37920	38013	37643	37589
Stem_ITS_F16_R9	32,828	NA	1,624	4.9%	1624	1354	1338	1337	1230	1215
Stem_ITS_F17_R1	13,824	NA	13,502	97.7%	13502	10969	10808	10905	10473	10446
Stem_ITS_F17_R10	3,360	NA	860	25.6%	860	693	689	688	648	642
Stem_ITS_F17_R11	4,863	NA	1,374	28.3%	1374	1160	1132	1133	1039	1023
Stem_ITS_F17_R12	3,570	NA	1,181	33.1%	1181	987	970	973	886	865
Stem_ITS_F17_R13	49,717	NA	1,213	2.4%	1213	1012	1001	1007	927	907
Stem_ITS_F17_R14	90,916	NA	2,060	2.3%	2060	1744	1720	1702	1566	1540
Stem_ITS_F17_R15	57,868	NA	913	1.6%	913	740	730	722	667	658
Stem_ITS_F17_R16	39,389	NA	1,157	2.9%	1157	990	976	968	894	879
Stem_ITS_F17_R17	5,961	NA	2,599	43.6%	2599	1640	1640	1639	1605	1597
Stem_ITS_F17_R18	69,136	NA	57,700	83.5%	57700	50672	50588	50650	49603	48394
Stem_ITS_F17_R19	52,688	NA	41,810	79.4%	41810	35436	35365	35366	34840	34806
Stem_ITS_F17_R2	34,914	NA	33,551	96.1%	33551	29032	28997	28969	28508	28460
Stem_ITS_F17_R20	27,499	NA	26,606	96.8%	26606	22922	22908	22911	22786	22785
Stem_ITS_F17_R21	87,900	NA	38,648	44.0%	38648	33955	33946	33933	33617	33570
Stem_ITS_F17_R22	60,425	NA	21,442	35.5%	21442	18850	18687	18726	17691	17648
Stem_ITS_F17_R23	57,519	NA	47,032	81.8%	47032	38930	38919	38866	37755	37715
Stem_ITS_F17_R24	81,323	NA	34,033	41.8%	34033	30325	30059	30052	29334	29296
Stem_ITS_F17_R3	6,742	NA	4,996	74.1%	4996	3322	3305	3306	3185	3170
Stem_ITS_F17_R4	21,779	NA	20,406	93.7%	20406	16994	16979	16975	16813	16791
Stem_ITS_F17_R5	2,836	NA	1,361	48.0%	1361	1140	1125	1119	1022	1008
Stem_ITS_F17_R6	27,439	NA	26,159	95.3%	26159	21137	21016	21015	20257	20219
Stem_ITS_F17_R7	3,384	NA	2,185	64.6%	2184	1828	1801	1792	1632	1607
Stem_ITS_F17_R8	41,522	NA	38,970	93.9%	38970	33820	33791	33769	32933	32119
Stem_ITS_F17_R9	3,792	NA	1,193	31.5%	1193	1003	994	990	909	897
Stem_ITS_F18_R1	18,698	NA	18,093	96.8%	18093	15097	15024	15045	14689	14657
Stem_ITS_F18_R10	5,984	NA	1,362	22.8%	1360	1064	1057	1060	971	957
Stem_ITS_F18_R11	8,723	NA	2,231	25.6%	2231	1793	1769	1767	1646	1620
Stem_ITS_F18_R12	6,424	NA	1,897	29.5%	1897	1578	1562	1560	1429	1405
Stem_ITS_F18_R13	51,273	NA	2,127	4.1%	2127	1757	1744	1732	1593	1561
Stem_ITS_F18_R14	288,354	NA	3,564	1.2%	3564	2949	2904	2902	2657	2604
Stem_ITS_F18_R15	92,593	NA	1,727	1.9%	1727	1418	1401	1406	1309	1277
Stem_ITS_F18_R16	50,265	NA	1,839	3.7%	1839	1493	1482	1473	1371	1337
Stem_ITS_F18_R17	64,943	NA	8,368	12.9%	8368	6615	6606	6607	5701	5687
Stem_ITS_F18_R18	69,427	NA	35,390	51.0%	35390	15582	15565	15557	15271	15230
Stem_ITS_F18_R19	127,252	NA	58,737	46.2%	58737	48902	48876	48874	48361	48214
Stem_ITS_F18_R2	60,541	NA	57,989	95.8%	57989	49724	49614	49609	48249	47924
Stem_ITS_F18_R20	60,249	NA	33,410	55.5%	33410	28256	28240	28233	28067	28045
Stem_ITS_F18_R21	98,724	NA	46,063	46.7%	46063	39104	39088	39085	37766	37705
Stem_ITS_F18_R22	34,292	NA	32,875	95.9%	32875	28510	28462	28453	27411	27357
Stem_ITS_F18_R23	94,869	NA	33,240	35.0%	33240	28777	28768	28755	27339	27287
Stem_ITS_F18_R24	83,555	NA	44,364	53.1%	44364	38293	38265	38172	37801	37761
Stem_ITS_F18_R3	33,683	NA	30,415	90.3%	30415	25143	25117	25101	23504	23278
Stem_ITS_F18_R4	64,026	NA	61,596	96.2%	61596	51572	51536	51538	49623	46597
Stem_ITS_F18_R5	17,588	NA	14,805	84.2%	14804	7739	7706	7701	7247	7140
Stem_ITS_F18_R6	32,516	NA	30,286	93.1%	30285	26025	25994	25978	25338	24852
Stem_ITS_F18_R7	8,761	NA	6,670	76.1%	6670	5511	5454	5450	5037	4984
Stem_ITS_F18_R8	43,158	NA	38,548	89.3%	38548	31304	31265	31247	30293	30100
Stem_ITS_F18_R9	6,673	NA	2,089	31.3%	2089	1720	1705	1698	1560	1537
Stem_ITS_F19_R1	31,504	NA	30,684	97.4%	30684	17833	17796	17789	17431	17388
Stem_ITS_F19_R10	4,608	NA	699	15.2%	699	309	303	305	276	268
Stem_ITS_F19_R11	6,777	NA	1,181	17.4%	1181	610	604	601	546	540
Stem_ITS_F19_R12	4,599	NA	1,082	23.5%	1082	603	595	598	543	534
Stem_ITS_F19_R13	7,967	NA	1,212	15.2%	1212	607	605	602	550	538
Stem_ITS_F19_R14	276,898	NA	1,970	0.7%	1970	920	908	902	836	828
Stem_ITS_F19_R15	66,887	NA	852	1.3%	852	344	342	342	321	313
Stem_ITS_F19_R16	25,218	NA	963	3.8%	963	461	454	451	420	412
Stem_ITS_F19_R17	48,643	NA	8,428	17.3%	8428	3261	3261	3260	3172	3163
Stem_ITS_F19_R18	124,315	NA	61,919	49.8%	61919	31920	31905	31893	31508	31452
Stem_ITS_F19_R19	5,047	NA	2,056	40.7%	2056	162	162	161	154	149
Stem_ITS_F19_R2	9,601	NA	7,587	79.0%	7587	4347	4335	4330	4142	4108
Stem_ITS_F19_R20	56,888	NA	2,780	4.9%	2780	1360	1357	1356	1301	1296
Stem_ITS_F19_R21	59,493	NA	43,443	73.0%	43443	22679	22657	22659	22406	22321
Stem_ITS_F19_R22	48,820	NA	28,465	58.3%	28465	15591	15582	15580	15318	15285
Stem_ITS_F19_R23	105,338	NA	43,104	40.9%	43104	22306	22296	22288	20827	20792
Stem_ITS_F19_R24	52,827	NA	1,558	2.9%	1558	827	824	821	768	754
Stem_ITS_F19_R3	27,424	NA	24,251	88.4%	24251	10661	10653	10638	8255	8225
Stem_ITS_F19_R4	18,927	NA	16,756	88.5%	16756	8619	8595	8595	8105	8090
Stem_ITS_F19_R5	17,475	NA	14,850	85.0%	14850	8360	8351	8337	8021	8009
Stem_ITS_F19_R6	28,058	NA	25,824	92.0%	25824	15708	15685	15694	15038	15017
Stem_ITS_F19_R7	22,708	NA	20,611	90.8%	20611	11482	11459	11441	11002	10985
Stem_ITS_F19_R8	47,930	NA	43,690	91.2%	43690	21608	21596	21557	21371	21337
Stem_ITS_F19_R9	5,247	NA	1,233	23.5%	1233	657	654	655	604	591
Stem_ITS_F2_R1	6,009	NA	570	9.5%	570	315	313	305	277	276
Stem_ITS_F2_R10	76,884	NA	43,487	56.6%	43487	2415	2402	2395	1901	1898
Stem_ITS_F2_R11	78,236	NA	35,762	45.7%	35762	2765	2748	2729	2466	2461
Stem_ITS_F2_R12	58,639	NA	28,824	49.2%	28823	2935	2928	2916	2653	2645
Stem_ITS_F2_R13	16,081	NA	3,052	19.0%	3052	481	473	472	428	427
Stem_ITS_F2_R14	84,632	NA	50,812	60.0%	50812	40986	40871	40826	40393	40319
Stem_ITS_F2_R15	39,284	NA	21,578	54.9%	21574	5179	5154	5117	4910	4906
Stem_ITS_F2_R16	80,427	NA	39,704	49.4%	39703	32326	32265	32228	30168	30030
Stem_ITS_F2_R17	34,786	NA	329	0.9%	329	200	200	198	177	177
Stem_ITS_F2_R18	64,513	NA	1,230	1.9%	1230	701	700	697	647	638
Stem_ITS_F2_R19	10,085	NA	945	9.4%	945	514	501	503	456	455
Stem_ITS_F2_R2	1,702	NA	532	31.3%	532	60	59	59	51	50
Stem_ITS_F2_R20	20,914	NA	222	1.1%	222	145	143	141	124	124
Stem_ITS_F2_R21	33,771	NA	515	1.5%	515	323	317	318	297	296
Stem_ITS_F2_R22	1,699	NA	669	39.4%	669	357	351	351	320	319
Stem_ITS_F2_R23	2,331	NA	698	29.9%	698	374	371	370	346	344
Stem_ITS_F2_R24	1,993	NA	497	24.9%	497	279	277	276	249	249
Stem_ITS_F2_R3	3,788	NA	638	16.8%	636	290	288	286	249	247
Stem_ITS_F2_R4	8,357	NA	5,130	61.4%	5130	821	804	807	645	645
Stem_ITS_F2_R5	7,711	NA	1,958	25.4%	1956	476	471	470	429	429
Stem_ITS_F2_R6	10,253	NA	2,441	23.8%	2439	695	681	685	628	624
Stem_ITS_F2_R7	2,901	NA	1,187	40.9%	1187	588	569	568	497	491
Stem_ITS_F2_R8	37,582	NA	1,131	3.0%	1130	607	596	593	538	535
Stem_ITS_F2_R9	38,384	NA	491	1.3%	490	266	263	260	240	238
Stem_ITS_F20_R1	1,913	NA	1,632	85.3%	1632	1320	1312	1305	1208	1185
Stem_ITS_F20_R10	3,116	NA	945	30.3%	945	706	704	699	657	650
Stem_ITS_F20_R11	4,464	NA	1,512	33.9%	1512	1154	1132	1127	1036	1025
Stem_ITS_F20_R12	3,323	NA	1,325	39.9%	1325	1067	1057	1053	966	958
Stem_ITS_F20_R13	18,574	NA	1,484	8.0%	1484	1197	1181	1179	1078	1064
Stem_ITS_F20_R14	121,277	NA	2,357	1.9%	2357	1900	1876	1873	1721	1692
Stem_ITS_F20_R15	33,907	NA	1,089	3.2%	1088	843	838	834	764	753
Stem_ITS_F20_R16	30,691	NA	1,179	3.8%	1179	920	899	897	824	812
Stem_ITS_F20_R17	26,964	NA	834	3.1%	834	627	625	623	585	580
Stem_ITS_F20_R18	66,008	NA	28,582	43.3%	28582	18849	18838	18828	18497	18450
Stem_ITS_F20_R19	62,703	NA	58,112	92.7%	58112	43342	43291	43284	42679	42121
Stem_ITS_F20_R2	22,532	NA	21,414	95.0%	21412	17023	17000	16987	16801	16778
Stem_ITS_F20_R20	51,369	NA	25,871	50.4%	25871	14299	14298	14276	13753	13714
Stem_ITS_F20_R21	45,029	NA	43,001	95.5%	43001	33329	33292	33261	32667	32545
Stem_ITS_F20_R22	26,613	NA	2,247	8.4%	2247	1755	1744	1744	1620	1588
Stem_ITS_F20_R23	33,563	NA	2,768	8.2%	2768	2224	2218	2217	2078	2047
Stem_ITS_F20_R24	50,043	NA	37,879	75.7%	37879	27540	27517	27495	26520	26507
Stem_ITS_F20_R3	23,347	NA	21,742	93.1%	21742	17360	17300	17288	16732	16715
Stem_ITS_F20_R4	20,576	NA	19,407	94.3%	19407	15523	15501	15513	15235	15223
Stem_ITS_F20_R5	97,328	NA	95,751	98.4%	95751	83349	83298	83281	81798	81612
Stem_ITS_F20_R6	31,659	NA	30,542	96.5%	30541	24644	24576	24581	24129	24083
Stem_ITS_F20_R7	14,859	NA	13,719	92.3%	13719	11483	11409	11405	11067	11033
Stem_ITS_F20_R8	36,785	NA	34,685	94.3%	34685	28566	28491	28446	27120	26915
Stem_ITS_F20_R9	3,536	NA	1,383	39.1%	1383	1101	1098	1090	1022	1008
Stem_ITS_F21_R1	13,505	NA	13,117	97.1%	13117	10312	10229	10246	9711	9680
Stem_ITS_F21_R10	3,273	NA	645	19.7%	645	470	465	467	447	436
Stem_ITS_F21_R11	4,700	NA	1,018	21.7%	1018	769	759	758	710	698
Stem_ITS_F21_R12	3,330	NA	942	28.3%	942	695	691	688	638	634
Stem_ITS_F21_R13	19,538	NA	1,033	5.3%	1033	751	748	741	694	677
Stem_ITS_F21_R14	67,614	NA	1,635	2.4%	1635	1229	1211	1204	1113	1092
Stem_ITS_F21_R15	50,474	NA	785	1.6%	785	587	584	584	538	529
Stem_ITS_F21_R16	34,951	NA	891	2.5%	891	656	649	641	607	593
Stem_ITS_F21_R17	78,453	NA	41,734	53.2%	41734	28398	28396	28325	28026	28012
Stem_ITS_F21_R18	94,529	NA	47,479	50.2%	47479	36715	36673	36652	35855	35791
Stem_ITS_F21_R19	60,301	NA	13,647	22.6%	13647	10614	10610	10598	10370	10353
Stem_ITS_F21_R2	30,760	NA	29,348	95.4%	29347	21612	21598	21592	21302	21251
Stem_ITS_F21_R20	40,953	NA	469	1.1%	469	357	354	355	334	325
Stem_ITS_F21_R21	44,353	NA	23,036	51.9%	23036	5409	5396	5386	5267	5261
Stem_ITS_F21_R22	37,665	NA	19,140	50.8%	19140	14212	14175	14196	13812	13801
Stem_ITS_F21_R23	64,002	NA	41,437	64.7%	41437	32063	32016	32047	29951	29930
Stem_ITS_F21_R24	9,886	NA	8,504	86.0%	8504	6616	6610	6607	6531	6520
Stem_ITS_F21_R3	23,298	NA	21,279	91.3%	21279	16638	16621	16608	16363	16290
Stem_ITS_F21_R4	16,338	NA	14,957	91.5%	14957	11709	11706	11699	11495	11224
Stem_ITS_F21_R5	16,350	NA	14,722	90.0%	14722	10854	10844	10841	10546	10519
Stem_ITS_F21_R6	19,669	NA	18,322	93.2%	18322	14141	14126	14119	13569	13447
Stem_ITS_F21_R7	19,274	NA	17,922	93.0%	17922	13676	13662	13652	13119	13096
Stem_ITS_F21_R8	24,534	NA	21,858	89.1%	21858	15550	15532	15519	14926	14715
Stem_ITS_F21_R9	3,690	NA	1,104	29.9%	1104	813	810	809	752	744
Stem_ITS_F22_R1	13,834	NA	13,298	96.1%	13298	10971	10948	10944	10686	10581
Stem_ITS_F22_R10	4,249	NA	323	7.6%	323	234	233	229	205	196
Stem_ITS_F22_R11	6,164	NA	649	10.5%	649	483	470	465	416	405
Stem_ITS_F22_R12	4,156	NA	538	12.9%	538	379	372	369	315	313
Stem_ITS_F22_R13	74,348	NA	593	0.8%	593	437	429	425	362	355
Stem_ITS_F22_R14	361,388	NA	980	0.3%	980	759	734	729	645	636
Stem_ITS_F22_R15	50,635	NA	418	0.8%	418	314	314	307	287	275
Stem_ITS_F22_R16	35,509	NA	583	1.6%	583	421	414	416	363	355
Stem_ITS_F22_R17	59,756	NA	37,407	62.6%	37407	28147	28107	28092	26014	25800
Stem_ITS_F22_R18	38,504	NA	1,350	3.5%	1350	1017	1011	1008	917	898
Stem_ITS_F22_R19	54,007	NA	21,042	39.0%	21042	13873	13824	13814	12831	12816
Stem_ITS_F22_R2	2,879	NA	871	30.3%	871	672	665	655	593	581
Stem_ITS_F22_R20	24,269	NA	22,925	94.5%	22925	13789	13736	13737	13275	13212
Stem_ITS_F22_R21	42,459	NA	19,301	45.5%	19301	16049	16035	16020	14715	14675
Stem_ITS_F22_R22	34,619	NA	17,071	49.3%	17071	3969	3967	3961	3713	3673
Stem_ITS_F22_R23	38,228	NA	11,090	29.0%	11090	7765	7751	7754	7593	7576
Stem_ITS_F22_R24	36,449	NA	8,463	23.2%	8462	6599	6588	6584	6486	6480
Stem_ITS_F22_R3	3,439	NA	707	20.6%	707	521	514	509	440	436
Stem_ITS_F22_R4	2,592	NA	643	24.8%	643	460	447	444	400	397
Stem_ITS_F22_R5	2,994	NA	657	21.9%	657	503	487	480	422	415
Stem_ITS_F22_R6	2,945	NA	970	32.9%	970	740	720	716	626	615
Stem_ITS_F22_R7	3,152	NA	1,000	31.7%	1000	731	704	697	581	570
Stem_ITS_F22_R8	4,758	NA	1,176	24.7%	1176	893	879	876	802	778
Stem_ITS_F22_R9	4,462	NA	556	12.5%	556	403	395	395	368	361
Stem_ITS_F23_R1	1,230	NA	840	68.3%	840	705	700	700	671	654
Stem_ITS_F23_R10	3,725	NA	491	13.2%	491	391	390	389	369	356
Stem_ITS_F23_R11	5,093	NA	706	13.9%	706	555	552	549	511	496
Stem_ITS_F23_R12	3,633	NA	690	19.0%	690	549	542	542	501	489
Stem_ITS_F23_R13	5,595	NA	755	13.5%	755	593	592	591	537	526
Stem_ITS_F23_R14	207,880	NA	1,095	0.5%	1095	902	896	896	840	823
Stem_ITS_F23_R15	4,464	NA	525	11.8%	525	426	425	424	396	389
Stem_ITS_F23_R16	40,636	NA	695	1.7%	695	574	571	571	535	527
Stem_ITS_F23_R17	56,785	NA	8,527	15.0%	8527	5516	5516	5512	5429	5413
Stem_ITS_F23_R18	97,864	NA	61,275	62.6%	61275	50618	50565	50560	48999	48821
Stem_ITS_F23_R19	111,539	NA	62,228	55.8%	62228	49075	49000	49016	48230	48096
Stem_ITS_F23_R2	2,719	NA	1,113	40.9%	1113	940	932	933	861	838
Stem_ITS_F23_R20	30,784	NA	29,017	94.3%	29017	23158	23071	23129	22657	22548
Stem_ITS_F23_R21	70,455	NA	23,305	33.1%	23305	17836	17815	17806	17526	17443
Stem_ITS_F23_R22	36,267	NA	24,957	68.8%	24957	21715	21711	21706	21291	21245
Stem_ITS_F23_R23	30,189	NA	22,782	75.5%	22782	1550	1547	1550	1497	1484
Stem_ITS_F23_R24	98,178	NA	27,097	27.6%	27097	22522	22515	22508	22322	22091
Stem_ITS_F23_R3	3,239	NA	890	27.5%	890	717	713	710	665	643
Stem_ITS_F23_R4	2,413	NA	817	33.9%	817	654	654	654	620	600
Stem_ITS_F23_R5	2,698	NA	715	26.5%	715	542	538	541	504	489
Stem_ITS_F23_R6	2,986	NA	1,289	43.2%	1289	1084	1082	1081	1012	979
Stem_ITS_F23_R7	2,585	NA	1,075	41.6%	1075	880	869	868	794	763
Stem_ITS_F23_R8	4,626	NA	1,606	34.7%	1606	1291	1285	1286	1213	1181
Stem_ITS_F23_R9	3,950	NA	763	19.3%	763	629	626	622	583	577
Stem_ITS_F24_R1	1,145	NA	771	67.3%	771	600	594	596	542	532
Stem_ITS_F24_R10	3,474	NA	455	13.1%	455	332	331	329	303	295
Stem_ITS_F24_R11	4,841	NA	713	14.7%	713	551	542	535	471	454
Stem_ITS_F24_R12	3,314	NA	626	18.9%	626	467	464	465	425	411
Stem_ITS_F24_R13	77,873	NA	692	0.9%	692	522	519	516	462	457
Stem_ITS_F24_R14	42,840	NA	987	2.3%	987	771	761	760	682	670
Stem_ITS_F24_R15	71,291	NA	399	0.6%	399	313	311	310	285	281
Stem_ITS_F24_R16	60,396	NA	607	1.0%	607	457	457	453	415	409
Stem_ITS_F24_R17	77,185	NA	43,240	56.0%	43240	32103	32020	32023	28289	28183
Stem_ITS_F24_R18	87,018	NA	37,140	42.7%	37140	24691	24633	24678	23849	23792
Stem_ITS_F24_R19	53,079	NA	50,335	94.8%	50335	37739	37713	37682	37214	37184
Stem_ITS_F24_R2	2,554	NA	964	37.7%	964	754	750	748	687	661
Stem_ITS_F24_R20	48,060	NA	10,759	22.4%	10759	7432	7389	7428	7342	7339
Stem_ITS_F24_R21	11,966	NA	1,234	10.3%	1234	994	989	990	906	892
Stem_ITS_F24_R22	34,528	NA	25,499	73.9%	25499	20667	20660	20661	20385	20228
Stem_ITS_F24_R23	95,097	NA	67,018	70.5%	67018	57845	57840	57839	57201	57149
Stem_ITS_F24_R24	39,939	NA	28,596	71.6%	28596	12880	12873	12879	12523	12506
Stem_ITS_F24_R3	2,771	NA	726	26.2%	726	559	556	554	504	489
Stem_ITS_F24_R4	2,187	NA	717	32.8%	717	562	560	561	521	505
Stem_ITS_F24_R5	2,347	NA	604	25.7%	604	482	477	477	433	428
Stem_ITS_F24_R6	2,552	NA	1,170	45.8%	1168	942	932	935	842	827
Stem_ITS_F24_R7	2,297	NA	946	41.2%	946	731	716	711	643	624
Stem_ITS_F24_R8	4,314	NA	1,413	32.8%	1412	1138	1123	1130	1036	1004
Stem_ITS_F24_R9	3,673	NA	673	18.3%	673	532	532	532	480	459
Stem_ITS_F3_R1	2,082	NA	1,684	80.9%	1684	1346	1337	1327	1242	1231
Stem_ITS_F3_R10	7,391	NA	4,564	61.8%	4563	3385	3366	3359	3275	3264
Stem_ITS_F3_R11	52,507	NA	22,312	42.5%	22312	15911	15867	15853	15494	15439
Stem_ITS_F3_R12	55,607	NA	22,405	40.3%	22405	14280	14252	14248	13773	13599
Stem_ITS_F3_R13	61,939	NA	16,205	26.2%	16204	8943	8909	8909	8617	8570
Stem_ITS_F3_R14	58,187	NA	30,789	52.9%	30788	23967	23905	23864	23027	22961
Stem_ITS_F3_R15	38,898	NA	19,870	51.1%	19870	13414	13371	13363	12953	12869
Stem_ITS_F3_R16	15,281	NA	12,724	83.3%	12724	10393	10359	10340	9972	9951
Stem_ITS_F3_R17	5,800	NA	538	9.3%	538	409	408	403	380	372
Stem_ITS_F3_R18	35,910	NA	2,056	5.7%	2056	1651	1643	1640	1561	1525
Stem_ITS_F3_R19	29,364	NA	2,021	6.9%	2021	1620	1615	1610	1523	1507
Stem_ITS_F3_R2	4,096	NA	2,538	62.0%	2538	1771	1742	1739	1624	1598
Stem_ITS_F3_R20	20,592	NA	428	2.1%	428	342	339	334	315	312
Stem_ITS_F3_R21	25,664	NA	1,287	5.0%	1287	1056	1047	1051	991	971
Stem_ITS_F3_R22	2,256	NA	1,337	59.3%	1337	1077	1067	1065	982	951
Stem_ITS_F3_R23	2,932	NA	1,338	45.6%	1338	1114	1109	1106	1039	1014
Stem_ITS_F3_R24	2,306	NA	916	39.7%	916	732	728	726	676	665
Stem_ITS_F3_R3	2,964	NA	1,131	38.2%	1131	612	607	602	556	548
Stem_ITS_F3_R4	61,753	NA	35,134	56.9%	35134	30492	30453	30456	30117	30076
Stem_ITS_F3_R5	17,646	NA	14,241	80.7%	14241	11638	11612	11613	11361	11335
Stem_ITS_F3_R6	23,747	NA	16,844	70.9%	16844	13408	13386	13375	13223	13195
Stem_ITS_F3_R7	9,658	NA	8,104	83.9%	8104	6819	6744	6744	6400	6383
Stem_ITS_F3_R8	35,037	NA	11,610	33.1%	11609	9600	9570	9535	9367	9319
Stem_ITS_F3_R9	88,580	NA	35,453	40.0%	35453	29737	29702	29711	28652	28534
Stem_ITS_F4_R1	7,393	NA	6,348	85.9%	6348	5387	5380	5371	5205	5159
Stem_ITS_F4_R10	24,001	NA	569	2.4%	569	410	401	402	374	372
Stem_ITS_F4_R11	30,149	NA	6,195	20.5%	6195	5246	5203	5200	5056	5038
Stem_ITS_F4_R12	59,088	NA	27,084	45.8%	27083	21438	21402	21403	20242	20188
Stem_ITS_F4_R13	40,144	NA	948	2.4%	948	749	740	741	687	680
Stem_ITS_F4_R14	72,886	NA	30,813	42.3%	30813	26555	26483	26484	26127	26095
Stem_ITS_F4_R15	14,936	NA	1,647	11.0%	1647	1224	1206	1208	1140	1131
Stem_ITS_F4_R16	21,919	NA	3,040	13.9%	3040	2363	2353	2352	2228	2222
Stem_ITS_F4_R17	21,785	NA	450	2.1%	450	338	337	337	309	308
Stem_ITS_F4_R18	70,737	NA	1,733	2.4%	1733	1390	1386	1381	1288	1263
Stem_ITS_F4_R19	21,242	NA	1,604	7.6%	1604	1307	1297	1295	1222	1216
Stem_ITS_F4_R2	8,873	NA	2,578	29.1%	2578	1868	1845	1839	1709	1695
Stem_ITS_F4_R20	19,146	NA	371	1.9%	371	294	293	293	264	261
Stem_ITS_F4_R21	18,608	NA	1,030	5.5%	1030	823	811	813	758	750
Stem_ITS_F4_R22	1,898	NA	954	50.3%	954	780	770	775	714	711
Stem_ITS_F4_R23	2,945	NA	1,088	36.9%	1088	871	871	870	813	808
Stem_ITS_F4_R24	2,291	NA	756	33.0%	756	606	602	602	565	563
Stem_ITS_F4_R3	63,395	NA	27,232	43.0%	27231	18708	18659	18644	18020	18011
Stem_ITS_F4_R4	16,024	NA	7,602	47.4%	7602	2850	2834	2843	2739	2739
Stem_ITS_F4_R5	72,279	NA	57,581	79.7%	57581	51183	51094	51131	50850	50821
Stem_ITS_F4_R6	35,543	NA	9,045	25.4%	9043	7146	7119	7117	6860	6814
Stem_ITS_F4_R7	4,297	NA	2,695	62.7%	2693	2083	2059	2040	1870	1857
Stem_ITS_F4_R8	40,898	NA	5,050	12.3%	5049	2551	2534	2530	2420	2414
Stem_ITS_F4_R9	23,355	NA	8,616	36.9%	8616	6174	6153	6160	5603	5597
Stem_ITS_F5_R1	5,782	NA	1,187	20.5%	1187	771	751	755	637	626
Stem_ITS_F5_R10	13,767	NA	9,851	71.6%	9851	3901	3892	3883	3654	3643
Stem_ITS_F5_R11	74,285	NA	42,668	57.4%	42666	26061	25941	25983	24791	24761
Stem_ITS_F5_R12	31,066	NA	6,252	20.1%	6250	4152	4140	4137	3972	3963
Stem_ITS_F5_R13	146,066	NA	87,109	59.6%	87109	56336	56257	56188	37989	37924
Stem_ITS_F5_R14	85,872	NA	24,896	29.0%	24896	7837	7808	7807	7147	7126
Stem_ITS_F5_R15	21,340	NA	822	3.9%	820	510	505	504	433	423
Stem_ITS_F5_R16	27,055	NA	6,288	23.2%	6288	4819	4794	4790	4605	4591
Stem_ITS_F5_R17	3,007	NA	510	17.0%	510	369	369	369	311	305
Stem_ITS_F5_R18	20,776	NA	2,086	10.0%	2085	1519	1516	1514	1270	1234
Stem_ITS_F5_R19	20,202	NA	1,909	9.4%	1909	1384	1380	1373	1140	1120
Stem_ITS_F5_R2	8,567	NA	4,970	58.0%	4969	2773	2751	2750	2454	2427
Stem_ITS_F5_R20	98,037	NA	391	0.4%	391	278	276	275	224	220
Stem_ITS_F5_R21	19,460	NA	1,166	6.0%	1166	879	877	874	726	716
Stem_ITS_F5_R22	2,485	NA	1,221	49.1%	1221	930	919	918	789	771
Stem_ITS_F5_R23	3,673	NA	1,294	35.2%	1294	990	987	985	799	786
Stem_ITS_F5_R24	2,972	NA	926	31.2%	926	689	685	684	567	549
Stem_ITS_F5_R3	18,759	NA	2,489	13.3%	2488	1748	1740	1742	1595	1578
Stem_ITS_F5_R4	71,915	NA	13,742	19.1%	13742	6691	6685	6682	6336	6313
Stem_ITS_F5_R5	16,275	NA	7,193	44.2%	7193	4215	4205	4200	3886	3879
Stem_ITS_F5_R6	27,195	NA	6,761	24.9%	6761	3926	3910	3910	3647	3623
Stem_ITS_F5_R7	15,066	NA	2,593	17.2%	2592	1803	1762	1759	1525	1505
Stem_ITS_F5_R8	61,343	NA	33,074	53.9%	33070	25967	25933	25906	25406	25361
Stem_ITS_F5_R9	65,460	NA	25,386	38.8%	25384	17132	17088	17092	16784	16747
Stem_ITS_F6_R1	10,560	NA	9,880	93.6%	9877	8405	8376	8373	8067	8053
Stem_ITS_F6_R10	51,629	NA	10,642	20.6%	10641	8913	8890	8893	8805	8801
Stem_ITS_F6_R11	65,766	NA	8,532	13.0%	8531	6089	6041	6030	5759	5744
Stem_ITS_F6_R12	22,147	NA	9,885	44.6%	9885	7200	7174	7164	7000	6987
Stem_ITS_F6_R13	77,641	NA	8,985	11.6%	8984	7044	7036	7029	6937	6927
Stem_ITS_F6_R14	99,739	NA	40,540	40.6%	40539	34268	34172	34140	32907	32873
Stem_ITS_F6_R15	25,856	NA	5,904	22.8%	5901	4937	4908	4914	4786	4777
Stem_ITS_F6_R16	33,851	NA	4,903	14.5%	4898	3928	3891	3875	2954	2943
Stem_ITS_F6_R17	26,227	NA	476	1.8%	476	370	362	358	325	318
Stem_ITS_F6_R18	35,372	NA	1,623	4.6%	1623	1280	1273	1265	1159	1133
Stem_ITS_F6_R19	31,105	NA	1,447	4.7%	1447	1180	1168	1161	1070	1054
Stem_ITS_F6_R2	10,506	NA	7,209	68.6%	7209	5426	5400	5395	4446	4422
Stem_ITS_F6_R20	30,263	NA	391	1.3%	391	318	311	313	290	284
Stem_ITS_F6_R21	22,306	NA	1,112	5.0%	1112	935	930	925	875	854
Stem_ITS_F6_R22	2,233	NA	1,045	46.8%	1045	873	865	857	790	774
Stem_ITS_F6_R23	3,103	NA	968	31.2%	968	799	790	788	735	721
Stem_ITS_F6_R24	2,650	NA	854	32.2%	854	692	683	682	634	625
Stem_ITS_F6_R3	24,324	NA	6,471	26.6%	6467	5589	5573	5575	5442	5428
Stem_ITS_F6_R4	34,672	NA	25,259	72.9%	25257	20471	20432	20427	20129	20100
Stem_ITS_F6_R5	26,806	NA	19,378	72.3%	19378	13904	13855	13809	13672	13665
Stem_ITS_F6_R6	5,546	NA	2,507	45.2%	2507	803	793	787	746	745
Stem_ITS_F6_R7	18,571	NA	7,558	40.7%	7558	6168	6113	6107	5835	5815
Stem_ITS_F6_R8	43,206	NA	1,815	4.2%	1815	1463	1440	1436	1322	1298
Stem_ITS_F6_R9	28,626	NA	16,462	57.5%	16460	13737	13653	13654	13343	13318
Stem_ITS_F7_R1	1,795	NA	849	47.3%	849	658	646	636	582	575
Stem_ITS_F7_R10	32,689	NA	15,797	48.3%	15797	12888	12876	12868	12691	12512
Stem_ITS_F7_R11	15,776	NA	1,237	7.8%	1237	976	954	949	884	872
Stem_ITS_F7_R12	43,819	NA	13,780	31.4%	13780	10730	10647	10661	10296	10263
Stem_ITS_F7_R13	78,091	NA	15,424	19.8%	15424	12880	12863	12847	12749	12725
Stem_ITS_F7_R14	82,222	NA	34,188	41.6%	34188	21899	21848	21844	21548	21503
Stem_ITS_F7_R15	69,131	NA	24,578	35.6%	24578	21034	21003	21004	20522	20179
Stem_ITS_F7_R16	32,587	NA	20,567	63.1%	20567	17476	17437	17431	17198	17122
Stem_ITS_F7_R17	2,652	NA	393	14.8%	393	284	281	281	264	259
Stem_ITS_F7_R18	9,405	NA	1,630	17.3%	1630	1279	1267	1266	1197	1165
Stem_ITS_F7_R19	24,543	NA	1,408	5.7%	1408	1132	1119	1116	1043	1025
Stem_ITS_F7_R2	2,979	NA	1,141	38.3%	1141	885	869	865	792	770
Stem_ITS_F7_R20	13,055	NA	374	2.9%	374	307	298	297	267	264
Stem_ITS_F7_R21	21,199	NA	945	4.5%	945	762	755	754	702	691
Stem_ITS_F7_R22	2,408	NA	1,331	55.3%	1331	1109	1084	1081	989	964
Stem_ITS_F7_R23	2,320	NA	960	41.4%	960	793	784	781	733	719
Stem_ITS_F7_R24	1,947	NA	693	35.6%	693	566	559	560	502	490
Stem_ITS_F7_R3	9,555	NA	927	9.7%	927	712	695	698	650	636
Stem_ITS_F7_R4	3,840	NA	965	25.1%	965	763	751	753	701	688
Stem_ITS_F7_R5	14,392	NA	11,523	80.1%	11523	9730	9643	9627	9450	9433
Stem_ITS_F7_R6	18,597	NA	10,563	56.8%	10563	8334	8255	8247	7856	7780
Stem_ITS_F7_R7	22,505	NA	10,687	47.5%	10687	1789	1779	1771	1709	1700
Stem_ITS_F7_R8	26,327	NA	16,469	62.6%	16469	13358	13328	13325	12778	12736
Stem_ITS_F7_R9	22,439	NA	19,736	88.0%	19736	14379	14374	14371	13712	13707
Stem_ITS_F8_R1	4,893	NA	3,543	72.4%	3543	2682	2640	2656	2463	2421
Stem_ITS_F8_R10	55,965	NA	16,902	30.2%	16902	13861	13831	13826	13029	12977
Stem_ITS_F8_R11	70,392	NA	28,943	41.1%	28943	24385	24352	24349	24061	24027
Stem_ITS_F8_R12	84,975	NA	22,371	26.3%	22371	19195	19147	19161	18976	18961
Stem_ITS_F8_R13	133,046	NA	38,339	28.8%	38339	31111	31049	31067	30362	30221
Stem_ITS_F8_R14	153,241	NA	44,456	29.0%	44456	35103	35050	34816	34203	34157
Stem_ITS_F8_R15	107,997	NA	47,757	44.2%	47757	42148	42128	42134	41549	35699
Stem_ITS_F8_R16	74,893	NA	27,952	37.3%	27952	22152	22127	22097	21796	21720
Stem_ITS_F8_R17	41,405	NA	863	2.1%	863	664	662	659	599	584
Stem_ITS_F8_R18	48,611	NA	3,261	6.7%	3261	2669	2656	2661	2496	2401
Stem_ITS_F8_R19	54,221	NA	2,897	5.3%	2897	2383	2358	2371	2169	2115
Stem_ITS_F8_R2	36,441	NA	33,467	91.8%	33467	26769	26730	26737	25320	25178
Stem_ITS_F8_R20	33,257	NA	621	1.9%	621	493	483	485	436	429
Stem_ITS_F8_R21	28,658	NA	1,952	6.8%	1952	1625	1602	1614	1492	1469
Stem_ITS_F8_R22	3,596	NA	1,965	54.6%	1965	1610	1598	1603	1472	1425
Stem_ITS_F8_R23	4,997	NA	2,056	41.1%	2056	1690	1680	1671	1549	1504
Stem_ITS_F8_R24	4,090	NA	1,530	37.4%	1530	1248	1231	1231	1143	1103
Stem_ITS_F8_R3	35,581	NA	21,995	61.8%	21995	17894	17862	17816	17353	17293
Stem_ITS_F8_R4	39,275	NA	33,042	84.1%	33042	26978	26849	26952	26234	25958
Stem_ITS_F8_R5	59,841	NA	24,683	41.2%	24683	20455	20311	20327	19675	19605
Stem_ITS_F8_R6	41,843	NA	38,847	92.8%	38847	30479	30340	30387	29381	29307
Stem_ITS_F8_R7	26,715	NA	9,203	34.4%	9203	7808	7767	7761	7547	7506
Stem_ITS_F8_R8	39,457	NA	17,489	44.3%	17489	6956	6953	6950	6734	6720
Stem_ITS_F8_R9	115,434	NA	30,381	26.3%	30381	25857	25758	25805	25134	25081
Stem_ITS_F9_R1	46,719	NA	45,832	98.1%	45832	37876	37768	37822	36819	36657
Stem_ITS_F9_R10	80,400	NA	18,580	23.1%	18580	14795	14748	14781	14514	14497
Stem_ITS_F9_R11	64,034	NA	20,304	31.7%	20304	14615	14587	14599	14384	14352
Stem_ITS_F9_R12	93,625	NA	49,573	52.9%	49573	44571	44505	44489	44002	43986
Stem_ITS_F9_R13	6,923	NA	3,906	56.4%	3904	3338	3327	3327	3237	3219
Stem_ITS_F9_R14	55,987	NA	48,074	85.9%	48074	42205	42148	42113	41616	41520
Stem_ITS_F9_R15	16,523	NA	13,591	82.3%	13591	8515	8491	8499	8327	8298
Stem_ITS_F9_R16	28,246	NA	26,019	92.1%	26019	20539	20528	20524	20034	20007
Stem_ITS_F9_R17	2,446	NA	843	34.5%	843	636	634	632	592	578
Stem_ITS_F9_R18	6,629	NA	3,300	49.8%	3300	2694	2688	2681	2515	2450
Stem_ITS_F9_R19	4,914	NA	2,948	60.0%	2948	2408	2398	2396	2256	2223
Stem_ITS_F9_R2	35,669	NA	34,383	96.4%	34383	29546	29531	29526	29047	28967
Stem_ITS_F9_R20	1,278	NA	604	47.3%	604	502	498	500	477	474
Stem_ITS_F9_R21	3,999	NA	1,997	49.9%	1997	1643	1635	1630	1522	1483
Stem_ITS_F9_R22	2,673	NA	1,930	72.2%	1930	1580	1570	1571	1476	1440
Stem_ITS_F9_R23	3,452	NA	2,125	61.6%	2125	1773	1768	1768	1683	1648
Stem_ITS_F9_R24	2,556	NA	1,466	57.4%	1466	1228	1224	1227	1152	1117
Stem_ITS_F9_R3	85,819	NA	49,507	57.7%	49507	36992	36950	36926	35905	35791
Stem_ITS_F9_R4	21,207	NA	12,206	57.6%	12206	10025	10016	10019	9883	9860
Stem_ITS_F9_R5	60,880	NA	34,794	57.2%	34794	30553	30526	30524	30133	29916
Stem_ITS_F9_R6	27,490	NA	10,693	38.9%	10693	8357	8338	8342	7755	7686
Stem_ITS_F9_R7	21,897	NA	2,144	9.8%	2142	1763	1737	1735	1608	1565
Stem_ITS_F9_R8	110,392	NA	78,167	70.8%	78167	62508	62440	62458	61368	61261
Stem_ITS_F9_R9	21,621	NA	9,510	44.0%	9510	4136	4114	4131	4012	3987
