SampleID	F	R	Extraction_batch	PCR_batch	Plate	Well	Ale_ID	SampleOrigin	IsolationMethod	Tissue	Site	Tree	GlobalSampleID	SampleType	SequencingType
Leaf-ITS-F1-R1	F1	R1	1	1	1	A1	NA	Microbiome	NA	Leaf	ATTP	A18	Microbiome-Leaf-ATTP-A18	Sample	NovaSeq
Leaf-ITS-F1-R2	F1	R2	1	1	1	B1	NA	Microbiome	NA	Leaf	MOCCA	A8	Microbiome-Leaf-MOCCA-A8	Sample	NovaSeq
Leaf-ITS-F1-R3	F1	R3	1	1	1	C1	NA	Microbiome	NA	Leaf	MALDW	C4	Microbiome-Leaf-MALDW-C4	Sample	NovaSeq
Leaf-ITS-F1-R4	F1	R4	1	1	1	D1	NA	Microbiome	NA	Leaf	HOEF	A16	Microbiome-Leaf-HOEF-A16	Sample	NovaSeq
Leaf-ITS-F1-R5	F1	R5	1	1	1	E1	NA	Microbiome	NA	Leaf	HLKH	C5	Microbiome-Leaf-HLKH-C5	Sample	NovaSeq
Leaf-ITS-F1-R6	F1	R6	1	1	1	F1	NA	Microbiome	NA	Leaf	STRTS	C4	Microbiome-Leaf-STRTS-C4	Sample	NovaSeq
Leaf-ITS-F1-R7	F1	R7	1	1	1	G1	NA	Microbiome	NA	Leaf	HTCH	A13	Microbiome-Leaf-HTCH-A13	Sample	NovaSeq
Leaf-ITS-F1-R8	F1	R8	1	1	1	H1	NA	Microbiome	NA	Leaf	WINDW	A13	Microbiome-Leaf-WINDW-A14	Sample	NovaSeq
Leaf-ITS-F1-R9	F1	R9	4	4	13	A4	NA	Microbiome	NA	Leaf	HLKH	A17	Microbiome-Leaf-HLKH-A17	Sample	NovaSeq
Leaf-ITS-F1-R10	F1	R10	4	4	13	B4	NA	Microbiome	NA	Leaf	HOEF	A13	Microbiome-Leaf-HOEF-A13	Sample	NovaSeq
Leaf-ITS-F1-R11	F1	R11	4	4	13	C4	NA	Microbiome	NA	Leaf	HOEF	A20	Microbiome-Leaf-HOEF-A20	Sample	NovaSeq
Leaf-ITS-F1-R12	F1	R12	4	4	13	D4	NA	Microbiome	NA	Leaf	HOEF	C5	Microbiome-Leaf-HOEF-C5	Sample	NovaSeq
Leaf-ITS-F1-R13	F1	R13	4	4	13	E4	NA	Microbiome	NA	Leaf	HOEF	A15	Microbiome-Leaf-HOEF-A15	Sample	NovaSeq
Leaf-ITS-F1-R14	F1	R14	4	4	13	F4	NA	Microbiome	NA	Leaf	HOEF	A7	Microbiome-Leaf-HOEF-A7	Sample	NovaSeq
Leaf-ITS-F1-R15	F1	R15	4	4	13	G4	NA	Microbiome	NA	Leaf	HTCH	C1	Microbiome-Leaf-HTCH-C1	Sample	NovaSeq
Leaf-ITS-F1-R16	F1	R16	4	4	13	H4	NA	Microbiome	NA	Leaf	LINEAG	C5	Microbiome-Leaf-LINEAG-C5	Sample	NovaSeq
Leaf-ITS-F1-R17	NA	NA	NA	NA	NA	NA	NA	Microbiome	NA	Leaf	NA	NA	NA	Unused	NovaSeq
Leaf-ITS-F1-R18	NA	NA	NA	NA	NA	NA	NA	Microbiome	NA	Leaf	NA	NA	NA	Unused	NovaSeq
Leaf-ITS-F1-R19	NA	NA	NA	NA	NA	NA	NA	Microbiome	NA	Leaf	NA	NA	NA	Unused	NovaSeq
Leaf-ITS-F1-R20	NA	NA	NA	NA	NA	NA	NA	Microbiome	NA	Leaf	NA	NA	NA	Unused	NovaSeq
Leaf-ITS-F1-R21	NA	NA	NA	NA	NA	NA	NA	Microbiome	NA	Leaf	NA	NA	NA	Unused	NovaSeq
Leaf-ITS-F1-R22	NA	NA	NA	NA	NA	NA	NA	Microbiome	NA	Leaf	NA	NA	NA	Unused	NovaSeq
Leaf-ITS-F1-R23	NA	NA	NA	NA	NA	NA	NA	Microbiome	NA	Leaf	NA	NA	NA	Unused	NovaSeq
Leaf-ITS-F1-R24	NA	NA	NA	NA	NA	NA	NA	Microbiome	NA	Leaf	NA	NA	NA	Unused	NovaSeq
Leaf-ITS-F2-R1	F2	R1	1	1	1	A2	NA	Microbiome	NA	Leaf	HTCH	C3	Microbiome-Leaf-HTCH-C3	Sample	NovaSeq
Leaf-ITS-F2-R2	F2	R2	1	1	1	B2	NA	Microbiome	NA	Leaf	ATTP	C2	Microbiome-Leaf-ATTP-C2	Sample	NovaSeq
Leaf-ITS-F2-R3	F2	R3	1	1	1	C2	NA	Microbiome	NA	Leaf	WINDW	A18	Microbiome-Leaf-WINDW-A18	Sample	NovaSeq
Leaf-ITS-F2-R4	F2	R4	1	1	1	D2	NA	Microbiome	NA	Leaf	SNDR	C4	Microbiome-Leaf-SNDR-C4	Sample	NovaSeq
Leaf-ITS-F2-R5	F2	R5	1	1	1	E2	NA	Microbiome	NA	Leaf	ATTP	C3	Microbiome-Leaf-ATTP-C3	Sample	NovaSeq
Leaf-ITS-F2-R6	F2	R6	1	1	1	F2	NA	Microbiome	NA	Leaf	HTCH	A17	Microbiome-Leaf-HTCH-A17	Sample	NovaSeq
Leaf-ITS-F2-R7	F2	R7	1	1	1	G2	NA	Microbiome	NA	Leaf	RCHMD	A10	Microbiome-Leaf-RCHMD-A10	Sample	NovaSeq
Leaf-ITS-F2-R8	F2	R8	1	1	1	H2	NA	Microbiome	NA	Leaf	HTCH	C4	Microbiome-Leaf-HTCH-C4	Sample	NovaSeq
Leaf-ITS-F2-R9	F2	R9	4	4	13	A5	NA	Microbiome	NA	Leaf	LNGDL	A11	Microbiome-Leaf-LNGDL-A11	Sample	NovaSeq
Leaf-ITS-F2-R10	F2	R10	4	4	13	B5	NA	Microbiome	NA	Leaf	MCOU	C2	Microbiome-Leaf-MCOU-C2	Sample	NovaSeq
Leaf-ITS-F2-R11	F2	R11	4	4	13	C5	NA	Microbiome	NA	Leaf	MOCCA	A9	Microbiome-Leaf-MOCCA-A9	Sample	NovaSeq
Leaf-ITS-F2-R12	F2	R12	4	4	13	D5	NA	Microbiome	NA	Leaf	RCHMD	C2	Microbiome-Leaf-RCHMD-C2	Sample	NovaSeq
Leaf-ITS-F2-R13	F2	R13	LR	4	13	E5	NA	Microbiome	NA	Leaf	RCHMD	A15	Microbiome-Leaf-RCHMD-A15	Sample	NovaSeq
Leaf-ITS-F2-R14	F2	R14	4	4	13	F5	NA	Microbiome	NA	Leaf	SLCY	C2	Microbiome-Leaf-SLCY-C2	Sample	NovaSeq
Leaf-ITS-F2-R15	F2	R15	4	4	13	G5	NA	Microbiome	NA	Leaf	SLCY	C3	Microbiome-Leaf-SLCY-C3	Sample	NovaSeq
Leaf-ITS-F2-R16	F2	R16	4	4	13	H5	NA	Microbiome	NA	Leaf	SNDR	C1	Microbiome-Leaf-SNDR-C1	Sample	NovaSeq
Leaf-ITS-F2-R17	NA	NA	NA	NA	NA	NA	NA	Microbiome	NA	Leaf	NA	NA	NA	Unused	NovaSeq
Leaf-ITS-F2-R18	NA	NA	NA	NA	NA	NA	NA	Microbiome	NA	Leaf	NA	NA	NA	Unused	NovaSeq
Leaf-ITS-F2-R19	NA	NA	NA	NA	NA	NA	NA	Microbiome	NA	Leaf	NA	NA	NA	Unused	NovaSeq
Leaf-ITS-F2-R20	NA	NA	NA	NA	NA	NA	NA	Microbiome	NA	Leaf	NA	NA	NA	Unused	NovaSeq
Leaf-ITS-F2-R21	NA	NA	NA	NA	NA	NA	NA	Microbiome	NA	Leaf	NA	NA	NA	Unused	NovaSeq
Leaf-ITS-F2-R22	NA	NA	NA	NA	NA	NA	NA	Microbiome	NA	Leaf	NA	NA	NA	Unused	NovaSeq
Leaf-ITS-F2-R23	NA	NA	NA	NA	NA	NA	NA	Microbiome	NA	Leaf	NA	NA	NA	Unused	NovaSeq
Leaf-ITS-F2-R24	NA	NA	NA	NA	NA	NA	NA	Microbiome	NA	Leaf	NA	NA	NA	Unused	NovaSeq
Leaf-ITS-F3-R1	F3	R1	1	1	1	A3	NA	Microbiome	NA	Leaf	GMKW	A17	Microbiome-Leaf-GMKW-A17	Sample	NovaSeq
Leaf-ITS-F3-R2	F3	R2	1	1	1	B3	NA	Microbiome	NA	Leaf	STHWK	A12	Microbiome-Leaf-STHWK-A12	Sample	NovaSeq
Leaf-ITS-F3-R3	F3	R3	1	1	1	C3	NA	Microbiome	NA	Leaf	SNDR	C3	Microbiome-Leaf-SNDR-C3	Sample	NovaSeq
Leaf-ITS-F3-R4	F3	R4	1	1	1	D3	NA	Microbiome	NA	Leaf	ATTP	C5	Microbiome-Leaf-ATTP-C5	Sample	NovaSeq
Leaf-ITS-F3-R5	F3	R5	1	1	1	E3	NA	Microbiome	NA	Leaf	MOCCA	A16	Microbiome-Leaf-MOCCA-A16	Sample	NovaSeq
Leaf-ITS-F3-R6	F3	R6	1	1	1	F3	NA	Microbiome	NA	Leaf	RCHMD	A6	Microbiome-Leaf-RCHMD-A6	Sample	NovaSeq
Leaf-ITS-F3-R7	F3	R7	1	1	1	G3	NA	Microbiome	NA	Leaf	LNGDL	A9	Microbiome-Leaf-LNGDL-A9	Sample	NovaSeq
Leaf-ITS-F3-R8	F3	R8	1	1	1	H3	NA	Microbiome	NA	Leaf	STHWK	A6	Microbiome-Leaf-STHWK-A6	Sample	NovaSeq
Leaf-ITS-F3-R9	F3	R9	LR	1	2	A3	NA	Microbiome	NA	Leaf	STHWK	A13	Microbiome-Leaf-STHWK-A13	Sample	NovaSeq
Leaf-ITS-F3-R10	F3	R10	4	1	2	B3	NA	Microbiome	NA	Leaf	WINDW	A19	Microbiome-Leaf-WINDW-A19	Sample	NovaSeq
Leaf-ITS-F3-R11	F3	R11	4	1	2	C3	NA	Microbiome	NA	Leaf	WINDW	C3	Microbiome-Leaf-WINDW-C3	Sample	NovaSeq
Leaf-ITS-F3-R12	F3	R12	4	1	2	D3	NA	Microbiome	NA	Leaf	WINDW	C5	Microbiome-Leaf-WINDW-C5	Sample	NovaSeq
Leaf-ITS-F3-R13	F3	R13	5	1	2	E3	NA	Microbiome	NA	Leaf	ATTP	C1	Microbiome-Leaf-ATTP-C1	Sample	NovaSeq
Leaf-ITS-F3-R14	F3	R14	5	1	2	F3	NA	Microbiome	NA	Leaf	ATTP	C4	Microbiome-Leaf-ATTP-C4	Sample	NovaSeq
Leaf-ITS-F3-R15	F3	R15	5	1	2	G3	NA	Microbiome	NA	Leaf	ATTP	A16	Microbiome-Leaf-ATTP-A16	Sample	NovaSeq
Leaf-ITS-F3-R16	F3	R16	5	1	2	H3	NA	Microbiome	NA	Leaf	BBW	C2	Microbiome-Leaf-BBW-C2	Sample	NovaSeq
Leaf-ITS-F3-R17	NA	NA	NA	NA	NA	NA	NA	Microbiome	NA	Leaf	NA	NA	NA	Unused	NovaSeq
Leaf-ITS-F3-R18	NA	NA	NA	NA	NA	NA	NA	Microbiome	NA	Leaf	NA	NA	NA	Unused	NovaSeq
Leaf-ITS-F3-R19	NA	NA	NA	NA	NA	NA	NA	Microbiome	NA	Leaf	NA	NA	NA	Unused	NovaSeq
Leaf-ITS-F3-R20	NA	NA	NA	NA	NA	NA	NA	Microbiome	NA	Leaf	NA	NA	NA	Unused	NovaSeq
Leaf-ITS-F3-R21	NA	NA	NA	NA	NA	NA	NA	Microbiome	NA	Leaf	NA	NA	NA	Unused	NovaSeq
Leaf-ITS-F3-R22	NA	NA	NA	NA	NA	NA	NA	Microbiome	NA	Leaf	NA	NA	NA	Unused	NovaSeq
Leaf-ITS-F3-R23	NA	NA	NA	NA	NA	NA	NA	Microbiome	NA	Leaf	NA	NA	NA	Unused	NovaSeq
Leaf-ITS-F3-R24	NA	NA	NA	NA	NA	NA	NA	Microbiome	NA	Leaf	NA	NA	NA	Unused	NovaSeq
Leaf-ITS-F4-R1	F4	R1	1	4	13	A1	NA	Microbiome	NA	Leaf	GMKW	C3	Microbiome-Leaf-GMKW-C3	Sample	NovaSeq
Leaf-ITS-F4-R2	F4	R2	1	4	13	B1	NA	Microbiome	NA	Leaf	RCHMD	C1	Microbiome-Leaf-RCHMD-C1	Sample	NovaSeq
Leaf-ITS-F4-R3	F4	R3	1	4	13	C1	NA	Microbiome	NA	Leaf	HRWD	C3	Microbiome-Leaf-HRWD-C3	Sample	NovaSeq
Leaf-ITS-F4-R4	F4	R4	1	4	13	D1	NA	Microbiome	NA	Leaf	CROC	C2	Microbiome-Leaf-CROC-C2	Sample	NovaSeq
Leaf-ITS-F4-R5	F4	R5	1	4	13	E1	NA	Microbiome	NA	Leaf	TAWWD	C4	Microbiome-Leaf-TAWWD-C4	Sample	NovaSeq
Leaf-ITS-F4-R6	F4	R6	2	4	13	F1	NA	Microbiome	NA	Leaf	ATTP	A20	Microbiome-Leaf-ATTP-A20	Sample	NovaSeq
Leaf-ITS-F4-R7	F4	R7	2	4	13	G1	NA	Microbiome	NA	Leaf	ATTP	A12	Microbiome-Leaf-ATTP-A12	Sample	NovaSeq
Leaf-ITS-F4-R8	F4	R8	2	4	13	H1	NA	Microbiome	NA	Leaf	CROC	C5	Microbiome-Leaf-CROC-C5	Sample	NovaSeq
Leaf-ITS-F4-R9	F4	R9	5	4	13	A6	NA	Microbiome	NA	Leaf	GMKW	A19	Microbiome-Leaf-GMKW-A19	Sample	NovaSeq
Leaf-ITS-F4-R10	F4	R10	5	4	13	B6	NA	Microbiome	NA	Leaf	GMKW	A11	Microbiome-Leaf-GMKW-A11	Sample	NovaSeq
Leaf-ITS-F4-R11	F4	R11	5	4	13	C6	NA	Microbiome	NA	Leaf	GMKW	A20	Microbiome-Leaf-GMKW-A20	Sample	NovaSeq
Leaf-ITS-F4-R12	F4	R12	5	4	13	D6	NA	Microbiome	NA	Leaf	HOEF	A11	Microbiome-Leaf-HOEF-A11	Sample	NovaSeq
Leaf-ITS-F4-R13	F4	R13	5	4	13	E6	NA	Microbiome	NA	Leaf	HOEF	C4	Microbiome-Leaf-HOEF-C4	Sample	NovaSeq
Leaf-ITS-F4-R14	F4	R14	5	4	13	F6	NA	Microbiome	NA	Leaf	HOEF	A8	Microbiome-Leaf-HOEF-A8	Sample	NovaSeq
Leaf-ITS-F4-R15	F4	R15	5	4	13	G6	NA	Microbiome	NA	Leaf	HTCH	A12	Microbiome-Leaf-HTCH-A12	Sample	NovaSeq
Leaf-ITS-F4-R16	F4	R16	5	4	13	H6	NA	Microbiome	NA	Leaf	HTCH	A7	Microbiome-Leaf-HTCH-A7	Sample	NovaSeq
Leaf-ITS-F4-R17	NA	NA	NA	NA	NA	NA	NA	Microbiome	NA	Leaf	NA	NA	NA	Unused	NovaSeq
Leaf-ITS-F4-R18	NA	NA	NA	NA	NA	NA	NA	Microbiome	NA	Leaf	NA	NA	NA	Unused	NovaSeq
Leaf-ITS-F4-R19	NA	NA	NA	NA	NA	NA	NA	Microbiome	NA	Leaf	NA	NA	NA	Unused	NovaSeq
Leaf-ITS-F4-R20	NA	NA	NA	NA	NA	NA	NA	Microbiome	NA	Leaf	NA	NA	NA	Unused	NovaSeq
Leaf-ITS-F4-R21	NA	NA	NA	NA	NA	NA	NA	Microbiome	NA	Leaf	NA	NA	NA	Unused	NovaSeq
Leaf-ITS-F4-R22	NA	NA	NA	NA	NA	NA	NA	Microbiome	NA	Leaf	NA	NA	NA	Unused	NovaSeq
Leaf-ITS-F4-R23	NA	NA	NA	NA	NA	NA	NA	Microbiome	NA	Leaf	NA	NA	NA	Unused	NovaSeq
Leaf-ITS-F4-R24	NA	NA	NA	NA	NA	NA	NA	Microbiome	NA	Leaf	NA	NA	NA	Unused	NovaSeq
Leaf-ITS-F5-R1	F5	R1	2	4	13	A2	NA	Microbiome	NA	Leaf	DYMK	C1	Microbiome-Leaf-DYMK-C1	Sample	NovaSeq
Leaf-ITS-F5-R2	F5	R2	2	4	13	B2	NA	Microbiome	NA	Leaf	HLKH	A12	Microbiome-Leaf-HLKH-A12	Sample	NovaSeq
Leaf-ITS-F5-R3	F5	R3	2	4	13	C2	NA	Microbiome	NA	Leaf	HLKH	A18	Microbiome-Leaf-HLKH-A18	Sample	NovaSeq
Leaf-ITS-F5-R4	F5	R4	2	4	13	D2	NA	Microbiome	NA	Leaf	HLKH	A16	Microbiome-Leaf-HLKH-A16	Sample	NovaSeq
Leaf-ITS-F5-R5	F5	R5	2	4	13	E2	NA	Microbiome	NA	Leaf	HLKH	C3	Microbiome-Leaf-HLKH-C3	Sample	NovaSeq
Leaf-ITS-F5-R6	F5	R6	2	4	13	F2	NA	Microbiome	NA	Leaf	HOEF	A9	Microbiome-Leaf-HOEF-A9	Sample	NovaSeq
Leaf-ITS-F5-R7	F5	R7	2	4	13	G2	NA	Microbiome	NA	Leaf	HOEF	C2	Microbiome-Leaf-HOEF-C2	Sample	NovaSeq
Leaf-ITS-F5-R8	F5	R8	2	4	13	H2	NA	Microbiome	NA	Leaf	HRWD	C5	Microbiome-Leaf-HRWD-C5	Sample	NovaSeq
Leaf-ITS-F5-R9	F5	R9	5	1	2	A5	NA	Microbiome	NA	Leaf	HTCH	A15	Microbiome-Leaf-HTCH-A15	Sample	NovaSeq
Leaf-ITS-F5-R10	F5	R10	5	1	2	B5	NA	Microbiome	NA	Leaf	LINEAG	C3	Microbiome-Leaf-LINEAG-C3	Sample	NovaSeq
Leaf-ITS-F5-R11	F5	R11	LR	1	2	C5	NA	Microbiome	NA	Leaf	LNGDL	A10	Microbiome-Leaf-LNGDL-A10	Sample	NovaSeq
Leaf-ITS-F5-R12	F5	R12	5	1	2	D5	NA	Microbiome	NA	Leaf	LNGDL	A6	Microbiome-Leaf-LNGDL-A6	Sample	NovaSeq
Leaf-ITS-F5-R13	F5	R13	5	1	2	E5	NA	Microbiome	NA	Leaf	LWBKR	C1	Microbiome-Leaf-LWBKR-C1	Sample	NovaSeq
Leaf-ITS-F5-R14	F5	R14	LR	1	2	F5	NA	Microbiome	NA	Leaf	MCOU	C4	Microbiome-Leaf-MCOU-C4	Sample	NovaSeq
Leaf-ITS-F5-R15	F5	R15	5	1	2	G5	NA	Microbiome	NA	Leaf	MOCCA	A6	Microbiome-Leaf-MOCCA-A6	Sample	NovaSeq
Leaf-ITS-F5-R16	F5	R16	5	1	2	H5	NA	Microbiome	NA	Leaf	MOCCA	A14	Microbiome-Leaf-MOCCA-A14	Sample	NovaSeq
Leaf-ITS-F5-R17	NA	NA	NA	NA	NA	NA	NA	Microbiome	NA	Leaf	NA	NA	NA	Unused	NovaSeq
Leaf-ITS-F5-R18	NA	NA	NA	NA	NA	NA	NA	Microbiome	NA	Leaf	NA	NA	NA	Unused	NovaSeq
Leaf-ITS-F5-R19	NA	NA	NA	NA	NA	NA	NA	Microbiome	NA	Leaf	NA	NA	NA	Unused	NovaSeq
Leaf-ITS-F5-R20	NA	NA	NA	NA	NA	NA	NA	Microbiome	NA	Leaf	NA	NA	NA	Unused	NovaSeq
Leaf-ITS-F5-R21	NA	NA	NA	NA	NA	NA	NA	Microbiome	NA	Leaf	NA	NA	NA	Unused	NovaSeq
Leaf-ITS-F5-R22	NA	NA	NA	NA	NA	NA	NA	Microbiome	NA	Leaf	NA	NA	NA	Unused	NovaSeq
Leaf-ITS-F5-R23	NA	NA	NA	NA	NA	NA	NA	Microbiome	NA	Leaf	NA	NA	NA	Unused	NovaSeq
Leaf-ITS-F5-R24	NA	NA	NA	NA	NA	NA	NA	Microbiome	NA	Leaf	NA	NA	NA	Unused	NovaSeq
Leaf-ITS-F6-R1	F6	R1	2	1	1	A6	NA	Microbiome	NA	Leaf	LINEAG	C4	Microbiome-Leaf-LINEAG-C4	Sample	NovaSeq
Leaf-ITS-F6-R2	F6	R2	2	1	1	B6	NA	Microbiome	NA	Leaf	LNGDL	C2	Microbiome-Leaf-LNGDL-C2	Sample	NovaSeq
Leaf-ITS-F6-R3	F6	R3	2	1	1	C6	NA	Microbiome	NA	Leaf	LNGDL	A15	Microbiome-Leaf-LNGDL-A15	Sample	NovaSeq
Leaf-ITS-F6-R4	F6	R4	2	1	1	D6	NA	Microbiome	NA	Leaf	LWBKR	C3	Microbiome-Leaf-LWBKR-C3	Sample	NovaSeq
Leaf-ITS-F6-R5	F6	R5	2	1	1	E6	NA	Microbiome	NA	Leaf	MOCCA	C3	Microbiome-Leaf-MOCCA-C3	Sample	NovaSeq
Leaf-ITS-F6-R6	F6	R6	2	1	1	F6	NA	Microbiome	NA	Leaf	MOCCA	A10	Microbiome-Leaf-MOCCA-A10	Sample	NovaSeq
Leaf-ITS-F6-R7	F6	R7	2	1	1	G6	NA	Microbiome	NA	Leaf	MOCCA	A20	Microbiome-Leaf-MOCCA-A20	Sample	NovaSeq
Leaf-ITS-F6-R8	F6	R8	2	1	1	H6	NA	Microbiome	NA	Leaf	MOCCA	C4	Microbiome-Leaf-MOCCA-C4	Sample	NovaSeq
Leaf-ITS-F6-R9	F6	R9	5	1	2	A6	NA	Microbiome	NA	Leaf	MOCCA	A18	Microbiome-Leaf-MOCCA-A18	Sample	NovaSeq
Leaf-ITS-F6-R10	F6	R10	5	1	2	B6	NA	Microbiome	NA	Leaf	RCHMD	A18	Microbiome-Leaf-RCHMD-A18	Sample	NovaSeq
Leaf-ITS-F6-R11	F6	R11	5	1	2	C6	NA	Microbiome	NA	Leaf	RCHMD	C4	Microbiome-Leaf-RCHMD-C4	Sample	NovaSeq
Leaf-ITS-F6-R12	F6	R12	5	1	2	D6	NA	Microbiome	NA	Leaf	RWDN	C4	Microbiome-Leaf-RWDN-C4	Sample	NovaSeq
Leaf-ITS-F6-R13	F6	R13	5	1	2	E6	NA	Microbiome	NA	Leaf	STHWK	C1	Microbiome-Leaf-STHWK-C1	Sample	NovaSeq
Leaf-ITS-F6-R14	F6	R14	5	1	2	F6	NA	Microbiome	NA	Leaf	STHWK	C5	Microbiome-Leaf-STHWK-C5	Sample	NovaSeq
Leaf-ITS-F6-R15	F6	R15	5	1	2	G6	NA	Microbiome	NA	Leaf	STHWK	A16	Microbiome-Leaf-STHWK-A16	Sample	NovaSeq
Leaf-ITS-F6-R16	F6	R16	5	1	2	H6	NA	Microbiome	NA	Leaf	TAWWD	C3	Microbiome-Leaf-TAWWD-C3	Sample	NovaSeq
Leaf-ITS-F6-R17	NA	NA	NA	NA	NA	NA	NA	Microbiome	NA	Leaf	NA	NA	NA	Unused	NovaSeq
Leaf-ITS-F6-R18	NA	NA	NA	NA	NA	NA	NA	Microbiome	NA	Leaf	NA	NA	NA	Unused	NovaSeq
Leaf-ITS-F6-R19	NA	NA	NA	NA	NA	NA	NA	Microbiome	NA	Leaf	NA	NA	NA	Unused	NovaSeq
Leaf-ITS-F6-R20	NA	NA	NA	NA	NA	NA	NA	Microbiome	NA	Leaf	NA	NA	NA	Unused	NovaSeq
Leaf-ITS-F6-R21	NA	NA	NA	NA	NA	NA	NA	Microbiome	NA	Leaf	NA	NA	NA	Unused	NovaSeq
Leaf-ITS-F6-R22	NA	NA	NA	NA	NA	NA	NA	Microbiome	NA	Leaf	NA	NA	NA	Unused	NovaSeq
Leaf-ITS-F6-R23	NA	NA	NA	NA	NA	NA	NA	Microbiome	NA	Leaf	NA	NA	NA	Unused	NovaSeq
Leaf-ITS-F6-R24	NA	NA	NA	NA	NA	NA	NA	Microbiome	NA	Leaf	NA	NA	NA	Unused	NovaSeq
Leaf-ITS-F7-R1	F7	R1	2	1	1	A7	NA	Microbiome	NA	Leaf	MOCCA	A11	Microbiome-Leaf-MOCCA-A11	Sample	NovaSeq
Leaf-ITS-F7-R2	F7	R2	2	1	1	B7	NA	Microbiome	NA	Leaf	MOCCA	A19	Microbiome-Leaf-MOCCA-A19	Sample	NovaSeq
Leaf-ITS-F7-R3	F7	R3	2	1	1	C7	NA	Microbiome	NA	Leaf	RCHMD	A11	Microbiome-Leaf-RCHMD-A11	Sample	NovaSeq
Leaf-ITS-F7-R4	F7	R4	2	1	1	D7	NA	Microbiome	NA	Leaf	RWDN	C3	Microbiome-Leaf-RWDN-C3	Sample	NovaSeq
Leaf-ITS-F7-R5	F7	R5	2	1	1	E7	NA	Microbiome	NA	Leaf	SAW	C3	Microbiome-Leaf-SAW-C3	Sample	NovaSeq
Leaf-ITS-F7-R6	F7	R6	2	1	1	F7	NA	Microbiome	NA	Leaf	SAW	C1	Microbiome-Leaf-SAW-C1	Sample	NovaSeq
Leaf-ITS-F7-R7	F7	R7	2	1	1	G7	NA	Microbiome	NA	Leaf	STHWK	A15	Microbiome-Leaf-STHWK-A15	Sample	NovaSeq
Leaf-ITS-F7-R8	F7	R8	2	1	1	H7	NA	Microbiome	NA	Leaf	STHWK	A14	Microbiome-Leaf-STHWK-A14	Sample	NovaSeq
Leaf-ITS-F7-R9	F7	R9	5	4	13	A7	NA	Microbiome	NA	Leaf	WINDW	A8	Microbiome-Leaf-WINDW-A8	Sample	NovaSeq
Leaf-ITS-F7-R10	F7	R10	5	4	13	B7	NA	Microbiome	NA	Leaf	ANCST	C3	Microbiome-Leaf-ANCST-C3	Sample	NovaSeq
Leaf-ITS-F7-R11	F7	R11	5	4	13	C7	NA	Microbiome	NA	Leaf	ANCST	C1	Microbiome-Leaf-ANCST-C1	Sample	NovaSeq
Leaf-ITS-F7-R12	F7	R12	5	4	13	D7	NA	Microbiome	NA	Leaf	ATTP	A19	Microbiome-Leaf-ATTP-A19	Sample	NovaSeq
Leaf-ITS-F7-R13	F7	R13	5	4	13	E7	NA	Microbiome	NA	Leaf	BBW	C4	Microbiome-Leaf-BBW-C4	Sample	NovaSeq
Leaf-ITS-F7-R14	F7	R14	5	4	13	F7	NA	Microbiome	NA	Leaf	BBW	C5	Microbiome-Leaf-BBW-C5	Sample	NovaSeq
Leaf-ITS-F7-R15	F7	R15	5	4	13	G7	NA	Microbiome	NA	Leaf	CDPM	C2	Microbiome-Leaf-CDPM-C2	Sample	NovaSeq
Leaf-ITS-F7-R16	F7	R16	5	4	13	H7	NA	Microbiome	NA	Leaf	DYMK	C5	Microbiome-Leaf-DYMK-C5	Sample	NovaSeq
Leaf-ITS-F7-R17	NA	NA	NA	NA	NA	NA	NA	Microbiome	NA	Leaf	NA	NA	NA	Unused	NovaSeq
Leaf-ITS-F7-R18	NA	NA	NA	NA	NA	NA	NA	Microbiome	NA	Leaf	NA	NA	NA	Unused	NovaSeq
Leaf-ITS-F7-R19	NA	NA	NA	NA	NA	NA	NA	Microbiome	NA	Leaf	NA	NA	NA	Unused	NovaSeq
Leaf-ITS-F7-R20	NA	NA	NA	NA	NA	NA	NA	Microbiome	NA	Leaf	NA	NA	NA	Unused	NovaSeq
Leaf-ITS-F7-R21	NA	NA	NA	NA	NA	NA	NA	Microbiome	NA	Leaf	NA	NA	NA	Unused	NovaSeq
Leaf-ITS-F7-R22	NA	NA	NA	NA	NA	NA	NA	Microbiome	NA	Leaf	NA	NA	NA	Unused	NovaSeq
Leaf-ITS-F7-R23	NA	NA	NA	NA	NA	NA	NA	Microbiome	NA	Leaf	NA	NA	NA	Unused	NovaSeq
Leaf-ITS-F7-R24	NA	NA	NA	NA	NA	NA	NA	Microbiome	NA	Leaf	NA	NA	NA	Unused	NovaSeq
Leaf-ITS-F8-R1	F8	R1	2	1	1	A8	NA	Microbiome	NA	Leaf	STHWK	A8	Microbiome-Leaf-STHWK-A8	Sample	NovaSeq
Leaf-ITS-F8-R2	F8	R2	2	1	1	B8	NA	Microbiome	NA	Leaf	WINDW	A10	Microbiome-Leaf-WINDW-A10	Sample	NovaSeq
Leaf-ITS-F8-R3	F8	R3	3	1	1	C8	NA	Microbiome	NA	Leaf	ANCST	C4	Microbiome-Leaf-ANCST-C4	Sample	NovaSeq
Leaf-ITS-F8-R4	F8	R4	3	1	1	D8	NA	Microbiome	NA	Leaf	ASHC	C5	Microbiome-Leaf-ASHC-C5	Sample	NovaSeq
Leaf-ITS-F8-R5	F8	R5	3	1	1	E8	NA	Microbiome	NA	Leaf	ATTP	A7	Microbiome-Leaf-ATTP-A7	Sample	NovaSeq
Leaf-ITS-F8-R6	F8	R6	3	1	1	F8	NA	Microbiome	NA	Leaf	CDPM	C3	Microbiome-Leaf-CDPM-C3	Sample	NovaSeq
Leaf-ITS-F8-R7	F8	R7	3	1	1	G8	NA	Microbiome	NA	Leaf	CDPM	C4	Microbiome-Leaf-CDPM-C4	Sample	NovaSeq
Leaf-ITS-F8-R8	F8	R8	3	1	1	H8	NA	Microbiome	NA	Leaf	GMKW	A14	Microbiome-Leaf-GMKW-A14	Sample	NovaSeq
Leaf-ITS-F8-R9	F8	R9	LR	1	2	A8	NA	Microbiome	NA	Leaf	GMKW	A13	Microbiome-Leaf-GMKW-A13	Sample	NovaSeq
Leaf-ITS-F8-R10	F8	R10	6	1	2	B8	NA	Microbiome	NA	Leaf	HLKH	A20	Microbiome-Leaf-HLKH-A20	Sample	NovaSeq
Leaf-ITS-F8-R11	F8	R11	6	1	2	C8	NA	Microbiome	NA	Leaf	HLKH	A7	Microbiome-Leaf-HLKH-A7	Sample	NovaSeq
Leaf-ITS-F8-R12	F8	R12	6	1	2	D8	NA	Microbiome	NA	Leaf	HOEF	C1	Microbiome-Leaf-HOEF-C1	Sample	NovaSeq
Leaf-ITS-F8-R13	F8	R13	6	1	2	E8	NA	Microbiome	NA	Leaf	HOEF	A17	Microbiome-Leaf-HOEF-A17	Sample	NovaSeq
Leaf-ITS-F8-R14	F8	R14	6	1	2	F8	NA	Microbiome	NA	Leaf	HOEF	A14	Microbiome-Leaf-HOEF-A14	Sample	NovaSeq
Leaf-ITS-F8-R15	F8	R15	6	1	2	G8	NA	Microbiome	NA	Leaf	HTCH	C5	Microbiome-Leaf-HTCH-C5	Sample	NovaSeq
Leaf-ITS-F8-R16	F8	R16	6	1	2	H8	NA	Microbiome	NA	Leaf	HTCH	C2	Microbiome-Leaf-HTCH-C2	Sample	NovaSeq
Leaf-ITS-F8-R17	NA	NA	NA	NA	NA	NA	NA	Microbiome	NA	Leaf	NA	NA	NA	Unused	NovaSeq
Leaf-ITS-F8-R18	NA	NA	NA	NA	NA	NA	NA	Microbiome	NA	Leaf	NA	NA	NA	Unused	NovaSeq
Leaf-ITS-F8-R19	NA	NA	NA	NA	NA	NA	NA	Microbiome	NA	Leaf	NA	NA	NA	Unused	NovaSeq
Leaf-ITS-F8-R20	NA	NA	NA	NA	NA	NA	NA	Microbiome	NA	Leaf	NA	NA	NA	Unused	NovaSeq
Leaf-ITS-F8-R21	NA	NA	NA	NA	NA	NA	NA	Microbiome	NA	Leaf	NA	NA	NA	Unused	NovaSeq
Leaf-ITS-F8-R22	NA	NA	NA	NA	NA	NA	NA	Microbiome	NA	Leaf	NA	NA	NA	Unused	NovaSeq
Leaf-ITS-F8-R23	NA	NA	NA	NA	NA	NA	NA	Microbiome	NA	Leaf	NA	NA	NA	Unused	NovaSeq
Leaf-ITS-F8-R24	NA	NA	NA	NA	NA	NA	NA	Microbiome	NA	Leaf	NA	NA	NA	Unused	NovaSeq
Leaf-ITS-F9-R1	F9	R1	3	1	1	A9	NA	Microbiome	NA	Leaf	GMKW	C5	Microbiome-Leaf-GMKW-C5	Sample	NovaSeq
Leaf-ITS-F9-R2	F9	R2	3	1	1	B9	NA	Microbiome	NA	Leaf	HLKH	C1	Microbiome-Leaf-HLKH-C1	Sample	NovaSeq
Leaf-ITS-F9-R3	F9	R3	3	1	1	C9	NA	Microbiome	NA	Leaf	HLKH	A14	Microbiome-Leaf-HLKH-A14	Sample	NovaSeq
Leaf-ITS-F9-R4	F9	R4	3	1	1	D9	NA	Microbiome	NA	Leaf	HOEF	A19	Microbiome-Leaf-HOEF-A19	Sample	NovaSeq
Leaf-ITS-F9-R5	F9	R5	3	1	1	E9	NA	Microbiome	NA	Leaf	HTCH	A6	Microbiome-Leaf-HTCH-A6	Sample	NovaSeq
Leaf-ITS-F9-R6	F9	R6	3	1	1	F9	NA	Microbiome	NA	Leaf	HTCH	A11	Microbiome-Leaf-HTCH-A11	Sample	NovaSeq
Leaf-ITS-F9-R7	F9	R7	3	1	1	G9	NA	Microbiome	NA	Leaf	LNGDL	C3	Microbiome-Leaf-LNGDL-C3	Sample	NovaSeq
Leaf-ITS-F9-R8	F9	R8	3	1	1	H9	NA	Microbiome	NA	Leaf	MALDW	C5	Microbiome-Leaf-MALDW-C5	Sample	NovaSeq
Leaf-ITS-F9-R9	F9	R9	LR	1	2	A9	NA	Microbiome	NA	Leaf	LINEAG	C2	Microbiome-Leaf-LINEAG-C2	Sample	NovaSeq
Leaf-ITS-F9-R10	F9	R10	6	1	2	B9	NA	Microbiome	NA	Leaf	MALDW	C1	Microbiome-Leaf-MALDW-C1	Sample	NovaSeq
Leaf-ITS-F9-R11	F9	R11	6	1	2	C9	NA	Microbiome	NA	Leaf	MCOU	C5	Microbiome-Leaf-MCOU-C5	Sample	NovaSeq
Leaf-ITS-F9-R12	F9	R12	6	1	2	D9	NA	Microbiome	NA	Leaf	MOCCA	A15	Microbiome-Leaf-MOCCA-A15	Sample	NovaSeq
Leaf-ITS-F9-R13	F9	R13	6	1	2	E9	NA	Microbiome	NA	Leaf	MOCCA	C5	Microbiome-Leaf-MOCCA-C5	Sample	NovaSeq
Leaf-ITS-F9-R14	F9	R14	6	1	2	F9	NA	Microbiome	NA	Leaf	RCHMD	A19	Microbiome-Leaf-RCHMD-A19	Sample	NovaSeq
Leaf-ITS-F9-R15	F9	R15	6	1	2	G9	NA	Microbiome	NA	Leaf	RCHMD	A20	Microbiome-Leaf-RCHMD-A20	Sample	NovaSeq
Leaf-ITS-F9-R16	F9	R16	6	1	2	H9	NA	Microbiome	NA	Leaf	RCHMD	A7	Microbiome-Leaf-RCHMD-A7	Sample	NovaSeq
Leaf-ITS-F9-R17	NA	NA	NA	NA	NA	NA	NA	Microbiome	NA	Leaf	NA	NA	NA	Unused	NovaSeq
Leaf-ITS-F9-R18	NA	NA	NA	NA	NA	NA	NA	Microbiome	NA	Leaf	NA	NA	NA	Unused	NovaSeq
Leaf-ITS-F9-R19	NA	NA	NA	NA	NA	NA	NA	Microbiome	NA	Leaf	NA	NA	NA	Unused	NovaSeq
Leaf-ITS-F9-R20	NA	NA	NA	NA	NA	NA	NA	Microbiome	NA	Leaf	NA	NA	NA	Unused	NovaSeq
Leaf-ITS-F9-R21	NA	NA	NA	NA	NA	NA	NA	Microbiome	NA	Leaf	NA	NA	NA	Unused	NovaSeq
Leaf-ITS-F9-R22	NA	NA	NA	NA	NA	NA	NA	Microbiome	NA	Leaf	NA	NA	NA	Unused	NovaSeq
Leaf-ITS-F9-R23	NA	NA	NA	NA	NA	NA	NA	Microbiome	NA	Leaf	NA	NA	NA	Unused	NovaSeq
Leaf-ITS-F9-R24	NA	NA	NA	NA	NA	NA	NA	Microbiome	NA	Leaf	NA	NA	NA	Unused	NovaSeq
Leaf-ITS-F10-R1	F10	R1	3	1	1	A10	NA	Microbiome	NA	Leaf	MTRD	C4	Microbiome-Leaf-MTRD-C4	Sample	NovaSeq
Leaf-ITS-F10-R2	F10	R2	3	1	1	B10	NA	Microbiome	NA	Leaf	MTRD	C3	Microbiome-Leaf-MTRD-C3	Sample	NovaSeq
Leaf-ITS-F10-R3	F10	R3	3	1	1	C10	NA	Microbiome	NA	Leaf	RCHMD	A8	Microbiome-Leaf-RCHMD-A8	Sample	NovaSeq
Leaf-ITS-F10-R4	F10	R4	3	1	1	D10	NA	Microbiome	NA	Leaf	RCHMD	C3	Microbiome-Leaf-RCHMD-C3	Sample	NovaSeq
Leaf-ITS-F10-R5	F10	R5	3	1	1	E10	NA	Microbiome	NA	Leaf	RWDN	C5	Microbiome-Leaf-RWDN-C5	Sample	NovaSeq
Leaf-ITS-F10-R6	F10	R6	3	1	1	F10	NA	Microbiome	NA	Leaf	SAW	C5	Microbiome-Leaf-SAW-C5	Sample	NovaSeq
Leaf-ITS-F10-R7	F10	R7	3	1	1	G10	NA	Microbiome	NA	Leaf	SLCY	C1	Microbiome-Leaf-SLCY-C1	Sample	NovaSeq
Leaf-ITS-F10-R8	F10	R8	3	1	1	H10	NA	Microbiome	NA	Leaf	SNDR	C5	Microbiome-Leaf-SNDR-C5	Sample	NovaSeq
Leaf-ITS-F10-R9	F10	R9	6	1	2	A10	NA	Microbiome	NA	Leaf	STHWK	C3	Microbiome-Leaf-STHWK-C3	Sample	NovaSeq
Leaf-ITS-F10-R10	F10	R10	6	1	2	B10	NA	Microbiome	NA	Leaf	STHWK	A7	Microbiome-Leaf-STHWK-A7	Sample	NovaSeq
Leaf-ITS-F10-R11	F10	R11	6	1	2	C10	NA	Microbiome	NA	Leaf	STRTS	C2	Microbiome-Leaf-STRTS-C2	Sample	NovaSeq
Leaf-ITS-F10-R12	F10	R12	6	1	2	D10	NA	Microbiome	NA	Leaf	WINDW	A7	Microbiome-Leaf-WINDW-A7	Sample	NovaSeq
Leaf-ITS-F10-R13	F10	R13	6	1	2	E10	NA	Microbiome	NA	Leaf	WINDW	A6	Microbiome-Leaf-WINDW-A6	Sample	NovaSeq
Leaf-ITS-F10-R14	F10	R14	6	1	2	F10	NA	Microbiome	NA	Leaf	Negctrl	Negctrl	Microbiome-Leaf-Negctrl-1-6	DNA_Negative	NovaSeq
Leaf-ITS-F10-R15	F10	R15	6	1	2	G10	NA	Microbiome	NA	Leaf	Negctrl	Negctrl	Microbiome-Leaf-Negctrl-2-6	DNA_Negative	NovaSeq
Leaf-ITS-F10-R16	F10	R16	7	1	2	H10	NA	Microbiome	NA	Leaf	ATTP	A6	Microbiome-Leaf-ATTP-A6	Sample	NovaSeq
Leaf-ITS-F10-R17	NA	NA	NA	NA	NA	NA	NA	Microbiome	NA	Leaf	NA	NA	NA	Unused	NovaSeq
Leaf-ITS-F10-R18	NA	NA	NA	NA	NA	NA	NA	Microbiome	NA	Leaf	NA	NA	NA	Unused	NovaSeq
Leaf-ITS-F10-R19	NA	NA	NA	NA	NA	NA	NA	Microbiome	NA	Leaf	NA	NA	NA	Unused	NovaSeq
Leaf-ITS-F10-R20	NA	NA	NA	NA	NA	NA	NA	Microbiome	NA	Leaf	NA	NA	NA	Unused	NovaSeq
Leaf-ITS-F10-R21	NA	NA	NA	NA	NA	NA	NA	Microbiome	NA	Leaf	NA	NA	NA	Unused	NovaSeq
Leaf-ITS-F10-R22	NA	NA	NA	NA	NA	NA	NA	Microbiome	NA	Leaf	NA	NA	NA	Unused	NovaSeq
Leaf-ITS-F10-R23	NA	NA	NA	NA	NA	NA	NA	Microbiome	NA	Leaf	NA	NA	NA	Unused	NovaSeq
Leaf-ITS-F10-R24	NA	NA	NA	NA	NA	NA	NA	Microbiome	NA	Leaf	NA	NA	NA	Unused	NovaSeq
Leaf-ITS-F11-R1	F11	R1	3	4	13	A3	NA	Microbiome	NA	Leaf	STHWK	C4	Microbiome-Leaf-STHWK-C4	Sample	NovaSeq
Leaf-ITS-F11-R2	F11	R2	3	4	13	B3	NA	Microbiome	NA	Leaf	STHWK	A11	Microbiome-Leaf-STHWK-A11	Sample	NovaSeq
Leaf-ITS-F11-R3	F11	R3	3	4	13	C3	NA	Microbiome	NA	Leaf	STHWK	A10	Microbiome-Leaf-STHWK-A10	Sample	NovaSeq
Leaf-ITS-F11-R4	F11	R4	3	4	13	D3	NA	Microbiome	NA	Leaf	STRTS	C3	Microbiome-Leaf-STRTS-C3	Sample	NovaSeq
Leaf-ITS-F11-R5	F11	R5	3	4	13	E3	NA	Microbiome	NA	Leaf	WINDW	C4	Microbiome-Leaf-WINDW-C4	Sample	NovaSeq
Leaf-ITS-F11-R6	F11	R6	3	4	13	F3	NA	Microbiome	NA	Leaf	WINDW	A16	Microbiome-Leaf-WINDW-A16	Sample	NovaSeq
Leaf-ITS-F11-R7	F11	R7	3	4	13	G3	NA	Microbiome	NA	Leaf	WLDCP	C1	Microbiome-Leaf-WLDCP-C1	Sample	NovaSeq
Leaf-ITS-F11-R8	F11	R8	4	4	13	H3	NA	Microbiome	NA	Leaf	ATTP	A15	Microbiome-Leaf-ATTP-A15	Sample	NovaSeq
Leaf-ITS-F11-R9	F11	R9	7	1	2	A11	NA	Microbiome	NA	Leaf	ATTP	A13	Microbiome-Leaf-ATTP-A13	Sample	NovaSeq
Leaf-ITS-F11-R10	F11	R10	7	1	2	B11	NA	Microbiome	NA	Leaf	ATTP	A8	Microbiome-Leaf-ATTP-A8	Sample	NovaSeq
Leaf-ITS-F11-R11	F11	R11	7	1	2	C11	NA	Microbiome	NA	Leaf	ATTP	A9	Microbiome-Leaf-ATTP-A9	Sample	NovaSeq
Leaf-ITS-F11-R12	F11	R12	7	1	2	D11	NA	Microbiome	NA	Leaf	ATTP	A11	Microbiome-Leaf-ATTP-A11	Sample	NovaSeq
Leaf-ITS-F11-R13	F11	R13	7	1	2	E11	NA	Microbiome	NA	Leaf	CDPM	C1	Microbiome-Leaf-CDPM-C1	Sample	NovaSeq
Leaf-ITS-F11-R14	F11	R14	7	1	2	F11	NA	Microbiome	NA	Leaf	CROC	C3	Microbiome-Leaf-CROC-C3	Sample	NovaSeq
Leaf-ITS-F11-R15	F11	R15	7	1	2	G11	NA	Microbiome	NA	Leaf	CROC	C1	Microbiome-Leaf-CROC-C1	Sample	NovaSeq
Leaf-ITS-F11-R16	F11	R16	7	1	2	H11	NA	Microbiome	NA	Leaf	GMKW	A7	Microbiome-Leaf-GMKW-A7	Sample	NovaSeq
Leaf-ITS-F11-R17	NA	NA	NA	NA	NA	NA	NA	Microbiome	NA	Leaf	NA	NA	NA	Unused	NovaSeq
Leaf-ITS-F11-R18	NA	NA	NA	NA	NA	NA	NA	Microbiome	NA	Leaf	NA	NA	NA	Unused	NovaSeq
Leaf-ITS-F11-R19	NA	NA	NA	NA	NA	NA	NA	Microbiome	NA	Leaf	NA	NA	NA	Unused	NovaSeq
Leaf-ITS-F11-R20	NA	NA	NA	NA	NA	NA	NA	Microbiome	NA	Leaf	NA	NA	NA	Unused	NovaSeq
Leaf-ITS-F11-R21	NA	NA	NA	NA	NA	NA	NA	Microbiome	NA	Leaf	NA	NA	NA	Unused	NovaSeq
Leaf-ITS-F11-R22	NA	NA	NA	NA	NA	NA	NA	Microbiome	NA	Leaf	NA	NA	NA	Unused	NovaSeq
Leaf-ITS-F11-R23	NA	NA	NA	NA	NA	NA	NA	Microbiome	NA	Leaf	NA	NA	NA	Unused	NovaSeq
Leaf-ITS-F11-R24	NA	NA	NA	NA	NA	NA	NA	Microbiome	NA	Leaf	NA	NA	NA	Unused	NovaSeq
Leaf-ITS-F12-R1	F12	R1	4	1	1	A12	NA	Microbiome	NA	Leaf	ATTP	A14	Microbiome-Leaf-ATTP-A14	Sample	NovaSeq
Leaf-ITS-F12-R2	F12	R2	4	1	1	B12	NA	Microbiome	NA	Leaf	BBW	C1	Microbiome-Leaf-BBW-C1	Sample	NovaSeq
Leaf-ITS-F12-R3	F12	R3	4	1	1	C12	NA	Microbiome	NA	Leaf	CDS	C5	Microbiome-Leaf-CDS-C5	Sample	NovaSeq
Leaf-ITS-F12-R4	F12	R4	4	1	1	D12	NA	Microbiome	NA	Leaf	CDS	C3	Microbiome-Leaf-CDS-C3	Sample	NovaSeq
Leaf-ITS-F12-R5	F12	R5	4	1	1	E12	NA	Microbiome	NA	Leaf	DYMK	C4	Microbiome-Leaf-DYMK-C4	Sample	NovaSeq
Leaf-ITS-F12-R6	F12	R6	4	1	1	F12	NA	Microbiome	NA	Leaf	GMKW	A6	Microbiome-Leaf-GMKW-A6	Sample	NovaSeq
Leaf-ITS-F12-R7	F12	R7	4	1	1	G12	NA	Microbiome	NA	Leaf	GMKW	A10	Microbiome-Leaf-GMKW-A10	Sample	NovaSeq
Leaf-ITS-F12-R8	F12	R8	4	1	1	H12	NA	Microbiome	NA	Leaf	HLKH	A6	Microbiome-Leaf-HLKH-A6	Sample	NovaSeq
Leaf-ITS-F12-R9	F12	R9	7	1	2	A12	NA	Microbiome	NA	Leaf	GMKW	A9	Microbiome-Leaf-GMKW-A9	Sample	NovaSeq
Leaf-ITS-F12-R10	F12	R10	7	1	2	B12	NA	Microbiome	NA	Leaf	HOEF	C3	Microbiome-Leaf-HOEF-C3	Sample	NovaSeq
Leaf-ITS-F12-R11	F12	R11	7	1	2	C12	NA	Microbiome	NA	Leaf	HTCH	A14	Microbiome-Leaf-HTCH-A14	Sample	NovaSeq
Leaf-ITS-F12-R12	F12	R12	7	1	2	D12	NA	Microbiome	NA	Leaf	HTCH	A8	Microbiome-Leaf-HTCH-A8	Sample	NovaSeq
Leaf-ITS-F12-R13	F12	R13	7	1	2	E12	NA	Microbiome	NA	Leaf	LNGDL	A8	Microbiome-Leaf-LNGDL-A8	Sample	NovaSeq
Leaf-ITS-F12-R14	F12	R14	7	1	2	F12	NA	Microbiome	NA	Leaf	LNGDL	C5	Microbiome-Leaf-LNGDL-C5	Sample	NovaSeq
Leaf-ITS-F12-R15	F12	R15	7	1	2	G12	NA	Microbiome	NA	Leaf	LNGDL	A12	Microbiome-Leaf-LNGDL-A12	Sample	NovaSeq
Leaf-ITS-F12-R16	F12	R16	7	1	2	H12	NA	Microbiome	NA	Leaf	LNGDL	A17	Microbiome-Leaf-LNGDL-A17	Sample	NovaSeq
Leaf-ITS-F12-R17	NA	NA	NA	NA	NA	NA	NA	Microbiome	NA	Leaf	NA	NA	NA	Unused	NovaSeq
Leaf-ITS-F12-R18	NA	NA	NA	NA	NA	NA	NA	Microbiome	NA	Leaf	NA	NA	NA	Unused	NovaSeq
Leaf-ITS-F12-R19	NA	NA	NA	NA	NA	NA	NA	Microbiome	NA	Leaf	NA	NA	NA	Unused	NovaSeq
Leaf-ITS-F12-R20	NA	NA	NA	NA	NA	NA	NA	Microbiome	NA	Leaf	NA	NA	NA	Unused	NovaSeq
Leaf-ITS-F12-R21	NA	NA	NA	NA	NA	NA	NA	Microbiome	NA	Leaf	NA	NA	NA	Unused	NovaSeq
Leaf-ITS-F12-R22	NA	NA	NA	NA	NA	NA	NA	Microbiome	NA	Leaf	NA	NA	NA	Unused	NovaSeq
Leaf-ITS-F12-R23	NA	NA	NA	NA	NA	NA	NA	Microbiome	NA	Leaf	NA	NA	NA	Unused	NovaSeq
Leaf-ITS-F12-R24	NA	NA	NA	NA	NA	NA	NA	Microbiome	NA	Leaf	NA	NA	NA	Unused	NovaSeq
Leaf-ITS-F13-R1	F13	R1	10	1	4	A1	NA	Microbiome	NA	Leaf	RCHMD	C5	Microbiome-Leaf-RCHMD-C5	Sample	NovaSeq
Leaf-ITS-F13-R2	F13	R2	10	1	4	B1	NA	Microbiome	NA	Leaf	SAW	C2	Microbiome-Leaf-SAW-C2	Sample	NovaSeq
Leaf-ITS-F13-R3	F13	R3	10	1	4	C1	NA	Microbiome	NA	Leaf	STRTS	C5	Microbiome-Leaf-STRTS-C5	Sample	NovaSeq
Leaf-ITS-F13-R4	F13	R4	10	1	4	D1	NA	Microbiome	NA	Leaf	TAWWD	C5	Microbiome-Leaf-TAWWD-C5	Sample	NovaSeq
Leaf-ITS-F13-R5	F13	R5	10	1	4	E1	NA	Microbiome	NA	Leaf	WINDW	A17	Microbiome-Leaf-WINDW-A17	Sample	NovaSeq
Leaf-ITS-F13-R6	F13	R6	10	1	4	F1	NA	Microbiome	NA	Leaf	WINDW	A15	Microbiome-Leaf-WINDW-A15	Sample	NovaSeq
Leaf-ITS-F13-R7	F13	R7	11	1	4	G1	NA	Microbiome	NA	Leaf	CDS	C1	Microbiome-Leaf-CDS-C1	Sample	NovaSeq
Leaf-ITS-F13-R8	F13	R8	11	1	4	H1	NA	Microbiome	NA	Leaf	CDS	C2	Microbiome-Leaf-CDS-C2	Sample	NovaSeq
Leaf-ITS-F13-R9	NA	NA	NA	NA	NA	NA	NA	Microbiome	NA	Leaf	NA	NA	NA	Unused	NovaSeq
Leaf-ITS-F13-R10	NA	NA	NA	NA	NA	NA	NA	Microbiome	NA	Leaf	NA	NA	NA	Unused	NovaSeq
Leaf-ITS-F13-R11	NA	NA	NA	NA	NA	NA	NA	Microbiome	NA	Leaf	NA	NA	NA	Unused	NovaSeq
Leaf-ITS-F13-R12	NA	NA	NA	NA	NA	NA	NA	Microbiome	NA	Leaf	NA	NA	NA	Unused	NovaSeq
Leaf-ITS-F13-R13	NA	NA	NA	NA	NA	NA	NA	Microbiome	NA	Leaf	NA	NA	NA	Unused	NovaSeq
Leaf-ITS-F13-R14	NA	NA	NA	NA	NA	NA	NA	Microbiome	NA	Leaf	NA	NA	NA	Unused	NovaSeq
Leaf-ITS-F13-R15	NA	NA	NA	NA	NA	NA	NA	Microbiome	NA	Leaf	NA	NA	NA	Unused	NovaSeq
Leaf-ITS-F13-R16	NA	NA	NA	NA	NA	NA	NA	Microbiome	NA	Leaf	NA	NA	NA	Unused	NovaSeq
Leaf-ITS-F13-R17	F13	R17	LR	1	3	A1	NA	Microbiome	NA	Leaf	LNGDL	A19	Microbiome-Leaf-LNGDL-A19	Sample	NovaSeq
Leaf-ITS-F13-R18	F13	R18	7	1	3	B1	NA	Microbiome	NA	Leaf	LWBKR	C5	Microbiome-Leaf-LWBKR-C5	Sample	NovaSeq
Leaf-ITS-F13-R19	F13	R19	7	1	3	C1	NA	Microbiome	NA	Leaf	MALDW	C2	Microbiome-Leaf-MALDW-C2	Sample	NovaSeq
Leaf-ITS-F13-R20	F13	R20	7	1	3	D1	NA	Microbiome	NA	Leaf	MOCCA	C2	Microbiome-Leaf-MOCCA-C2	Sample	NovaSeq
Leaf-ITS-F13-R21	F13	R21	7	1	3	E1	NA	Microbiome	NA	Leaf	MOCCA	A12	Microbiome-Leaf-MOCCA-A12	Sample	NovaSeq
Leaf-ITS-F13-R22	F13	R22	7	1	3	F1	NA	Microbiome	NA	Leaf	RCHMD	A14	Microbiome-Leaf-RCHMD-A14	Sample	NovaSeq
Leaf-ITS-F13-R23	F13	R23	7	1	3	G1	NA	Microbiome	NA	Leaf	SAW	C4	Microbiome-Leaf-SAW-C4	Sample	NovaSeq
Leaf-ITS-F13-R24	F13	R24	7	1	3	H1	NA	Microbiome	NA	Leaf	SLCY	C4	Microbiome-Leaf-SLCY-C4	Sample	NovaSeq
Leaf-ITS-F14-R1	F14	R1	11	4	13	A9	NA	Microbiome	NA	Leaf	HLKH	A11	Microbiome-Leaf-HLKH-A11	Sample	NovaSeq
Leaf-ITS-F14-R2	F14	R2	11	4	13	B9	NA	Microbiome	NA	Leaf	HRWD	C1	Microbiome-Leaf-HRWD-C1	Sample	NovaSeq
Leaf-ITS-F14-R3	F14	R3	11	4	13	C9	NA	Microbiome	NA	Leaf	LNGDL	A20	Microbiome-Leaf-LNGDL-A20	Sample	NovaSeq
Leaf-ITS-F14-R4	F14	R4	11	4	13	D9	NA	Microbiome	NA	Leaf	LWBKR	C4	Microbiome-Leaf-LWBKR-C4	Sample	NovaSeq
Leaf-ITS-F14-R5	F14	R5	11	4	13	E9	NA	Microbiome	NA	Leaf	SLCY	C5	Microbiome-Leaf-SLCY-C5	Sample	NovaSeq
Leaf-ITS-F14-R6	F14	R6	11	4	13	F9	NA	Microbiome	NA	Leaf	STHWK	C2	Microbiome-Leaf-STHWK-C2	Sample	NovaSeq
Leaf-ITS-F14-R7	F14	R7	11	4	13	G9	NA	Microbiome	NA	Leaf	WINDW	A20	Microbiome-Leaf-WINDW-A20	Sample	NovaSeq
Leaf-ITS-F14-R8	F14	R8	11	4	13	H9	NA	Microbiome	NA	Leaf	WLDCP	C5	Microbiome-Leaf-WLDCP-C5	Sample	NovaSeq
Leaf-ITS-F14-R9	NA	NA	NA	NA	NA	NA	NA	Microbiome	NA	Leaf	NA	NA	NA	Unused	NovaSeq
Leaf-ITS-F14-R10	NA	NA	NA	NA	NA	NA	NA	Microbiome	NA	Leaf	NA	NA	NA	Unused	NovaSeq
Leaf-ITS-F14-R11	NA	NA	NA	NA	NA	NA	NA	Microbiome	NA	Leaf	NA	NA	NA	Unused	NovaSeq
Leaf-ITS-F14-R12	NA	NA	NA	NA	NA	NA	NA	Microbiome	NA	Leaf	NA	NA	NA	Unused	NovaSeq
Leaf-ITS-F14-R13	NA	NA	NA	NA	NA	NA	NA	Microbiome	NA	Leaf	NA	NA	NA	Unused	NovaSeq
Leaf-ITS-F14-R14	NA	NA	NA	NA	NA	NA	NA	Microbiome	NA	Leaf	NA	NA	NA	Unused	NovaSeq
Leaf-ITS-F14-R15	NA	NA	NA	NA	NA	NA	NA	Microbiome	NA	Leaf	NA	NA	NA	Unused	NovaSeq
Leaf-ITS-F14-R16	NA	NA	NA	NA	NA	NA	NA	Microbiome	NA	Leaf	NA	NA	NA	Unused	NovaSeq
Leaf-ITS-F14-R17	F14	R17	7	4	13	A8	NA	Microbiome	NA	Leaf	SNDR	C2	Microbiome-Leaf-SNDR-C2	Sample	NovaSeq
Leaf-ITS-F14-R18	F14	R18	7	4	13	B8	NA	Microbiome	NA	Leaf	STHWK	A9	Microbiome-Leaf-STHWK-A9	Sample	NovaSeq
Leaf-ITS-F14-R19	F14	R19	7	4	13	C8	NA	Microbiome	NA	Leaf	WINDW	A14	Microbiome-Leaf-WINDW-A14	Sample	NovaSeq
Leaf-ITS-F14-R20	F14	R20	7	4	13	D8	NA	Microbiome	NA	Leaf	WINDW	A11	Microbiome-Leaf-WINDW-A11	Sample	NovaSeq
Leaf-ITS-F14-R21	F14	R21	7	4	13	E8	NA	Microbiome	NA	Leaf	Negctrl	Negctrl	Microbiome-Leaf-Negctrl-7	DNA_Negative	NovaSeq
Leaf-ITS-F14-R22	F14	R22	8	4	13	F8	NA	Microbiome	NA	Leaf	ANCST	C2	Microbiome-Leaf-ANCST-C2	Sample	NovaSeq
Leaf-ITS-F14-R23	F14	R23	8	4	13	G8	NA	Microbiome	NA	Leaf	ASHC	C3	Microbiome-Leaf-ASHC-C3	Sample	NovaSeq
Leaf-ITS-F14-R24	F14	R24	8	4	13	H8	NA	Microbiome	NA	Leaf	ASHC	C2	Microbiome-Leaf-ASHC-C2	Sample	NovaSeq
Leaf-ITS-F15-R1	F15	R1	11	1	4	A3	NA	Microbiome	NA	Leaf	TAWWD	C1	Microbiome-Leaf-TAWWD-C1	Sample	NovaSeq
Leaf-ITS-F15-R2	F15	R2	11	1	4	B3	NA	Microbiome	NA	Leaf	Negctrl	Negctrl	Microbiome-Leaf-Negctrl-1-11	DNA_Negative	NovaSeq
Leaf-ITS-F15-R3	F15	R3	11	1	4	C3	NA	Microbiome	NA	Leaf	Negctrl	Negctrl	Microbiome-Leaf-Negctrl-2-11	DNA_Negative	NovaSeq
Leaf-ITS-F15-R4	F15	R4	12	1	4	D3	NA	Microbiome	NA	Leaf	MOCCA	CE28	Microbiome-Leaf-MOCCA-CE28	Sample	NovaSeq
Leaf-ITS-F15-R5	F15	R5	12	1	4	E3	NA	Microbiome	NA	Leaf	MOCCA	E39	Microbiome-Leaf-MOCCA-E39	Sample	NovaSeq
Leaf-ITS-F15-R6	F15	R6	12	1	4	F3	NA	Microbiome	NA	Leaf	MOCCA	CE22	Microbiome-Leaf-MOCCA-CE22	Sample	NovaSeq
Leaf-ITS-F15-R7	F15	R7	12	1	4	G3	NA	Microbiome	NA	Leaf	MOCCA	E40	Microbiome-Leaf-MOCCA-E40	Sample	NovaSeq
Leaf-ITS-F15-R8	F15	R8	12	1	4	H3	NA	Microbiome	NA	Leaf	MOCCA	E45	Microbiome-Leaf-MOCCA-E45	Sample	NovaSeq
Leaf-ITS-F15-R9	NA	NA	NA	NA	NA	NA	NA	Microbiome	NA	Leaf	NA	NA	NA	Unused	NovaSeq
Leaf-ITS-F15-R10	NA	NA	NA	NA	NA	NA	NA	Microbiome	NA	Leaf	NA	NA	NA	Unused	NovaSeq
Leaf-ITS-F15-R11	NA	NA	NA	NA	NA	NA	NA	Microbiome	NA	Leaf	NA	NA	NA	Unused	NovaSeq
Leaf-ITS-F15-R12	NA	NA	NA	NA	NA	NA	NA	Microbiome	NA	Leaf	NA	NA	NA	Unused	NovaSeq
Leaf-ITS-F15-R13	NA	NA	NA	NA	NA	NA	NA	Microbiome	NA	Leaf	NA	NA	NA	Unused	NovaSeq
Leaf-ITS-F15-R14	NA	NA	NA	NA	NA	NA	NA	Microbiome	NA	Leaf	NA	NA	NA	Unused	NovaSeq
Leaf-ITS-F15-R15	NA	NA	NA	NA	NA	NA	NA	Microbiome	NA	Leaf	NA	NA	NA	Unused	NovaSeq
Leaf-ITS-F15-R16	NA	NA	NA	NA	NA	NA	NA	Microbiome	NA	Leaf	NA	NA	NA	Unused	NovaSeq
Leaf-ITS-F15-R17	F15	R17	8	1	3	A3	NA	Microbiome	NA	Leaf	DYMK	C3	Microbiome-Leaf-DYMK-C3	Sample	NovaSeq
Leaf-ITS-F15-R18	F15	R18	8	1	3	B3	NA	Microbiome	NA	Leaf	DYMK	C2	Microbiome-Leaf-DYMK-C2	Sample	NovaSeq
Leaf-ITS-F15-R19	F15	R19	8	1	3	C3	NA	Microbiome	NA	Leaf	GMKW	A16	Microbiome-Leaf-GMKW-A16	Sample	NovaSeq
Leaf-ITS-F15-R20	F15	R20	8	1	3	D3	NA	Microbiome	NA	Leaf	HLKH	A8	Microbiome-Leaf-HLKH-A8	Sample	NovaSeq
Leaf-ITS-F15-R21	F15	R21	8	1	3	E3	NA	Microbiome	NA	Leaf	HLKH	C2	Microbiome-Leaf-HLKH-C2	Sample	NovaSeq
Leaf-ITS-F15-R22	F15	R22	8	1	3	F3	NA	Microbiome	NA	Leaf	HLKH	A19	Microbiome-Leaf-HLKH-A19	Sample	NovaSeq
Leaf-ITS-F15-R23	F15	R23	8	1	3	G3	NA	Microbiome	NA	Leaf	HLKH	A13	Microbiome-Leaf-HLKH-A13	Sample	NovaSeq
Leaf-ITS-F15-R24	F15	R24	8	1	3	H3	NA	Microbiome	NA	Leaf	HOEF	A18	Microbiome-Leaf-HOEF-A18	Sample	NovaSeq
Leaf-ITS-F16-R1	F16	R1	12	1	4	A4	NA	Microbiome	NA	Leaf	MOCCA	CE27	Microbiome-Leaf-MOCCA-CE27	Sample	NovaSeq
Leaf-ITS-F16-R2	F16	R2	12	1	4	B4	NA	Microbiome	NA	Leaf	MOCCA	E38	Microbiome-Leaf-MOCCA-E38	Sample	NovaSeq
Leaf-ITS-F16-R3	F16	R3	12	1	4	C4	NA	Microbiome	NA	Leaf	MOCCA	E31	Microbiome-Leaf-MOCCA-E31	Sample	NovaSeq
Leaf-ITS-F16-R4	F16	R4	12	1	4	D4	NA	Microbiome	NA	Leaf	MOCCA	E32	Microbiome-Leaf-MOCCA-E32	Sample	NovaSeq
Leaf-ITS-F16-R5	F16	R5	12	1	4	E4	NA	Microbiome	NA	Leaf	MOCCA	CE26	Microbiome-Leaf-MOCCA-CE26	Sample	NovaSeq
Leaf-ITS-F16-R6	F16	R6	12	1	4	F4	NA	Microbiome	NA	Leaf	MOCCA	CE23	Microbiome-Leaf-MOCCA-CE23	Sample	NovaSeq
Leaf-ITS-F16-R7	F16	R7	12	1	4	G4	NA	Microbiome	NA	Leaf	MOCCA	E41	Microbiome-Leaf-MOCCA-E41	Sample	NovaSeq
Leaf-ITS-F16-R8	F16	R8	12	1	4	H4	NA	Microbiome	NA	Leaf	MOCCA	E43	Microbiome-Leaf-MOCCA-E43	Sample	NovaSeq
Leaf-ITS-F16-R9	NA	NA	NA	NA	NA	NA	NA	Microbiome	NA	Leaf	NA	NA	NA	Unused	NovaSeq
Leaf-ITS-F16-R10	NA	NA	NA	NA	NA	NA	NA	Microbiome	NA	Leaf	NA	NA	NA	Unused	NovaSeq
Leaf-ITS-F16-R11	NA	NA	NA	NA	NA	NA	NA	Microbiome	NA	Leaf	NA	NA	NA	Unused	NovaSeq
Leaf-ITS-F16-R12	NA	NA	NA	NA	NA	NA	NA	Microbiome	NA	Leaf	NA	NA	NA	Unused	NovaSeq
Leaf-ITS-F16-R13	NA	NA	NA	NA	NA	NA	NA	Microbiome	NA	Leaf	NA	NA	NA	Unused	NovaSeq
Leaf-ITS-F16-R14	NA	NA	NA	NA	NA	NA	NA	Microbiome	NA	Leaf	NA	NA	NA	Unused	NovaSeq
Leaf-ITS-F16-R15	NA	NA	NA	NA	NA	NA	NA	Microbiome	NA	Leaf	NA	NA	NA	Unused	NovaSeq
Leaf-ITS-F16-R16	NA	NA	NA	NA	NA	NA	NA	Microbiome	NA	Leaf	NA	NA	NA	Unused	NovaSeq
Leaf-ITS-F16-R17	F16	R17	8	1	3	A4	NA	Microbiome	NA	Leaf	HRWD	C4	Microbiome-Leaf-HRWD-C4	Sample	NovaSeq
Leaf-ITS-F16-R18	F16	R18	8	1	3	B4	NA	Microbiome	NA	Leaf	HTCH	A20	Microbiome-Leaf-HTCH-A20	Sample	NovaSeq
Leaf-ITS-F16-R19	F16	R19	8	1	3	C4	NA	Microbiome	NA	Leaf	LNGDL	C1	Microbiome-Leaf-LNGDL-C1	Sample	NovaSeq
Leaf-ITS-F16-R20	F16	R20	8	1	3	D4	NA	Microbiome	NA	Leaf	LNGDL	A13	Microbiome-Leaf-LNGDL-A13	Sample	NovaSeq
Leaf-ITS-F16-R21	F16	R21	8	1	3	E4	NA	Microbiome	NA	Leaf	LNGDL	A18	Microbiome-Leaf-LNGDL-A18	Sample	NovaSeq
Leaf-ITS-F16-R22	F16	R22	8	1	3	F4	NA	Microbiome	NA	Leaf	LWBKR	C2	Microbiome-Leaf-LWBKR-C2	Sample	NovaSeq
Leaf-ITS-F16-R23	F16	R23	8	1	3	G4	NA	Microbiome	NA	Leaf	MCOU	C3	Microbiome-Leaf-MCOU-C3	Sample	NovaSeq
Leaf-ITS-F16-R24	F16	R24	8	1	3	H4	NA	Microbiome	NA	Leaf	MCOU	C1	Microbiome-Leaf-MCOU-C1	Sample	NovaSeq
Leaf-ITS-F17-R1	F17	R1	12	1	4	A5	NA	Microbiome	NA	Leaf	MOCCA	CE21	Microbiome-Leaf-MOCCA-CE21	Sample	NovaSeq
Leaf-ITS-F17-R2	F17	R2	12	1	4	B5	NA	Microbiome	NA	Leaf	MOCCA	E33	Microbiome-Leaf-MOCCA-E33	Sample	NovaSeq
Leaf-ITS-F17-R3	F17	R3	12	1	4	C5	NA	Microbiome	NA	Leaf	MOCCA	E42	Microbiome-Leaf-MOCCA-E42	Sample	NovaSeq
Leaf-ITS-F17-R4	F17	R4	12	1	4	D5	NA	Microbiome	NA	Leaf	MOCCA	E35	Microbiome-Leaf-MOCCA-E35	Sample	NovaSeq
Leaf-ITS-F17-R5	F17	R5	12	1	4	E5	NA	Microbiome	NA	Leaf	STHWK	E35	Microbiome-Leaf-STHWK-E35	Sample	NovaSeq
Leaf-ITS-F17-R6	F17	R6	12	1	4	F5	NA	Microbiome	NA	Leaf	STHWK	E34	Microbiome-Leaf-STHWK-E34	Sample	NovaSeq
Leaf-ITS-F17-R7	F17	R7	12	1	4	G5	NA	Microbiome	NA	Leaf	STHWK	E40	Microbiome-Leaf-STHWK-E40	Sample	NovaSeq
Leaf-ITS-F17-R8	F17	R8	12	1	4	H5	NA	Microbiome	NA	Leaf	STHWK	CE21	Microbiome-Leaf-STHWK-CE21	Sample	NovaSeq
Leaf-ITS-F17-R9	NA	NA	NA	NA	NA	NA	NA	Microbiome	NA	Leaf	NA	NA	NA	Unused	NovaSeq
Leaf-ITS-F17-R10	NA	NA	NA	NA	NA	NA	NA	Microbiome	NA	Leaf	NA	NA	NA	Unused	NovaSeq
Leaf-ITS-F17-R11	NA	NA	NA	NA	NA	NA	NA	Microbiome	NA	Leaf	NA	NA	NA	Unused	NovaSeq
Leaf-ITS-F17-R12	NA	NA	NA	NA	NA	NA	NA	Microbiome	NA	Leaf	NA	NA	NA	Unused	NovaSeq
Leaf-ITS-F17-R13	NA	NA	NA	NA	NA	NA	NA	Microbiome	NA	Leaf	NA	NA	NA	Unused	NovaSeq
Leaf-ITS-F17-R14	NA	NA	NA	NA	NA	NA	NA	Microbiome	NA	Leaf	NA	NA	NA	Unused	NovaSeq
Leaf-ITS-F17-R15	NA	NA	NA	NA	NA	NA	NA	Microbiome	NA	Leaf	NA	NA	NA	Unused	NovaSeq
Leaf-ITS-F17-R16	NA	NA	NA	NA	NA	NA	NA	Microbiome	NA	Leaf	NA	NA	NA	Unused	NovaSeq
Leaf-ITS-F17-R17	F17	R17	8	1	3	A5	NA	Microbiome	NA	Leaf	MTRD	C5	Microbiome-Leaf-MTRD-C5	Sample	NovaSeq
Leaf-ITS-F17-R18	F17	R18	8	1	3	B5	NA	Microbiome	NA	Leaf	MTRD	C2	Microbiome-Leaf-MTRD-C2	Sample	NovaSeq
Leaf-ITS-F17-R19	F17	R19	8	1	3	C5	NA	Microbiome	NA	Leaf	RCHMD	A13	Microbiome-Leaf-RCHMD-A13	Sample	NovaSeq
Leaf-ITS-F17-R20	F17	R20	8	1	3	D5	NA	Microbiome	NA	Leaf	STHWK	A19	Microbiome-Leaf-STHWK-A19	Sample	NovaSeq
Leaf-ITS-F17-R21	F17	R21	8	1	3	E5	NA	Microbiome	NA	Leaf	WINDW	A9	Microbiome-Leaf-WINDW-A9	Sample	NovaSeq
Leaf-ITS-F17-R22	F17	R22	8	1	3	F5	NA	Microbiome	NA	Leaf	WINDW	A12	Microbiome-Leaf-WINDW-A12	Sample	NovaSeq
Leaf-ITS-F17-R23	F17	R23	8	1	3	G5	NA	Microbiome	NA	Leaf	WINDW	C2	Microbiome-Leaf-WINDW-C2	Sample	NovaSeq
Leaf-ITS-F17-R24	F17	R24	8	1	3	H5	NA	Microbiome	NA	Leaf	WINDW	C1	Microbiome-Leaf-WINDW-C1	Sample	NovaSeq
Leaf-ITS-F18-R1	F18	R1	12	1	4	A6	NA	Microbiome	NA	Leaf	STHWK	CE25	Microbiome-Leaf-STHWK-CE25	Sample	NovaSeq
Leaf-ITS-F18-R2	F18	R2	12	1	4	B6	NA	Microbiome	NA	Leaf	STHWK	E32	Microbiome-Leaf-STHWK-E32	Sample	NovaSeq
Leaf-ITS-F18-R3	F18	R3	12	1	4	C6	NA	Microbiome	NA	Leaf	STHWK	E36	Microbiome-Leaf-STHWK-E36	Sample	NovaSeq
Leaf-ITS-F18-R4	F18	R4	12	1	4	D6	NA	Microbiome	NA	Leaf	STHWK	CE23	Microbiome-Leaf-STHWK-CE23	Sample	NovaSeq
Leaf-ITS-F18-R5	F18	R5	13	1	4	E6	NA	Microbiome	NA	Leaf	STHWK	CE28	Microbiome-Leaf-STHWK-CE28	Sample	NovaSeq
Leaf-ITS-F18-R6	F18	R6	13	1	4	F6	NA	Microbiome	NA	Leaf	STHWK	E39	Microbiome-Leaf-STHWK-E39	Sample	NovaSeq
Leaf-ITS-F18-R7	F18	R7	13	1	4	G6	NA	Microbiome	NA	Leaf	STHWK	E43	Microbiome-Leaf-STHWK-E43	Sample	NovaSeq
Leaf-ITS-F18-R8	F18	R8	13	1	4	H6	NA	Microbiome	NA	Leaf	STHWK	CE29	Microbiome-Leaf-STHWK-CE29	Sample	NovaSeq
Leaf-ITS-F18-R9	NA	NA	NA	NA	NA	NA	NA	Microbiome	NA	Leaf	NA	NA	NA	Unused	NovaSeq
Leaf-ITS-F18-R10	NA	NA	NA	NA	NA	NA	NA	Microbiome	NA	Leaf	NA	NA	NA	Unused	NovaSeq
Leaf-ITS-F18-R11	NA	NA	NA	NA	NA	NA	NA	Microbiome	NA	Leaf	NA	NA	NA	Unused	NovaSeq
Leaf-ITS-F18-R12	NA	NA	NA	NA	NA	NA	NA	Microbiome	NA	Leaf	NA	NA	NA	Unused	NovaSeq
Leaf-ITS-F18-R13	NA	NA	NA	NA	NA	NA	NA	Microbiome	NA	Leaf	NA	NA	NA	Unused	NovaSeq
Leaf-ITS-F18-R14	NA	NA	NA	NA	NA	NA	NA	Microbiome	NA	Leaf	NA	NA	NA	Unused	NovaSeq
Leaf-ITS-F18-R15	NA	NA	NA	NA	NA	NA	NA	Microbiome	NA	Leaf	NA	NA	NA	Unused	NovaSeq
Leaf-ITS-F18-R16	NA	NA	NA	NA	NA	NA	NA	Microbiome	NA	Leaf	NA	NA	NA	Unused	NovaSeq
Leaf-ITS-F18-R17	F18	R17	8	1	3	A6	NA	Microbiome	NA	Leaf	WLDCP	C2	Microbiome-Leaf-WLDCP-C2	Sample	NovaSeq
Leaf-ITS-F18-R18	F18	R18	8	1	3	B6	NA	Microbiome	NA	Leaf	WLDCP	C3	Microbiome-Leaf-WLDCP-C3	Sample	NovaSeq
Leaf-ITS-F18-R19	F18	R19	8	1	3	C6	NA	Microbiome	NA	Leaf	Negctrl	Negctrl	Microbiome-Leaf-Negctrl-8	DNA_Negative	NovaSeq
Leaf-ITS-F18-R20	F18	R20	9	1	3	D6	NA	Microbiome	NA	Leaf	ASHC	C6	Microbiome-Leaf-ASHC-C6	Sample	NovaSeq
Leaf-ITS-F18-R21	F18	R21	9	1	3	E6	NA	Microbiome	NA	Leaf	ASHC	C1	Microbiome-Leaf-ASHC-C1	Sample	NovaSeq
Leaf-ITS-F18-R22	F18	R22	9	1	3	F6	NA	Microbiome	NA	Leaf	ATTP	A17	Microbiome-Leaf-ATTP-A17	Sample	NovaSeq
Leaf-ITS-F18-R23	F18	R23	9	1	3	G6	NA	Microbiome	NA	Leaf	BBW	C3	Microbiome-Leaf-BBW-C3	Sample	NovaSeq
Leaf-ITS-F18-R24	F18	R24	9	1	3	H6	NA	Microbiome	NA	Leaf	CDS	C4	Microbiome-Leaf-CDS-C4	Sample	NovaSeq
Leaf-ITS-F19-R1	F19	R1	13	4	13	A10	NA	Microbiome	NA	Leaf	MOCCA	E34	Microbiome-Leaf-MOCCA-E34	Sample	NovaSeq
Leaf-ITS-F19-R2	F19	R2	13	4	13	B10	NA	Microbiome	NA	Leaf	MOCCA	E37	Microbiome-Leaf-MOCCA-E37	Sample	NovaSeq
Leaf-ITS-F19-R3	F19	R3	13	4	13	C10	NA	Microbiome	NA	Leaf	MOCCA	CE25	Microbiome-Leaf-MOCCA-CE25	Sample	NovaSeq
Leaf-ITS-F19-R4	F19	R4	13	4	13	D10	NA	Microbiome	NA	Leaf	MOCCA	CE24	Microbiome-Leaf-MOCCA-CE24	Sample	NovaSeq
Leaf-ITS-F19-R5	F19	R5	13	4	13	E10	NA	Microbiome	NA	Leaf	MOCCA	E44	Microbiome-Leaf-MOCCA-E44	Sample	NovaSeq
Leaf-ITS-F19-R6	F19	R6	13	4	13	F10	NA	Microbiome	NA	Leaf	MOCCA	CE30	Microbiome-Leaf-MOCCA-CE30	Sample	NovaSeq
Leaf-ITS-F19-R7	F19	R7	13	4	13	G10	NA	Microbiome	NA	Leaf	MOCCA	E36	Microbiome-Leaf-MOCCA-E36	Sample	NovaSeq
Leaf-ITS-F19-R8	F19	R8	13	4	13	H10	NA	Microbiome	NA	Leaf	MOCCA	CE29	Microbiome-Leaf-MOCCA-CE29	Sample	NovaSeq
Leaf-ITS-F19-R9	NA	NA	NA	NA	NA	NA	NA	Microbiome	NA	Leaf	NA	NA	NA	Unused	NovaSeq
Leaf-ITS-F19-R10	NA	NA	NA	NA	NA	NA	NA	Microbiome	NA	Leaf	NA	NA	NA	Unused	NovaSeq
Leaf-ITS-F19-R11	NA	NA	NA	NA	NA	NA	NA	Microbiome	NA	Leaf	NA	NA	NA	Unused	NovaSeq
Leaf-ITS-F19-R12	NA	NA	NA	NA	NA	NA	NA	Microbiome	NA	Leaf	NA	NA	NA	Unused	NovaSeq
Leaf-ITS-F19-R13	NA	NA	NA	NA	NA	NA	NA	Microbiome	NA	Leaf	NA	NA	NA	Unused	NovaSeq
Leaf-ITS-F19-R14	NA	NA	NA	NA	NA	NA	NA	Microbiome	NA	Leaf	NA	NA	NA	Unused	NovaSeq
Leaf-ITS-F19-R15	NA	NA	NA	NA	NA	NA	NA	Microbiome	NA	Leaf	NA	NA	NA	Unused	NovaSeq
Leaf-ITS-F19-R16	NA	NA	NA	NA	NA	NA	NA	Microbiome	NA	Leaf	NA	NA	NA	Unused	NovaSeq
Leaf-ITS-F19-R17	F19	R17	9	1	3	A7	NA	Microbiome	NA	Leaf	GMKW	A8	Microbiome-Leaf-GMKW-A8	Sample	NovaSeq
Leaf-ITS-F19-R18	F19	R18	9	1	3	B7	NA	Microbiome	NA	Leaf	GMKW	A18	Microbiome-Leaf-GMKW-A18	Sample	NovaSeq
Leaf-ITS-F19-R19	F19	R19	9	1	3	C7	NA	Microbiome	NA	Leaf	GMKW	C2	Microbiome-Leaf-GMKW-C2	Sample	NovaSeq
Leaf-ITS-F19-R20	F19	R20	9	1	3	D7	NA	Microbiome	NA	Leaf	GMKW	A12	Microbiome-Leaf-GMKW-A12	Sample	NovaSeq
Leaf-ITS-F19-R21	F19	R21	9	1	3	E7	NA	Microbiome	NA	Leaf	HLKH	A10	Microbiome-Leaf-HLKH-A10	Sample	NovaSeq
Leaf-ITS-F19-R22	F19	R22	9	1	3	F7	NA	Microbiome	NA	Leaf	HLKH	A15	Microbiome-Leaf-HLKH-A15	Sample	NovaSeq
Leaf-ITS-F19-R23	F19	R23	9	1	3	G7	NA	Microbiome	NA	Leaf	HLKH	A9	Microbiome-Leaf-HLKH-A9	Sample	NovaSeq
Leaf-ITS-F19-R24	F19	R24	9	1	3	H7	NA	Microbiome	NA	Leaf	HRWD	C2	Microbiome-Leaf-HRWD-C2	Sample	NovaSeq
Leaf-ITS-F20-R1	F20	R1	13	1	4	A8	NA	Microbiome	NA	Leaf	STHWK	E33	Microbiome-Leaf-STHWK-E33	Sample	NovaSeq
Leaf-ITS-F20-R2	F20	R2	13	1	4	B8	NA	Microbiome	NA	Leaf	STHWK	CE26	Microbiome-Leaf-STHWK-CE26	Sample	NovaSeq
Leaf-ITS-F20-R3	F20	R3	13	1	4	C8	NA	Microbiome	NA	Leaf	STHWK	E42	Microbiome-Leaf-STHWK-E42	Sample	NovaSeq
Leaf-ITS-F20-R4	F20	R4	13	1	4	D8	NA	Microbiome	NA	Leaf	STHWK	E38	Microbiome-Leaf-STHWK-E38	Sample	NovaSeq
Leaf-ITS-F20-R5	F20	R5	13	1	4	E8	NA	Microbiome	NA	Leaf	STHWK	E31	Microbiome-Leaf-STHWK-E31	Sample	NovaSeq
Leaf-ITS-F20-R6	F20	R6	13	1	4	F8	NA	Microbiome	NA	Leaf	STHWK	E44	Microbiome-Leaf-STHWK-E44	Sample	NovaSeq
Leaf-ITS-F20-R7	F20	R7	13	1	4	G8	NA	Microbiome	NA	Leaf	STHWK	CE22	Microbiome-Leaf-STHWK-CE22	Sample	NovaSeq
Leaf-ITS-F20-R8	F20	R8	13	1	4	H8	NA	Microbiome	NA	Leaf	STHWK	CE27	Microbiome-Leaf-STHWK-CE27	Sample	NovaSeq
Leaf-ITS-F20-R9	NA	NA	NA	NA	NA	NA	NA	Microbiome	NA	Leaf	NA	NA	NA	Unused	NovaSeq
Leaf-ITS-F20-R10	NA	NA	NA	NA	NA	NA	NA	Microbiome	NA	Leaf	NA	NA	NA	Unused	NovaSeq
Leaf-ITS-F20-R11	NA	NA	NA	NA	NA	NA	NA	Microbiome	NA	Leaf	NA	NA	NA	Unused	NovaSeq
Leaf-ITS-F20-R12	NA	NA	NA	NA	NA	NA	NA	Microbiome	NA	Leaf	NA	NA	NA	Unused	NovaSeq
Leaf-ITS-F20-R13	NA	NA	NA	NA	NA	NA	NA	Microbiome	NA	Leaf	NA	NA	NA	Unused	NovaSeq
Leaf-ITS-F20-R14	NA	NA	NA	NA	NA	NA	NA	Microbiome	NA	Leaf	NA	NA	NA	Unused	NovaSeq
Leaf-ITS-F20-R15	NA	NA	NA	NA	NA	NA	NA	Microbiome	NA	Leaf	NA	NA	NA	Unused	NovaSeq
Leaf-ITS-F20-R16	NA	NA	NA	NA	NA	NA	NA	Microbiome	NA	Leaf	NA	NA	NA	Unused	NovaSeq
Leaf-ITS-F20-R17	F20	R17	9	1	3	A8	NA	Microbiome	NA	Leaf	HTCH	A9	Microbiome-Leaf-HTCH-A9	Sample	NovaSeq
Leaf-ITS-F20-R18	F20	R18	9	1	3	B8	NA	Microbiome	NA	Leaf	HTCH	A18	Microbiome-Leaf-HTCH-A18	Sample	NovaSeq
Leaf-ITS-F20-R19	F20	R19	9	1	3	C8	NA	Microbiome	NA	Leaf	LNGDL	A14	Microbiome-Leaf-LNGDL-A14	Sample	NovaSeq
Leaf-ITS-F20-R20	F20	R20	9	1	3	D8	NA	Microbiome	NA	Leaf	LNGDL	A7	Microbiome-Leaf-LNGDL-A7	Sample	NovaSeq
Leaf-ITS-F20-R21	F20	R21	9	1	3	E8	NA	Microbiome	NA	Leaf	MALDW	C3	Microbiome-Leaf-MALDW-C3	Sample	NovaSeq
Leaf-ITS-F20-R22	F20	R22	9	1	3	F8	NA	Microbiome	NA	Leaf	MOCCA	C1	Microbiome-Leaf-MOCCA-C1	Sample	NovaSeq
Leaf-ITS-F20-R23	F20	R23	9	1	3	G8	NA	Microbiome	NA	Leaf	RCHMD	A17	Microbiome-Leaf-RCHMD-A17	Sample	NovaSeq
Leaf-ITS-F20-R24	F20	R24	9	1	3	H8	NA	Microbiome	NA	Leaf	RCHMD	A12	Microbiome-Leaf-RCHMD-A12	Sample	NovaSeq
Leaf-ITS-F21-R1	F21	R1	13	1	4	A9	NA	Microbiome	NA	Leaf	STHWK	CE24	Microbiome-Leaf-STHWK-CE24	Sample	NovaSeq
Leaf-ITS-F21-R2	F21	R2	13	1	4	B9	NA	Microbiome	NA	Leaf	STHWK	E37	Microbiome-Leaf-STHWK-E37	Sample	NovaSeq
Leaf-ITS-F21-R3	F21	R3	13	1	4	C9	NA	Microbiome	NA	Leaf	STHWK	E45	Microbiome-Leaf-STHWK-E45	Sample	NovaSeq
Leaf-ITS-F21-R4	F21	R4	13	1	4	D9	NA	Microbiome	NA	Leaf	STHWK	E41	Microbiome-Leaf-STHWK-E41	Sample	NovaSeq
Leaf-ITS-F21-R5	F21	R5	13	1	4	E9	NA	Microbiome	NA	Leaf	STHWK	CE30	Microbiome-Leaf-STHWK-CE30	Sample	NovaSeq
Leaf-ITS-F21-R6	F21	R6	12	1	4	F9	NA	Microbiome	NA	Leaf	Negctrl	Negctrl	Microbiome-Leaf-Negctrl-12	DNA_Negative	NovaSeq
Leaf-ITS-F21-R7	F21	R7	13	1	4	G9	NA	Microbiome	NA	Leaf	Negctrl	Negctrl	Microbiome-Leaf-Negctrl-13	DNA_Negative	NovaSeq
Leaf-ITS-F21-R8	F21	R8	1	1	4	H9	NA	Microbiome	NA	Leaf	Negctrl	Negctrl	Microbiome-Leaf-Negctrl-1	DNA_Negative	NovaSeq
Leaf-ITS-F21-R9	NA	NA	NA	NA	NA	NA	NA	Microbiome	NA	Leaf	NA	NA	NA	Unused	NovaSeq
Leaf-ITS-F21-R10	NA	NA	NA	NA	NA	NA	NA	Microbiome	NA	Leaf	NA	NA	NA	Unused	NovaSeq
Leaf-ITS-F21-R11	NA	NA	NA	NA	NA	NA	NA	Microbiome	NA	Leaf	NA	NA	NA	Unused	NovaSeq
Leaf-ITS-F21-R12	NA	NA	NA	NA	NA	NA	NA	Microbiome	NA	Leaf	NA	NA	NA	Unused	NovaSeq
Leaf-ITS-F21-R13	NA	NA	NA	NA	NA	NA	NA	Microbiome	NA	Leaf	NA	NA	NA	Unused	NovaSeq
Leaf-ITS-F21-R14	NA	NA	NA	NA	NA	NA	NA	Microbiome	NA	Leaf	NA	NA	NA	Unused	NovaSeq
Leaf-ITS-F21-R15	NA	NA	NA	NA	NA	NA	NA	Microbiome	NA	Leaf	NA	NA	NA	Unused	NovaSeq
Leaf-ITS-F21-R16	NA	NA	NA	NA	NA	NA	NA	Microbiome	NA	Leaf	NA	NA	NA	Unused	NovaSeq
Leaf-ITS-F21-R17	F21	R17	9	1	3	A9	NA	Microbiome	NA	Leaf	RWDN	C1	Microbiome-Leaf-RWDN-C1	Sample	NovaSeq
Leaf-ITS-F21-R18	F21	R18	9	1	3	B9	NA	Microbiome	NA	Leaf	RWDN	C2	Microbiome-Leaf-RWDN-C2	Sample	NovaSeq
Leaf-ITS-F21-R19	F21	R19	9	1	3	C9	NA	Microbiome	NA	Leaf	STHWK	A20	Microbiome-Leaf-STHWK-A20	Sample	NovaSeq
Leaf-ITS-F21-R20	F21	R20	9	1	3	D9	NA	Microbiome	NA	Leaf	STHWK	A17	Microbiome-Leaf-STHWK-A17	Sample	NovaSeq
Leaf-ITS-F21-R21	F21	R21	9	1	3	E9	NA	Microbiome	NA	Leaf	STHWK	A18	Microbiome-Leaf-STHWK-A18	Sample	NovaSeq
Leaf-ITS-F21-R22	F21	R22	9	1	3	F9	NA	Microbiome	NA	Leaf	STRTS	C1	Microbiome-Leaf-STRTS-C1	Sample	NovaSeq
Leaf-ITS-F21-R23	F21	R23	9	1	3	G9	NA	Microbiome	NA	Leaf	TAWWD	C2	Microbiome-Leaf-TAWWD-C2	Sample	NovaSeq
Leaf-ITS-F21-R24	F21	R24	9	1	3	H9	NA	Microbiome	NA	Leaf	WLDCP	C4	Microbiome-Leaf-WLDCP-C4	Sample	NovaSeq
Leaf-ITS-F22-R1	F22	R1	2	1	4	A10	NA	Microbiome	NA	Leaf	Negctrl	Negctrl	Microbiome-Leaf-Negctrl-2	DNA_Negative	NovaSeq
Leaf-ITS-F22-R2	F22	R2	3	1	4	B10	NA	Microbiome	NA	Leaf	Negctrl	Negctrl	Microbiome-Leaf-Negctrl-3	DNA_Negative	NovaSeq
Leaf-ITS-F22-R3	F22	R3	4	1	4	C10	NA	Microbiome	NA	Leaf	Negctrl	Negctrl	Microbiome-Leaf-Negctrl-4	DNA_Negative	NovaSeq
Leaf-ITS-F22-R4	F22	R4	5	1	4	D10	NA	Microbiome	NA	Leaf	Negctrl	Negctrl	Microbiome-Leaf-Negctrl-5	DNA_Negative	NovaSeq
Leaf-ITS-F22-R5	F22	R5	LR	1	4	E10	NA	Microbiome	NA	Leaf	Negctrl	Negctrl	Microbiome-Leaf-Negctrl-R	DNA_Negative	NovaSeq
Leaf-ITS-F22-R6	NA	NA	NA	NA	NA	NA	NA	Microbiome	NA	Leaf	NA	NA	NA	Unused	NovaSeq
Leaf-ITS-F22-R7	NA	NA	NA	NA	NA	NA	NA	Microbiome	NA	Leaf	NA	NA	NA	Unused	NovaSeq
Leaf-ITS-F22-R8	NA	NA	NA	NA	NA	NA	NA	Microbiome	NA	Leaf	NA	NA	NA	Unused	NovaSeq
Leaf-ITS-F22-R9	NA	NA	NA	NA	NA	NA	NA	Microbiome	NA	Leaf	NA	NA	NA	Unused	NovaSeq
Leaf-ITS-F22-R10	NA	NA	NA	NA	NA	NA	NA	Microbiome	NA	Leaf	NA	NA	NA	Unused	NovaSeq
Leaf-ITS-F22-R11	NA	NA	NA	NA	NA	NA	NA	Microbiome	NA	Leaf	NA	NA	NA	Unused	NovaSeq
Leaf-ITS-F22-R12	NA	NA	NA	NA	NA	NA	NA	Microbiome	NA	Leaf	NA	NA	NA	Unused	NovaSeq
Leaf-ITS-F22-R13	NA	NA	NA	NA	NA	NA	NA	Microbiome	NA	Leaf	NA	NA	NA	Unused	NovaSeq
Leaf-ITS-F22-R14	NA	NA	NA	NA	NA	NA	NA	Microbiome	NA	Leaf	NA	NA	NA	Unused	NovaSeq
Leaf-ITS-F22-R15	NA	NA	NA	NA	NA	NA	NA	Microbiome	NA	Leaf	NA	NA	NA	Unused	NovaSeq
Leaf-ITS-F22-R16	NA	NA	NA	NA	NA	NA	NA	Microbiome	NA	Leaf	NA	NA	NA	Unused	NovaSeq
Leaf-ITS-F22-R17	F22	R17	9	1	3	A10	NA	Microbiome	NA	Leaf	Negctrl	Negctrl	Microbiome-Leaf-Negctrl-9	DNA_Negative	NovaSeq
Leaf-ITS-F22-R18	F22	R18	10	1	3	B10	NA	Microbiome	NA	Leaf	ANCST	C5	Microbiome-Leaf-ANCST-C5	Sample	NovaSeq
Leaf-ITS-F22-R19	F22	R19	10	1	3	C10	NA	Microbiome	NA	Leaf	ATTP	A10	Microbiome-Leaf-ATTP-A10	Sample	NovaSeq
Leaf-ITS-F22-R20	F22	R20	10	1	3	D10	NA	Microbiome	NA	Leaf	CDPM	C5	Microbiome-Leaf-CDPM-C5	Sample	NovaSeq
Leaf-ITS-F22-R21	F22	R21	10	1	3	E10	NA	Microbiome	NA	Leaf	CROC	C4	Microbiome-Leaf-CROC-C4	Sample	NovaSeq
Leaf-ITS-F22-R22	F22	R22	10	1	3	F10	NA	Microbiome	NA	Leaf	GMKW	A15	Microbiome-Leaf-GMKW-A15	Sample	NovaSeq
Leaf-ITS-F22-R23	F22	R23	10	1	3	G10	NA	Microbiome	NA	Leaf	GMKW	C4	Microbiome-Leaf-GMKW-C4	Sample	NovaSeq
Leaf-ITS-F22-R24	F22	R24	10	1	3	H10	NA	Microbiome	NA	Leaf	GMKW	C1	Microbiome-Leaf-GMKW-C1	Sample	NovaSeq
Leaf-ITS-F23-R1	NA	NA	NA	NA	NA	NA	NA	Microbiome	NA	Leaf	NA	NA	NA	Unused	NovaSeq
Leaf-ITS-F23-R2	NA	NA	NA	NA	NA	NA	NA	Microbiome	NA	Leaf	NA	NA	NA	Unused	NovaSeq
Leaf-ITS-F23-R3	NA	NA	NA	NA	NA	NA	NA	Microbiome	NA	Leaf	NA	NA	NA	Unused	NovaSeq
Leaf-ITS-F23-R4	NA	NA	NA	NA	NA	NA	NA	Microbiome	NA	Leaf	NA	NA	NA	Unused	NovaSeq
Leaf-ITS-F23-R5	NA	NA	NA	NA	NA	NA	NA	Microbiome	NA	Leaf	NA	NA	NA	Unused	NovaSeq
Leaf-ITS-F23-R6	NA	NA	NA	NA	NA	NA	NA	Microbiome	NA	Leaf	NA	NA	NA	Unused	NovaSeq
Leaf-ITS-F23-R7	NA	NA	NA	NA	NA	NA	NA	Microbiome	NA	Leaf	NA	NA	NA	Unused	NovaSeq
Leaf-ITS-F23-R8	NA	NA	NA	NA	NA	NA	NA	Microbiome	NA	Leaf	NA	NA	NA	Unused	NovaSeq
Leaf-ITS-F23-R9	NA	NA	NA	NA	NA	NA	NA	Microbiome	NA	Leaf	NA	NA	NA	Unused	NovaSeq
Leaf-ITS-F23-R10	NA	NA	NA	NA	NA	NA	NA	Microbiome	NA	Leaf	NA	NA	NA	Unused	NovaSeq
Leaf-ITS-F23-R11	NA	NA	NA	NA	NA	NA	NA	Microbiome	NA	Leaf	NA	NA	NA	Unused	NovaSeq
Leaf-ITS-F23-R12	NA	NA	NA	NA	NA	NA	NA	Microbiome	NA	Leaf	NA	NA	NA	Unused	NovaSeq
Leaf-ITS-F23-R13	NA	NA	NA	NA	NA	NA	NA	Microbiome	NA	Leaf	NA	NA	NA	Unused	NovaSeq
Leaf-ITS-F23-R14	NA	NA	NA	NA	NA	NA	NA	Microbiome	NA	Leaf	NA	NA	NA	Unused	NovaSeq
Leaf-ITS-F23-R15	NA	NA	NA	NA	NA	NA	NA	Microbiome	NA	Leaf	NA	NA	NA	Unused	NovaSeq
Leaf-ITS-F23-R16	NA	NA	NA	NA	NA	NA	NA	Microbiome	NA	Leaf	NA	NA	NA	Unused	NovaSeq
Leaf-ITS-F23-R17	F23	R17	10	1	3	A11	NA	Microbiome	NA	Leaf	HLKH	C4	Microbiome-Leaf-HLKH-C4	Sample	NovaSeq
Leaf-ITS-F23-R18	F23	R18	10	1	3	B11	NA	Microbiome	NA	Leaf	HOEF	A12	Microbiome-Leaf-HOEF-A12	Sample	NovaSeq
Leaf-ITS-F23-R19	F23	R19	10	1	3	C11	NA	Microbiome	NA	Leaf	HOEF	A6	Microbiome-Leaf-HOEF-A6	Sample	NovaSeq
Leaf-ITS-F23-R20	F23	R20	10	1	3	D11	NA	Microbiome	NA	Leaf	HOEF	A10	Microbiome-Leaf-HOEF-A10	Sample	NovaSeq
Leaf-ITS-F23-R21	F23	R21	10	1	3	E11	NA	Microbiome	NA	Leaf	HTCH	A19	Microbiome-Leaf-HTCH-A19	Sample	NovaSeq
Leaf-ITS-F23-R22	F23	R22	10	1	3	F11	NA	Microbiome	NA	Leaf	HTCH	A10	Microbiome-Leaf-HTCH-A10	Sample	NovaSeq
Leaf-ITS-F23-R23	F23	R23	10	1	3	G11	NA	Microbiome	NA	Leaf	HTCH	A16	Microbiome-Leaf-HTCH-A16	Sample	NovaSeq
Leaf-ITS-F23-R24	F23	R24	10	1	3	H11	NA	Microbiome	NA	Leaf	LINEAG	C1	Microbiome-Leaf-LINEAG-C1	Sample	NovaSeq
Leaf-ITS-F24-R1	NA	NA	NA	NA	NA	NA	NA	Microbiome	NA	Leaf	NA	NA	NA	Unused	NovaSeq
Leaf-ITS-F24-R2	F24	R2	PCR	1	4	B12	NA	Microbiome	NA	Leaf	PCR Negative	PCR Negative	Microbiome-Leaf-PCR Negative-PCR	PCR_Negative	NovaSeq
Leaf-ITS-F24-R3	NA	NA	NA	NA	NA	NA	NA	Microbiome	NA	Leaf	NA	NA	NA	Unused	NovaSeq
Leaf-ITS-F24-R4	NA	NA	NA	NA	NA	NA	NA	Microbiome	NA	Leaf	NA	NA	NA	Unused	NovaSeq
Leaf-ITS-F24-R5	NA	NA	NA	NA	NA	NA	NA	Microbiome	NA	Leaf	NA	NA	NA	Unused	NovaSeq
Leaf-ITS-F24-R6	NA	NA	NA	NA	NA	NA	NA	Microbiome	NA	Leaf	NA	NA	NA	Unused	NovaSeq
Leaf-ITS-F24-R7	NA	NA	NA	NA	NA	NA	NA	Microbiome	NA	Leaf	NA	NA	NA	Unused	NovaSeq
Leaf-ITS-F24-R8	NA	NA	NA	NA	NA	NA	NA	Microbiome	NA	Leaf	NA	NA	NA	Unused	NovaSeq
Leaf-ITS-F24-R9	NA	NA	NA	NA	NA	NA	NA	Microbiome	NA	Leaf	NA	NA	NA	Unused	NovaSeq
Leaf-ITS-F24-R10	NA	NA	NA	NA	NA	NA	NA	Microbiome	NA	Leaf	NA	NA	NA	Unused	NovaSeq
Leaf-ITS-F24-R11	NA	NA	NA	NA	NA	NA	NA	Microbiome	NA	Leaf	NA	NA	NA	Unused	NovaSeq
Leaf-ITS-F24-R12	NA	NA	NA	NA	NA	NA	NA	Microbiome	NA	Leaf	NA	NA	NA	Unused	NovaSeq
Leaf-ITS-F24-R13	NA	NA	NA	NA	NA	NA	NA	Microbiome	NA	Leaf	NA	NA	NA	Unused	NovaSeq
Leaf-ITS-F24-R14	NA	NA	NA	NA	NA	NA	NA	Microbiome	NA	Leaf	NA	NA	NA	Unused	NovaSeq
Leaf-ITS-F24-R15	NA	NA	NA	NA	NA	NA	NA	Microbiome	NA	Leaf	NA	NA	NA	Unused	NovaSeq
Leaf-ITS-F24-R16	NA	NA	NA	NA	NA	NA	NA	Microbiome	NA	Leaf	NA	NA	NA	Unused	NovaSeq
Leaf-ITS-F24-R17	F24	R17	10	1	3	A12	NA	Microbiome	NA	Leaf	LNGDL	A16	Microbiome-Leaf-LNGDL-A16	Sample	NovaSeq
Leaf-ITS-F24-R18	F24	R18	10	1	3	B12	NA	Microbiome	NA	Leaf	LNGDL	C4	Microbiome-Leaf-LNGDL-C4	Sample	NovaSeq
Leaf-ITS-F24-R19	F24	R19	10	1	3	C12	NA	Microbiome	NA	Leaf	MOCCA	A13	Microbiome-Leaf-MOCCA-A13	Sample	NovaSeq
Leaf-ITS-F24-R20	F24	R20	10	1	3	D12	NA	Microbiome	NA	Leaf	MOCCA	A7	Microbiome-Leaf-MOCCA-A7	Sample	NovaSeq
Leaf-ITS-F24-R21	F24	R21	10	1	3	E12	NA	Microbiome	NA	Leaf	MOCCA	A17	Microbiome-Leaf-MOCCA-A17	Sample	NovaSeq
Leaf-ITS-F24-R22	F24	R22	10	1	3	F12	NA	Microbiome	NA	Leaf	MTRD	C1	Microbiome-Leaf-MTRD-C1	Sample	NovaSeq
Leaf-ITS-F24-R23	F24	R23	10	1	3	G12	NA	Microbiome	NA	Leaf	RCHMD	A9	Microbiome-Leaf-RCHMD-A9	Sample	NovaSeq
Leaf-ITS-F24-R24	F24	R24	10	1	3	H12	NA	Microbiome	NA	Leaf	RCHMD	A16	Microbiome-Leaf-RCHMD-A16	Sample	NovaSeq
Soil-ITS-F1-R1	F1	R1	RR	4	15	A1	NA	Microbiome	NA	Soil	ATTP	A18	Microbiome-Soil-ATTP-A18	Sample	NovaSeq
Soil-ITS-F1-R2	F1	R2	RR	4	15	B1	NA	Microbiome	NA	Soil	ATTP	C2	Microbiome-Soil-ATTP-C2	Sample	NovaSeq
Soil-ITS-F1-R3	F1	R3	14	4	15	C1	NA	Microbiome	NA	Soil	ATTP	C3	Microbiome-Soil-ATTP-C3	Sample	NovaSeq
Soil-ITS-F1-R4	F1	R4	14	4	15	D1	NA	Microbiome	NA	Soil	ATTP	C5	Microbiome-Soil-ATTP-C5	Sample	NovaSeq
Soil-ITS-F1-R5	F1	R5	RR	4	15	E1	NA	Microbiome	NA	Soil	CROC	C2	Microbiome-Soil-CROC-C2	Sample	NovaSeq
Soil-ITS-F1-R6	F1	R6	RR	4	15	F1	NA	Microbiome	NA	Soil	GMKW	A17	Microbiome-Soil-GMKW-A17	Sample	NovaSeq
Soil-ITS-F1-R7	F1	R7	RR	4	15	G1	NA	Microbiome	NA	Soil	GMKW	C3	Microbiome-Soil-GMKW-C3	Sample	NovaSeq
Soil-ITS-F1-R8	F1	R8	RR	4	15	H1	NA	Microbiome	NA	Soil	HLKH	C5	Microbiome-Soil-HLKH-C5	Sample	NovaSeq
Soil-ITS-F1-R9	F1	R9	16	3	10	A1	NA	Microbiome	NA	Soil	GMKW	A10	Microbiome-Soil-GMKW-A10	Sample	NovaSeq
Soil-ITS-F1-R10	F1	R10	16	3	10	B1	NA	Microbiome	NA	Soil	HLKH	A6	Microbiome-Soil-HLKH-A6	Sample	NovaSeq
Soil-ITS-F1-R11	F1	R11	16	3	10	C1	NA	Microbiome	NA	Soil	HLKH	A17	Microbiome-Soil-HLKH-A17	Sample	NovaSeq
Soil-ITS-F1-R12	F1	R12	16	3	10	D1	NA	Microbiome	NA	Soil	HOEF	A13	Microbiome-Soil-HOEF-A13	Sample	NovaSeq
Soil-ITS-F1-R13	F1	R13	16	3	10	E1	NA	Microbiome	NA	Soil	HOEF	A20	Microbiome-Soil-HOEF-A20	Sample	NovaSeq
Soil-ITS-F1-R14	F1	R14	16	3	10	F1	NA	Microbiome	NA	Soil	HOEF	C5	Microbiome-Soil-HOEF-C5	Sample	NovaSeq
Soil-ITS-F1-R15	F1	R15	16	3	10	G1	NA	Microbiome	NA	Soil	HOEF	A15	Microbiome-Soil-HOEF-A15	Sample	NovaSeq
Soil-ITS-F1-R16	F1	R16	16	3	10	H1	NA	Microbiome	NA	Soil	HOEF	A7	Microbiome-Soil-HOEF-A7	Sample	NovaSeq
Soil-ITS-F1-R17	NA	NA	NA	NA	NA	NA	NA	Microbiome	NA	Soil	NA	NA	NA	Unused	NovaSeq
Soil-ITS-F1-R18	NA	NA	NA	NA	NA	NA	NA	Microbiome	NA	Soil	NA	NA	NA	Unused	NovaSeq
Soil-ITS-F1-R19	NA	NA	NA	NA	NA	NA	NA	Microbiome	NA	Soil	NA	NA	NA	Unused	NovaSeq
Soil-ITS-F1-R20	NA	NA	NA	NA	NA	NA	NA	Microbiome	NA	Soil	NA	NA	NA	Unused	NovaSeq
Soil-ITS-F1-R21	NA	NA	NA	NA	NA	NA	NA	Microbiome	NA	Soil	NA	NA	NA	Unused	NovaSeq
Soil-ITS-F1-R22	NA	NA	NA	NA	NA	NA	NA	Microbiome	NA	Soil	NA	NA	NA	Unused	NovaSeq
Soil-ITS-F1-R23	NA	NA	NA	NA	NA	NA	NA	Microbiome	NA	Soil	NA	NA	NA	Unused	NovaSeq
Soil-ITS-F1-R24	NA	NA	NA	NA	NA	NA	NA	Microbiome	NA	Soil	NA	NA	NA	Unused	NovaSeq
Soil-ITS-F2-R1	F2	R1	RR	3	9	A2	NA	Microbiome	NA	Soil	HOEF	A16	Microbiome-Soil-HOEF-A16	Sample	NovaSeq
Soil-ITS-F2-R2	F2	R2	14	3	9	B2	NA	Microbiome	NA	Soil	HRWD	C3	Microbiome-Soil-HRWD-C3	Sample	NovaSeq
Soil-ITS-F2-R3	F2	R3	14	3	9	C2	NA	Microbiome	NA	Soil	HTCH	A13	Microbiome-Soil-HTCH-A13	Sample	NovaSeq
Soil-ITS-F2-R4	F2	R4	14	3	9	D2	NA	Microbiome	NA	Soil	HTCH	C3	Microbiome-Soil-HTCH-C3	Sample	NovaSeq
Soil-ITS-F2-R5	F2	R5	RR	3	9	E2	NA	Microbiome	NA	Soil	HTCH	A17	Microbiome-Soil-HTCH-A17	Sample	NovaSeq
Soil-ITS-F2-R6	F2	R6	14	3	9	F2	NA	Microbiome	NA	Soil	HTCH	C4	Microbiome-Soil-HTCH-C4	Sample	NovaSeq
Soil-ITS-F2-R7	F2	R7	14	3	9	G2	NA	Microbiome	NA	Soil	LNGDL	A9	Microbiome-Soil-LNGDL-A9	Sample	NovaSeq
Soil-ITS-F2-R8	F2	R8	14	3	9	H2	NA	Microbiome	NA	Soil	MALDW	C4	Microbiome-Soil-MALDW-C4	Sample	NovaSeq
Soil-ITS-F2-R9	F2	R9	16	4	15	A4	NA	Microbiome	NA	Soil	HTCH	C1	Microbiome-Soil-HTCH-C1	Sample	NovaSeq
Soil-ITS-F2-R10	F2	R10	16	4	15	B4	NA	Microbiome	NA	Soil	LINEAG	C5	Microbiome-Soil-LINEAG-C5	Sample	NovaSeq
Soil-ITS-F2-R11	F2	R11	16	4	15	C4	NA	Microbiome	NA	Soil	LNGDL	A11	Microbiome-Soil-LNGDL-A11	Sample	NovaSeq
Soil-ITS-F2-R12	F2	R12	16	4	15	D4	NA	Microbiome	NA	Soil	MCOU	C2	Microbiome-Soil-MCOU-C2	Sample	NovaSeq
Soil-ITS-F2-R13	F2	R13	16	4	15	E4	NA	Microbiome	NA	Soil	MOCCA	A9	Microbiome-Soil-MOCCA-A9	Sample	NovaSeq
Soil-ITS-F2-R14	F2	R14	16	4	15	F4	NA	Microbiome	NA	Soil	RCHMD	C2	Microbiome-Soil-RCHMD-C2	Sample	NovaSeq
Soil-ITS-F2-R15	F2	R15	16	4	15	G4	NA	Microbiome	NA	Soil	RCHMD	A15	Microbiome-Soil-RCHMD-A15	Sample	NovaSeq
Soil-ITS-F2-R16	F2	R16	16	4	15	H4	NA	Microbiome	NA	Soil	SLCY	C2	Microbiome-Soil-SLCY-C2	Sample	NovaSeq
Soil-ITS-F2-R17	NA	NA	NA	NA	NA	NA	NA	Microbiome	NA	Soil	NA	NA	NA	Unused	NovaSeq
Soil-ITS-F2-R18	NA	NA	NA	NA	NA	NA	NA	Microbiome	NA	Soil	NA	NA	NA	Unused	NovaSeq
Soil-ITS-F2-R19	NA	NA	NA	NA	NA	NA	NA	Microbiome	NA	Soil	NA	NA	NA	Unused	NovaSeq
Soil-ITS-F2-R20	NA	NA	NA	NA	NA	NA	NA	Microbiome	NA	Soil	NA	NA	NA	Unused	NovaSeq
Soil-ITS-F2-R21	NA	NA	NA	NA	NA	NA	NA	Microbiome	NA	Soil	NA	NA	NA	Unused	NovaSeq
Soil-ITS-F2-R22	NA	NA	NA	NA	NA	NA	NA	Microbiome	NA	Soil	NA	NA	NA	Unused	NovaSeq
Soil-ITS-F2-R23	NA	NA	NA	NA	NA	NA	NA	Microbiome	NA	Soil	NA	NA	NA	Unused	NovaSeq
Soil-ITS-F2-R24	NA	NA	NA	NA	NA	NA	NA	Microbiome	NA	Soil	NA	NA	NA	Unused	NovaSeq
Soil-ITS-F3-R1	F3	R1	14	3	9	A3	NA	Microbiome	NA	Soil	MOCCA	A8	Microbiome-Soil-MOCCA-A8	Sample	NovaSeq
Soil-ITS-F3-R2	F3	R2	14	3	9	B3	NA	Microbiome	NA	Soil	MOCCA	A16	Microbiome-Soil-MOCCA-A16	Sample	NovaSeq
Soil-ITS-F3-R3	F3	R3	14	3	9	C3	NA	Microbiome	NA	Soil	RCHMD	A10	Microbiome-Soil-RCHMD-A10	Sample	NovaSeq
Soil-ITS-F3-R4	F3	R4	14	3	9	D3	NA	Microbiome	NA	Soil	RCHMD	A6	Microbiome-Soil-RCHMD-A6	Sample	NovaSeq
Soil-ITS-F3-R5	F3	R5	14	3	9	E3	NA	Microbiome	NA	Soil	RCHMD	C1	Microbiome-Soil-RCHMD-C1	Sample	NovaSeq
Soil-ITS-F3-R6	F3	R6	RR	3	9	F3	NA	Microbiome	NA	Soil	SNDR	C4	Microbiome-Soil-SNDR-C4	Sample	NovaSeq
Soil-ITS-F3-R7	F3	R7	14	3	9	G3	NA	Microbiome	NA	Soil	SNDR	C3	Microbiome-Soil-SNDR-C3	Sample	NovaSeq
Soil-ITS-F3-R8	F3	R8	14	3	9	H3	NA	Microbiome	NA	Soil	NA	NA	Microbiome-Soil-Negctrl-3-14	DNA_Negative	NovaSeq
Soil-ITS-F3-R9	F3	R9	16	3	10	A3	NA	Microbiome	NA	Soil	SLCY	C3	Microbiome-Soil-SLCY-C3	Sample	NovaSeq
Soil-ITS-F3-R10	F3	R10	16	3	10	B3	NA	Microbiome	NA	Soil	SNDR	C1	Microbiome-Soil-SNDR-C1	Sample	NovaSeq
Soil-ITS-F3-R11	F3	R11	16	3	10	C3	NA	Microbiome	NA	Soil	STHWK	A13	Microbiome-Soil-STHWK-A13	Sample	NovaSeq
Soil-ITS-F3-R12	F3	R12	16	3	10	D3	NA	Microbiome	NA	Soil	WINDW	A19	Microbiome-Soil-WINDW-A19	Sample	NovaSeq
Soil-ITS-F3-R13	F3	R13	16	3	10	E3	NA	Microbiome	NA	Soil	WINDW	C3	Microbiome-Soil-WINDW-C3	Sample	NovaSeq
Soil-ITS-F3-R14	F3	R14	16	3	10	F3	NA	Microbiome	NA	Soil	WINDW	C5	Microbiome-Soil-WINDW-C5	Sample	NovaSeq
Soil-ITS-F3-R15	F3	R15	16	3	10	G3	NA	Microbiome	NA	Soil	ATTP	C1	Microbiome-Soil-ATTP-C1	Sample	NovaSeq
Soil-ITS-F3-R16	F3	R16	16	3	10	H3	NA	Microbiome	NA	Soil	ATTP	C4	Microbiome-Soil-ATTP-C4	Sample	NovaSeq
Soil-ITS-F3-R17	NA	NA	NA	NA	NA	NA	NA	Microbiome	NA	Soil	NA	NA	NA	Unused	NovaSeq
Soil-ITS-F3-R18	NA	NA	NA	NA	NA	NA	NA	Microbiome	NA	Soil	NA	NA	NA	Unused	NovaSeq
Soil-ITS-F3-R19	NA	NA	NA	NA	NA	NA	NA	Microbiome	NA	Soil	NA	NA	NA	Unused	NovaSeq
Soil-ITS-F3-R20	NA	NA	NA	NA	NA	NA	NA	Microbiome	NA	Soil	NA	NA	NA	Unused	NovaSeq
Soil-ITS-F3-R21	NA	NA	NA	NA	NA	NA	NA	Microbiome	NA	Soil	NA	NA	NA	Unused	NovaSeq
Soil-ITS-F3-R22	NA	NA	NA	NA	NA	NA	NA	Microbiome	NA	Soil	NA	NA	NA	Unused	NovaSeq
Soil-ITS-F3-R23	NA	NA	NA	NA	NA	NA	NA	Microbiome	NA	Soil	NA	NA	NA	Unused	NovaSeq
Soil-ITS-F3-R24	NA	NA	NA	NA	NA	NA	NA	Microbiome	NA	Soil	NA	NA	NA	Unused	NovaSeq
Soil-ITS-F4-R1	F4	R1	15	4	15	A2	NA	Microbiome	NA	Soil	STHWK	A12	Microbiome-Soil-STHWK-A12	Sample	NovaSeq
Soil-ITS-F4-R2	F4	R2	15	4	15	B2	NA	Microbiome	NA	Soil	STHWK	A6	Microbiome-Soil-STHWK-A6	Sample	NovaSeq
Soil-ITS-F4-R3	F4	R3	15	4	15	C2	NA	Microbiome	NA	Soil	STRTS	C4	Microbiome-Soil-STRTS-C4	Sample	NovaSeq
Soil-ITS-F4-R4	F4	R4	15	4	15	D2	NA	Microbiome	NA	Soil	TAWWD	C4	Microbiome-Soil-TAWWD-C4	Sample	NovaSeq
Soil-ITS-F4-R5	F4	R5	15	4	15	E2	NA	Microbiome	NA	Soil	WINDW	A13	Microbiome-Soil-WINDW-A13	Sample	NovaSeq
Soil-ITS-F4-R6	F4	R6	15	4	15	F2	NA	Microbiome	NA	Soil	WINDW	A18	Microbiome-Soil-WINDW-A18	Sample	NovaSeq
Soil-ITS-F4-R7	F4	R7	15	4	15	G2	NA	Microbiome	NA	Soil	ATTP	A20	Microbiome-Soil-ATTP-A20	Sample	NovaSeq
Soil-ITS-F4-R8	F4	R8	15	4	15	H2	NA	Microbiome	NA	Soil	ATTP	A12	Microbiome-Soil-ATTP-A12	Sample	NovaSeq
Soil-ITS-F4-R9	F4	R9	16	3	10	A4	NA	Microbiome	NA	Soil	ATTP	A16	Microbiome-Soil-ATTP-A16	Sample	NovaSeq
Soil-ITS-F4-R10	F4	R10	16	3	10	B4	NA	Microbiome	NA	Soil	BBW	C2	Microbiome-Soil-BBW-C2	Sample	NovaSeq
Soil-ITS-F4-R11	F4	R11	16	3	10	C4	NA	Microbiome	NA	Soil	GMKW	A19	Microbiome-Soil-GMKW-A19	Sample	NovaSeq
Soil-ITS-F4-R12	F4	R12	16	3	10	D4	NA	Microbiome	NA	Soil	GMKW	A11	Microbiome-Soil-GMKW-A11	Sample	NovaSeq
Soil-ITS-F4-R13	F4	R13	16	3	10	E4	NA	Microbiome	NA	Soil	GMKW	A12	Microbiome-Soil-GMKW-A12	Sample	NovaSeq
Soil-ITS-F4-R14	F4	R14	16	3	10	F4	NA	Microbiome	NA	Soil	HOEF	A11	Microbiome-Soil-HOEF-A11	Sample	NovaSeq
Soil-ITS-F4-R15	F4	R15	16	3	10	G4	NA	Microbiome	NA	Soil	HOEF	C4	Microbiome-Soil-HOEF-C4	Sample	NovaSeq
Soil-ITS-F4-R16	F4	R16	16	3	10	H4	NA	Microbiome	NA	Soil	HOEF	A8	Microbiome-Soil-HOEF-A8	Sample	NovaSeq
Soil-ITS-F4-R17	NA	NA	NA	NA	NA	NA	NA	Microbiome	NA	Soil	NA	NA	NA	Unused	NovaSeq
Soil-ITS-F4-R18	NA	NA	NA	NA	NA	NA	NA	Microbiome	NA	Soil	NA	NA	NA	Unused	NovaSeq
Soil-ITS-F4-R19	NA	NA	NA	NA	NA	NA	NA	Microbiome	NA	Soil	NA	NA	NA	Unused	NovaSeq
Soil-ITS-F4-R20	NA	NA	NA	NA	NA	NA	NA	Microbiome	NA	Soil	NA	NA	NA	Unused	NovaSeq
Soil-ITS-F4-R21	NA	NA	NA	NA	NA	NA	NA	Microbiome	NA	Soil	NA	NA	NA	Unused	NovaSeq
Soil-ITS-F4-R22	NA	NA	NA	NA	NA	NA	NA	Microbiome	NA	Soil	NA	NA	NA	Unused	NovaSeq
Soil-ITS-F4-R23	NA	NA	NA	NA	NA	NA	NA	Microbiome	NA	Soil	NA	NA	NA	Unused	NovaSeq
Soil-ITS-F4-R24	NA	NA	NA	NA	NA	NA	NA	Microbiome	NA	Soil	NA	NA	NA	Unused	NovaSeq
Soil-ITS-F5-R1	F5	R1	15	3	9	A5	NA	Microbiome	NA	Soil	CROC	C5	Microbiome-Soil-CROC-C5	Sample	NovaSeq
Soil-ITS-F5-R2	F5	R2	15	3	9	B5	NA	Microbiome	NA	Soil	DYMK	C1	Microbiome-Soil-DYMK-C1	Sample	NovaSeq
Soil-ITS-F5-R3	F5	R3	15	3	9	C5	NA	Microbiome	NA	Soil	HLKH	A12	Microbiome-Soil-HLKH-A12	Sample	NovaSeq
Soil-ITS-F5-R4	F5	R4	15	3	9	D5	NA	Microbiome	NA	Soil	HLKH	A18	Microbiome-Soil-HLKH-A18	Sample	NovaSeq
Soil-ITS-F5-R5	F5	R5	15	3	9	E5	NA	Microbiome	NA	Soil	HLKH	A16	Microbiome-Soil-HLKH-A16	Sample	NovaSeq
Soil-ITS-F5-R6	F5	R6	15	3	9	F5	NA	Microbiome	NA	Soil	HLKH	C3	Microbiome-Soil-HLKH-C3	Sample	NovaSeq
Soil-ITS-F5-R7	F5	R7	15	3	9	G5	NA	Microbiome	NA	Soil	HOEF	A9	Microbiome-Soil-HOEF-A9	Sample	NovaSeq
Soil-ITS-F5-R8	F5	R8	15	3	9	H5	NA	Microbiome	NA	Soil	HOEF	C2	Microbiome-Soil-HOEF-C2	Sample	NovaSeq
Soil-ITS-F5-R9	F5	R9	16	3	10	A5	NA	Microbiome	NA	Soil	HTCH	A12	Microbiome-Soil-HTCH-A12	Sample	NovaSeq
Soil-ITS-F5-R10	F5	R10	16	3	10	B5	NA	Microbiome	NA	Soil	HTCH	A7	Microbiome-Soil-HTCH-A7	Sample	NovaSeq
Soil-ITS-F5-R11	F5	R11	16	3	10	C5	NA	Microbiome	NA	Soil	HTCH	A15	Microbiome-Soil-HTCH-A15	Sample	NovaSeq
Soil-ITS-F5-R12	F5	R12	16	3	10	D5	NA	Microbiome	NA	Soil	LINEAG	C3	Microbiome-Soil-LINEAG-C3	Sample	NovaSeq
Soil-ITS-F5-R13	F5	R13	16	3	10	E5	NA	Microbiome	NA	Soil	LNGDL	A10	Microbiome-Soil-LNGDL-A10	Sample	NovaSeq
Soil-ITS-F5-R14	F5	R14	16	3	10	F5	NA	Microbiome	NA	Soil	LNGDL	A6	Microbiome-Soil-LNGDL-A6	Sample	NovaSeq
Soil-ITS-F5-R15	F5	R15	16	3	10	G5	NA	Microbiome	NA	Soil	LWBKR	C1	Microbiome-Soil-LWBKR-C1	Sample	NovaSeq
Soil-ITS-F5-R16	F5	R16	16	3	10	H5	NA	Microbiome	NA	Soil	MCOU	C4	Microbiome-Soil-MCOU-C4	Sample	NovaSeq
Soil-ITS-F5-R17	NA	NA	NA	NA	NA	NA	NA	Microbiome	NA	Soil	NA	NA	NA	Unused	NovaSeq
Soil-ITS-F5-R18	NA	NA	NA	NA	NA	NA	NA	Microbiome	NA	Soil	NA	NA	NA	Unused	NovaSeq
Soil-ITS-F5-R19	NA	NA	NA	NA	NA	NA	NA	Microbiome	NA	Soil	NA	NA	NA	Unused	NovaSeq
Soil-ITS-F5-R20	NA	NA	NA	NA	NA	NA	NA	Microbiome	NA	Soil	NA	NA	NA	Unused	NovaSeq
Soil-ITS-F5-R21	NA	NA	NA	NA	NA	NA	NA	Microbiome	NA	Soil	NA	NA	NA	Unused	NovaSeq
Soil-ITS-F5-R22	NA	NA	NA	NA	NA	NA	NA	Microbiome	NA	Soil	NA	NA	NA	Unused	NovaSeq
Soil-ITS-F5-R23	NA	NA	NA	NA	NA	NA	NA	Microbiome	NA	Soil	NA	NA	NA	Unused	NovaSeq
Soil-ITS-F5-R24	NA	NA	NA	NA	NA	NA	NA	Microbiome	NA	Soil	NA	NA	NA	Unused	NovaSeq
Soil-ITS-F6-R1	F6	R1	15	3	9	A6	NA	Microbiome	NA	Soil	HRWD	C5	Microbiome-Soil-HRWD-C5	Sample	NovaSeq
Soil-ITS-F6-R2	F6	R2	15	3	9	B6	NA	Microbiome	NA	Soil	LINEAG	C4	Microbiome-Soil-LINEAG-C4	Sample	NovaSeq
Soil-ITS-F6-R3	F6	R3	15	3	9	C6	NA	Microbiome	NA	Soil	LNGDL	C2	Microbiome-Soil-LNGDL-C2	Sample	NovaSeq
Soil-ITS-F6-R4	F6	R4	15	3	9	D6	NA	Microbiome	NA	Soil	LNGDL	A15	Microbiome-Soil-LNGDL-A15	Sample	NovaSeq
Soil-ITS-F6-R5	F6	R5	15	3	9	E6	NA	Microbiome	NA	Soil	LWBKR	C3	Microbiome-Soil-LWBKR-C3	Sample	NovaSeq
Soil-ITS-F6-R6	F6	R6	15	3	9	F6	NA	Microbiome	NA	Soil	MOCCA	C3	Microbiome-Soil-MOCCA-C3	Sample	NovaSeq
Soil-ITS-F6-R7	F6	R7	15	3	9	G6	NA	Microbiome	NA	Soil	MOCCA	A10	Microbiome-Soil-MOCCA-A10	Sample	NovaSeq
Soil-ITS-F6-R8	F6	R8	15	3	9	H6	NA	Microbiome	NA	Soil	MOCCA	A20	Microbiome-Soil-MOCCA-A20	Sample	NovaSeq
Soil-ITS-F6-R9	F6	R9	16	4	15	A5	NA	Microbiome	NA	Soil	MOCCA	A6	Microbiome-Soil-MOCCA-A6	Sample	NovaSeq
Soil-ITS-F6-R10	F6	R10	16	4	15	B5	NA	Microbiome	NA	Soil	MOCCA	A14	Microbiome-Soil-MOCCA-A14	Sample	NovaSeq
Soil-ITS-F6-R11	F6	R11	16	4	15	C5	NA	Microbiome	NA	Soil	MOCCA	A18	Microbiome-Soil-MOCCA-A18	Sample	NovaSeq
Soil-ITS-F6-R12	F6	R12	16	4	15	D5	NA	Microbiome	NA	Soil	RCHMD	A18	Microbiome-Soil-RCHMD-A18	Sample	NovaSeq
Soil-ITS-F6-R13	F6	R13	16	4	15	E5	NA	Microbiome	NA	Soil	RCHMD	C4	Microbiome-Soil-RCHMD-C4	Sample	NovaSeq
Soil-ITS-F6-R14	F6	R14	16	4	15	F5	NA	Microbiome	NA	Soil	RWDN	C4	Microbiome-Soil-RWDN-C4	Sample	NovaSeq
Soil-ITS-F6-R15	F6	R15	16	4	15	G5	NA	Microbiome	NA	Soil	STHWK	C1	Microbiome-Soil-STHWK-C1	Sample	NovaSeq
Soil-ITS-F6-R16	F6	R16	16	4	15	H5	NA	Microbiome	NA	Soil	STHWK	C5	Microbiome-Soil-STHWK-C5	Sample	NovaSeq
Soil-ITS-F6-R17	NA	NA	NA	NA	NA	NA	NA	Microbiome	NA	Soil	NA	NA	NA	Unused	NovaSeq
Soil-ITS-F6-R18	NA	NA	NA	NA	NA	NA	NA	Microbiome	NA	Soil	NA	NA	NA	Unused	NovaSeq
Soil-ITS-F6-R19	NA	NA	NA	NA	NA	NA	NA	Microbiome	NA	Soil	NA	NA	NA	Unused	NovaSeq
Soil-ITS-F6-R20	NA	NA	NA	NA	NA	NA	NA	Microbiome	NA	Soil	NA	NA	NA	Unused	NovaSeq
Soil-ITS-F6-R21	NA	NA	NA	NA	NA	NA	NA	Microbiome	NA	Soil	NA	NA	NA	Unused	NovaSeq
Soil-ITS-F6-R22	NA	NA	NA	NA	NA	NA	NA	Microbiome	NA	Soil	NA	NA	NA	Unused	NovaSeq
Soil-ITS-F6-R23	NA	NA	NA	NA	NA	NA	NA	Microbiome	NA	Soil	NA	NA	NA	Unused	NovaSeq
Soil-ITS-F6-R24	NA	NA	NA	NA	NA	NA	NA	Microbiome	NA	Soil	NA	NA	NA	Unused	NovaSeq
Soil-ITS-F7-R1	F7	R1	15	4	15	A3	NA	Microbiome	NA	Soil	MOCCA	C4	Microbiome-Soil-MOCCA-C4	Sample	NovaSeq
Soil-ITS-F7-R2	F7	R2	15	4	15	B3	NA	Microbiome	NA	Soil	MOCCA	A11	Microbiome-Soil-MOCCA-A11	Sample	NovaSeq
Soil-ITS-F7-R3	F7	R3	15	4	15	C3	NA	Microbiome	NA	Soil	MOCCA	A19	Microbiome-Soil-MOCCA-A19	Sample	NovaSeq
Soil-ITS-F7-R4	F7	R4	15	4	15	D3	NA	Microbiome	NA	Soil	RCHMD	A11	Microbiome-Soil-RCHMD-A11	Sample	NovaSeq
Soil-ITS-F7-R5	F7	R5	15	4	15	E3	NA	Microbiome	NA	Soil	RWDN	C3	Microbiome-Soil-RWDN-C3	Sample	NovaSeq
Soil-ITS-F7-R6	F7	R6	15	4	15	F3	NA	Microbiome	NA	Soil	SAW	C3	Microbiome-Soil-SAW-C3	Sample	NovaSeq
Soil-ITS-F7-R7	F7	R7	15	4	15	G3	NA	Microbiome	NA	Soil	SAW	C1	Microbiome-Soil-SAW-C1	Sample	NovaSeq
Soil-ITS-F7-R8	F7	R8	15	4	15	H3	NA	Microbiome	NA	Soil	STHWK	A15	Microbiome-Soil-STHWK-A15	Sample	NovaSeq
Soil-ITS-F7-R9	F7	R9	16	4	15	A6	NA	Microbiome	NA	Soil	STHWK	A16	Microbiome-Soil-STHWK-A16	Sample	NovaSeq
Soil-ITS-F7-R10	F7	R10	16	4	15	B6	NA	Microbiome	NA	Soil	TAWWD	C3	Microbiome-Soil-TAWWD-C3	Sample	NovaSeq
Soil-ITS-F7-R11	F7	R11	16	4	15	C6	NA	Microbiome	NA	Soil	WINDW	A8	Microbiome-Soil-WINDW-A8	Sample	NovaSeq
Soil-ITS-F7-R12	F7	R12	16	4	15	D6	NA	Microbiome	NA	Soil	ANCST	C3	Microbiome-Soil-ANCST-C3	Sample	NovaSeq
Soil-ITS-F7-R13	F7	R13	16	4	15	E6	NA	Microbiome	NA	Soil	ANCST	C1	Microbiome-Soil-ANCST-C1	Sample	NovaSeq
Soil-ITS-F7-R14	F7	R14	16	4	15	F6	NA	Microbiome	NA	Soil	ATTP	A19	Microbiome-Soil-ATTP-A19	Sample	NovaSeq
Soil-ITS-F7-R15	F7	R15	16	4	15	G6	NA	Microbiome	NA	Soil	BBW	C4	Microbiome-Soil-BBW-C4	Sample	NovaSeq
Soil-ITS-F7-R16	F7	R16	16	4	15	H6	NA	Microbiome	NA	Soil	BBW	C5	Microbiome-Soil-BBW-C5	Sample	NovaSeq
Soil-ITS-F7-R17	NA	NA	NA	NA	NA	NA	NA	Microbiome	NA	Soil	NA	NA	NA	Unused	NovaSeq
Soil-ITS-F7-R18	NA	NA	NA	NA	NA	NA	NA	Microbiome	NA	Soil	NA	NA	NA	Unused	NovaSeq
Soil-ITS-F7-R19	NA	NA	NA	NA	NA	NA	NA	Microbiome	NA	Soil	NA	NA	NA	Unused	NovaSeq
Soil-ITS-F7-R20	NA	NA	NA	NA	NA	NA	NA	Microbiome	NA	Soil	NA	NA	NA	Unused	NovaSeq
Soil-ITS-F7-R21	NA	NA	NA	NA	NA	NA	NA	Microbiome	NA	Soil	NA	NA	NA	Unused	NovaSeq
Soil-ITS-F7-R22	NA	NA	NA	NA	NA	NA	NA	Microbiome	NA	Soil	NA	NA	NA	Unused	NovaSeq
Soil-ITS-F7-R23	NA	NA	NA	NA	NA	NA	NA	Microbiome	NA	Soil	NA	NA	NA	Unused	NovaSeq
Soil-ITS-F7-R24	NA	NA	NA	NA	NA	NA	NA	Microbiome	NA	Soil	NA	NA	NA	Unused	NovaSeq
Soil-ITS-F8-R1	F8	R1	15	3	9	A8	NA	Microbiome	NA	Soil	STHWK	A14	Microbiome-Soil-STHWK-A14	Sample	NovaSeq
Soil-ITS-F8-R2	F8	R2	15	3	9	B8	NA	Microbiome	NA	Soil	STHWK	A8	Microbiome-Soil-STHWK-A8	Sample	NovaSeq
Soil-ITS-F8-R3	F8	R3	15	3	9	C8	NA	Microbiome	NA	Soil	WINDW	A10	Microbiome-Soil-WINDW-A10	Sample	NovaSeq
Soil-ITS-F8-R4	F8	R4	15	3	9	D8	NA	Microbiome	NA	Soil	ANCST	C4	Microbiome-Soil-ANCST-C4	Sample	NovaSeq
Soil-ITS-F8-R5	F8	R5	15	3	9	E8	NA	Microbiome	NA	Soil	ASHC	C5	Microbiome-Soil-ASHC-C5	Sample	NovaSeq
Soil-ITS-F8-R6	F8	R6	15	3	9	F8	NA	Microbiome	NA	Soil	ATTP	A7	Microbiome-Soil-ATTP-A7	Sample	NovaSeq
Soil-ITS-F8-R7	F8	R7	15	3	9	G8	NA	Microbiome	NA	Soil	CDPM	C3	Microbiome-Soil-CDPM-C3	Sample	NovaSeq
Soil-ITS-F8-R8	F8	R8	15	3	9	H8	NA	Microbiome	NA	Soil	CDPM	C4	Microbiome-Soil-CDPM-C4	Sample	NovaSeq
Soil-ITS-F8-R9	F8	R9	16	3	10	A8	NA	Microbiome	NA	Soil	CDPM	C2	Microbiome-Soil-CDPM-C2	Sample	NovaSeq
Soil-ITS-F8-R10	F8	R10	16	3	10	B8	NA	Microbiome	NA	Soil	DYMK	C5	Microbiome-Soil-DYMK-C5	Sample	NovaSeq
Soil-ITS-F8-R11	F8	R11	16	3	10	C8	NA	Microbiome	NA	Soil	GMKW	A13	Microbiome-Soil-GMKW-A13	Sample	NovaSeq
Soil-ITS-F8-R12	F8	R12	16	3	10	D8	NA	Microbiome	NA	Soil	HLKH	A20	Microbiome-Soil-HLKH-A20	Sample	NovaSeq
Soil-ITS-F8-R13	F8	R13	16	3	10	E8	NA	Microbiome	NA	Soil	HLKH	A7	Microbiome-Soil-HLKH-A7	Sample	NovaSeq
Soil-ITS-F8-R14	F8	R14	16	3	10	F8	NA	Microbiome	NA	Soil	HOEF	C1	Microbiome-Soil-HOEF-C1	Sample	NovaSeq
Soil-ITS-F8-R15	F8	R15	16	3	10	G8	NA	Microbiome	NA	Soil	HOEF	A17	Microbiome-Soil-HOEF-A17	Sample	NovaSeq
Soil-ITS-F8-R16	F8	R16	16	3	10	H8	NA	Microbiome	NA	Soil	HOEF	A14	Microbiome-Soil-HOEF-A14	Sample	NovaSeq
Soil-ITS-F8-R17	NA	NA	NA	NA	NA	NA	NA	Microbiome	NA	Soil	NA	NA	NA	Unused	NovaSeq
Soil-ITS-F8-R18	NA	NA	NA	NA	NA	NA	NA	Microbiome	NA	Soil	NA	NA	NA	Unused	NovaSeq
Soil-ITS-F8-R19	NA	NA	NA	NA	NA	NA	NA	Microbiome	NA	Soil	NA	NA	NA	Unused	NovaSeq
Soil-ITS-F8-R20	NA	NA	NA	NA	NA	NA	NA	Microbiome	NA	Soil	NA	NA	NA	Unused	NovaSeq
Soil-ITS-F8-R21	NA	NA	NA	NA	NA	NA	NA	Microbiome	NA	Soil	NA	NA	NA	Unused	NovaSeq
Soil-ITS-F8-R22	NA	NA	NA	NA	NA	NA	NA	Microbiome	NA	Soil	NA	NA	NA	Unused	NovaSeq
Soil-ITS-F8-R23	NA	NA	NA	NA	NA	NA	NA	Microbiome	NA	Soil	NA	NA	NA	Unused	NovaSeq
Soil-ITS-F8-R24	NA	NA	NA	NA	NA	NA	NA	Microbiome	NA	Soil	NA	NA	NA	Unused	NovaSeq
Soil-ITS-F9-R1	F9	R1	15	3	9	A9	NA	Microbiome	NA	Soil	GMKW	A14	Microbiome-Soil-GMKW-A14	Sample	NovaSeq
Soil-ITS-F9-R2	F9	R2	15	3	9	B9	NA	Microbiome	NA	Soil	GMKW	C5	Microbiome-Soil-GMKW-C5	Sample	NovaSeq
Soil-ITS-F9-R3	F9	R3	15	3	9	C9	NA	Microbiome	NA	Soil	HLKH	C1	Microbiome-Soil-HLKH-C1	Sample	NovaSeq
Soil-ITS-F9-R4	F9	R4	15	3	9	D9	NA	Microbiome	NA	Soil	HLKH	A14	Microbiome-Soil-HLKH-A14	Sample	NovaSeq
Soil-ITS-F9-R5	F9	R5	15	3	9	E9	NA	Microbiome	NA	Soil	HOEF	A19	Microbiome-Soil-HOEF-A19	Sample	NovaSeq
Soil-ITS-F9-R6	F9	R6	15	3	9	F9	NA	Microbiome	NA	Soil	HTCH	A6	Microbiome-Soil-HTCH-A6	Sample	NovaSeq
Soil-ITS-F9-R7	F9	R7	15	3	9	G9	NA	Microbiome	NA	Soil	HTCH	A11	Microbiome-Soil-HTCH-A11	Sample	NovaSeq
Soil-ITS-F9-R8	F9	R8	15	3	9	H9	NA	Microbiome	NA	Soil	NA	NA	Microbiome-Soil-Negctrl-15	DNA_Negative	NovaSeq
Soil-ITS-F9-R9	F9	R9	16	3	10	A9	NA	Microbiome	NA	Soil	HTCH	C5	Microbiome-Soil-HTCH-C5	Sample	NovaSeq
Soil-ITS-F9-R10	F9	R10	16	3	10	B9	NA	Microbiome	NA	Soil	HTCH	C2	Microbiome-Soil-HTCH-C2	Sample	NovaSeq
Soil-ITS-F9-R11	F9	R11	16	3	10	C9	NA	Microbiome	NA	Soil	LINEAG	C2	Microbiome-Soil-LINEAG-C2	Sample	NovaSeq
Soil-ITS-F9-R12	F9	R12	16	3	10	D9	NA	Microbiome	NA	Soil	MALDW	C1	Microbiome-Soil-MALDW-C1	Sample	NovaSeq
Soil-ITS-F9-R13	F9	R13	16	3	10	E9	NA	Microbiome	NA	Soil	MCOU	C5	Microbiome-Soil-MCOU-C5	Sample	NovaSeq
Soil-ITS-F9-R14	F9	R14	16	3	10	F9	NA	Microbiome	NA	Soil	MOCCA	A15	Microbiome-Soil-MOCCA-A15	Sample	NovaSeq
Soil-ITS-F9-R15	F9	R15	16	3	10	G9	NA	Microbiome	NA	Soil	MOCCA	C5	Microbiome-Soil-MOCCA-C5	Sample	NovaSeq
Soil-ITS-F9-R16	F9	R16	16	3	10	H9	NA	Microbiome	NA	Soil	NA	NA	Microbiome-Soil-Negctrl-16	DNA_Negative	NovaSeq
Soil-ITS-F9-R17	NA	NA	NA	NA	NA	NA	NA	Microbiome	NA	Soil	NA	NA	NA	Unused	NovaSeq
Soil-ITS-F9-R18	NA	NA	NA	NA	NA	NA	NA	Microbiome	NA	Soil	NA	NA	NA	Unused	NovaSeq
Soil-ITS-F9-R19	NA	NA	NA	NA	NA	NA	NA	Microbiome	NA	Soil	NA	NA	NA	Unused	NovaSeq
Soil-ITS-F9-R20	NA	NA	NA	NA	NA	NA	NA	Microbiome	NA	Soil	NA	NA	NA	Unused	NovaSeq
Soil-ITS-F9-R21	NA	NA	NA	NA	NA	NA	NA	Microbiome	NA	Soil	NA	NA	NA	Unused	NovaSeq
Soil-ITS-F9-R22	NA	NA	NA	NA	NA	NA	NA	Microbiome	NA	Soil	NA	NA	NA	Unused	NovaSeq
Soil-ITS-F9-R23	NA	NA	NA	NA	NA	NA	NA	Microbiome	NA	Soil	NA	NA	NA	Unused	NovaSeq
Soil-ITS-F9-R24	NA	NA	NA	NA	NA	NA	NA	Microbiome	NA	Soil	NA	NA	NA	Unused	NovaSeq
Soil-ITS-F10-R1	F10	R1	16	3	9	A10	NA	Microbiome	NA	Soil	LNGDL	C3	Microbiome-Soil-LNGDL-C3	Sample	NovaSeq
Soil-ITS-F10-R2	F10	R2	16	3	9	B10	NA	Microbiome	NA	Soil	MALDW	C5	Microbiome-Soil-MALDW-C5	Sample	NovaSeq
Soil-ITS-F10-R3	F10	R3	16	3	9	C10	NA	Microbiome	NA	Soil	MTRD	C4	Microbiome-Soil-MTRD-C4	Sample	NovaSeq
Soil-ITS-F10-R4	F10	R4	16	3	9	D10	NA	Microbiome	NA	Soil	MTRD	C3	Microbiome-Soil-MTRD-C3	Sample	NovaSeq
Soil-ITS-F10-R5	F10	R5	16	3	9	E10	NA	Microbiome	NA	Soil	RCHMD	A8	Microbiome-Soil-RCHMD-A8	Sample	NovaSeq
Soil-ITS-F10-R6	F10	R6	16	3	9	F10	NA	Microbiome	NA	Soil	RCHMD	C3	Microbiome-Soil-RCHMD-C3	Sample	NovaSeq
Soil-ITS-F10-R7	F10	R7	16	3	9	G10	NA	Microbiome	NA	Soil	RWDN	C5	Microbiome-Soil-RWDN-C5	Sample	NovaSeq
Soil-ITS-F10-R8	F10	R8	16	3	9	H10	NA	Microbiome	NA	Soil	SAW	C5	Microbiome-Soil-SAW-C5	Sample	NovaSeq
Soil-ITS-F10-R9	F10	R9	17	3	10	A10	NA	Microbiome	NA	Soil	RCHMD	A19	Microbiome-Soil-RCHMD-A19	Sample	NovaSeq
Soil-ITS-F10-R10	F10	R10	17	3	10	B10	NA	Microbiome	NA	Soil	RCHMD	A20	Microbiome-Soil-RCHMD-A20	Sample	NovaSeq
Soil-ITS-F10-R11	F10	R11	17	3	10	C10	NA	Microbiome	NA	Soil	RCHMD	A7	Microbiome-Soil-RCHMD-A7	Sample	NovaSeq
Soil-ITS-F10-R12	F10	R12	17	3	10	D10	NA	Microbiome	NA	Soil	STHWK	C3	Microbiome-Soil-STHWK-C3	Sample	NovaSeq
Soil-ITS-F10-R13	F10	R13	17	3	10	E10	NA	Microbiome	NA	Soil	STHWK	A7	Microbiome-Soil-STHWK-A7	Sample	NovaSeq
Soil-ITS-F10-R14	F10	R14	17	3	10	F10	NA	Microbiome	NA	Soil	STRTS	C2	Microbiome-Soil-STRTS-C2	Sample	NovaSeq
Soil-ITS-F10-R15	F10	R15	17	3	10	G10	NA	Microbiome	NA	Soil	TAWWD	C1	Microbiome-Soil-TAWWD-C1	Sample	NovaSeq
Soil-ITS-F10-R16	F10	R16	17	3	10	H10	NA	Microbiome	NA	Soil	WINDW	A7	Microbiome-Soil-WINDW-A7	Sample	NovaSeq
Soil-ITS-F10-R17	NA	NA	NA	NA	NA	NA	NA	Microbiome	NA	Soil	NA	NA	NA	Unused	NovaSeq
Soil-ITS-F10-R18	NA	NA	NA	NA	NA	NA	NA	Microbiome	NA	Soil	NA	NA	NA	Unused	NovaSeq
Soil-ITS-F10-R19	NA	NA	NA	NA	NA	NA	NA	Microbiome	NA	Soil	NA	NA	NA	Unused	NovaSeq
Soil-ITS-F10-R20	NA	NA	NA	NA	NA	NA	NA	Microbiome	NA	Soil	NA	NA	NA	Unused	NovaSeq
Soil-ITS-F10-R21	NA	NA	NA	NA	NA	NA	NA	Microbiome	NA	Soil	NA	NA	NA	Unused	NovaSeq
Soil-ITS-F10-R22	NA	NA	NA	NA	NA	NA	NA	Microbiome	NA	Soil	NA	NA	NA	Unused	NovaSeq
Soil-ITS-F10-R23	NA	NA	NA	NA	NA	NA	NA	Microbiome	NA	Soil	NA	NA	NA	Unused	NovaSeq
Soil-ITS-F10-R24	NA	NA	NA	NA	NA	NA	NA	Microbiome	NA	Soil	NA	NA	NA	Unused	NovaSeq
Soil-ITS-F11-R1	F11	R1	16	3	9	A11	NA	Microbiome	NA	Soil	SLCY	C1	Microbiome-Soil-SLCY-C1	Sample	NovaSeq
Soil-ITS-F11-R2	F11	R2	16	3	9	B11	NA	Microbiome	NA	Soil	SNDR	C5	Microbiome-Soil-SNDR-C5	Sample	NovaSeq
Soil-ITS-F11-R3	F11	R3	16	3	9	C11	NA	Microbiome	NA	Soil	STHWK	C4	Microbiome-Soil-STHWK-C4	Sample	NovaSeq
Soil-ITS-F11-R4	F11	R4	16	3	9	D11	NA	Microbiome	NA	Soil	STHWK	A11	Microbiome-Soil-STHWK-A11	Sample	NovaSeq
Soil-ITS-F11-R5	F11	R5	16	3	9	E11	NA	Microbiome	NA	Soil	STHWK	A10	Microbiome-Soil-STHWK-A10	Sample	NovaSeq
Soil-ITS-F11-R6	F11	R6	16	3	9	F11	NA	Microbiome	NA	Soil	STRTS	C3	Microbiome-Soil-STRTS-C3	Sample	NovaSeq
Soil-ITS-F11-R7	F11	R7	16	3	9	G11	NA	Microbiome	NA	Soil	WINDW	C4	Microbiome-Soil-WINDW-C4	Sample	NovaSeq
Soil-ITS-F11-R8	F11	R8	16	3	9	H11	NA	Microbiome	NA	Soil	WINDW	A16	Microbiome-Soil-WINDW-A16	Sample	NovaSeq
Soil-ITS-F11-R9	F11	R9	17	3	10	A11	NA	Microbiome	NA	Soil	WINDW	A6	Microbiome-Soil-WINDW-A6	Sample	NovaSeq
Soil-ITS-F11-R10	F11	R10	17	3	10	B11	NA	Microbiome	NA	Soil	ATTP	A6	Microbiome-Soil-ATTP-A6	Sample	NovaSeq
Soil-ITS-F11-R11	F11	R11	17	3	10	C11	NA	Microbiome	NA	Soil	ATTP	A13	Microbiome-Soil-ATTP-A13	Sample	NovaSeq
Soil-ITS-F11-R12	F11	R12	17	3	10	D11	NA	Microbiome	NA	Soil	ATTP	A8	Microbiome-Soil-ATTP-A8	Sample	NovaSeq
Soil-ITS-F11-R13	F11	R13	17	3	10	E11	NA	Microbiome	NA	Soil	ATTP	A9	Microbiome-Soil-ATTP-A9	Sample	NovaSeq
Soil-ITS-F11-R14	F11	R14	17	3	10	F11	NA	Microbiome	NA	Soil	ATTP	A11	Microbiome-Soil-ATTP-A11	Sample	NovaSeq
Soil-ITS-F11-R15	F11	R15	17	3	10	G11	NA	Microbiome	NA	Soil	CDPM	C1	Microbiome-Soil-CDPM-C1	Sample	NovaSeq
Soil-ITS-F11-R16	F11	R16	17	3	10	H11	NA	Microbiome	NA	Soil	CROC	C3	Microbiome-Soil-CROC-C3	Sample	NovaSeq
Soil-ITS-F11-R17	NA	NA	NA	NA	NA	NA	NA	Microbiome	NA	Soil	NA	NA	NA	Unused	NovaSeq
Soil-ITS-F11-R18	NA	NA	NA	NA	NA	NA	NA	Microbiome	NA	Soil	NA	NA	NA	Unused	NovaSeq
Soil-ITS-F11-R19	NA	NA	NA	NA	NA	NA	NA	Microbiome	NA	Soil	NA	NA	NA	Unused	NovaSeq
Soil-ITS-F11-R20	NA	NA	NA	NA	NA	NA	NA	Microbiome	NA	Soil	NA	NA	NA	Unused	NovaSeq
Soil-ITS-F11-R21	NA	NA	NA	NA	NA	NA	NA	Microbiome	NA	Soil	NA	NA	NA	Unused	NovaSeq
Soil-ITS-F11-R22	NA	NA	NA	NA	NA	NA	NA	Microbiome	NA	Soil	NA	NA	NA	Unused	NovaSeq
Soil-ITS-F11-R23	NA	NA	NA	NA	NA	NA	NA	Microbiome	NA	Soil	NA	NA	NA	Unused	NovaSeq
Soil-ITS-F11-R24	NA	NA	NA	NA	NA	NA	NA	Microbiome	NA	Soil	NA	NA	NA	Unused	NovaSeq
Soil-ITS-F12-R1	F12	R1	16	3	9	A12	NA	Microbiome	NA	Soil	WLDCP	C1	Microbiome-Soil-WLDCP-C1	Sample	NovaSeq
Soil-ITS-F12-R2	F12	R2	16	3	9	B12	NA	Microbiome	NA	Soil	ATTP	A15	Microbiome-Soil-ATTP-A15	Sample	NovaSeq
Soil-ITS-F12-R3	F12	R3	16	3	9	C12	NA	Microbiome	NA	Soil	ATTP	A14	Microbiome-Soil-ATTP-A14	Sample	NovaSeq
Soil-ITS-F12-R4	F12	R4	16	3	9	D12	NA	Microbiome	NA	Soil	BBW	C1	Microbiome-Soil-BBW-C1	Sample	NovaSeq
Soil-ITS-F12-R5	F12	R5	16	3	9	E12	NA	Microbiome	NA	Soil	CDS	C5	Microbiome-Soil-CDS-C5	Sample	NovaSeq
Soil-ITS-F12-R6	F12	R6	16	3	9	F12	NA	Microbiome	NA	Soil	CDS	C3	Microbiome-Soil-CDS-C3	Sample	NovaSeq
Soil-ITS-F12-R7	F12	R7	16	3	9	G12	NA	Microbiome	NA	Soil	DYMK	C4	Microbiome-Soil-DYMK-C4	Sample	NovaSeq
Soil-ITS-F12-R8	F12	R8	16	3	9	H12	NA	Microbiome	NA	Soil	GMKW	A6	Microbiome-Soil-GMKW-A6	Sample	NovaSeq
Soil-ITS-F12-R9	F12	R9	17	4	15	A7	NA	Microbiome	NA	Soil	CROC	C1	Microbiome-Soil-CROC-C1	Sample	NovaSeq
Soil-ITS-F12-R10	F12	R10	17	4	15	B7	NA	Microbiome	NA	Soil	GMKW	A7	Microbiome-Soil-GMKW-A7	Sample	NovaSeq
Soil-ITS-F12-R11	F12	R11	17	4	15	C7	NA	Microbiome	NA	Soil	GMKW	A9	Microbiome-Soil-GMKW-A9	Sample	NovaSeq
Soil-ITS-F12-R12	F12	R12	17	4	15	D7	NA	Microbiome	NA	Soil	HOEF	C3	Microbiome-Soil-HOEF-C3	Sample	NovaSeq
Soil-ITS-F12-R13	F12	R13	17	4	15	E7	NA	Microbiome	NA	Soil	HTCH	A14	Microbiome-Soil-HTCH-A14	Sample	NovaSeq
Soil-ITS-F12-R14	F12	R14	17	4	15	F7	NA	Microbiome	NA	Soil	HTCH	A8	Microbiome-Soil-HTCH-A8	Sample	NovaSeq
Soil-ITS-F12-R15	F12	R15	17	4	15	G7	NA	Microbiome	NA	Soil	LNGDL	A8	Microbiome-Soil-LNGDL-A8	Sample	NovaSeq
Soil-ITS-F12-R16	F12	R16	17	4	15	H7	NA	Microbiome	NA	Soil	LNGDL	C5	Microbiome-Soil-LNGDL-C5	Sample	NovaSeq
Soil-ITS-F12-R17	NA	NA	NA	NA	NA	NA	NA	Microbiome	NA	Soil	NA	NA	NA	Unused	NovaSeq
Soil-ITS-F12-R18	NA	NA	NA	NA	NA	NA	NA	Microbiome	NA	Soil	NA	NA	NA	Unused	NovaSeq
Soil-ITS-F12-R19	NA	NA	NA	NA	NA	NA	NA	Microbiome	NA	Soil	NA	NA	NA	Unused	NovaSeq
Soil-ITS-F12-R20	NA	NA	NA	NA	NA	NA	NA	Microbiome	NA	Soil	NA	NA	NA	Unused	NovaSeq
Soil-ITS-F12-R21	NA	NA	NA	NA	NA	NA	NA	Microbiome	NA	Soil	NA	NA	NA	Unused	NovaSeq
Soil-ITS-F12-R22	NA	NA	NA	NA	NA	NA	NA	Microbiome	NA	Soil	NA	NA	NA	Unused	NovaSeq
Soil-ITS-F12-R23	NA	NA	NA	NA	NA	NA	NA	Microbiome	NA	Soil	NA	NA	NA	Unused	NovaSeq
Soil-ITS-F12-R24	NA	NA	NA	NA	NA	NA	NA	Microbiome	NA	Soil	NA	NA	NA	Unused	NovaSeq
Soil-ITS-F13-R1	F13	R1	18	4	16	A3	NA	Microbiome	NA	Soil	RCHMD	A9	Microbiome-Soil-RCHMD-A9	Sample	NovaSeq
Soil-ITS-F13-R2	F13	R2	18	4	16	B3	NA	Microbiome	NA	Soil	RCHMD	A16	Microbiome-Soil-RCHMD-A16	Sample	NovaSeq
Soil-ITS-F13-R3	F13	R3	18	4	16	C3	NA	Microbiome	NA	Soil	RCHMD	C5	Microbiome-Soil-RCHMD-C5	Sample	NovaSeq
Soil-ITS-F13-R4	F13	R4	18	4	16	D3	NA	Microbiome	NA	Soil	SAW	C2	Microbiome-Soil-SAW-C2	Sample	NovaSeq
Soil-ITS-F13-R5	F13	R5	18	4	16	E3	NA	Microbiome	NA	Soil	STRTS	C5	Microbiome-Soil-STRTS-C5	Sample	NovaSeq
Soil-ITS-F13-R6	F13	R6	18	4	16	F3	NA	Microbiome	NA	Soil	TAWWD	C5	Microbiome-Soil-TAWWD-C5	Sample	NovaSeq
Soil-ITS-F13-R7	F13	R7	18	4	16	G3	NA	Microbiome	NA	Soil	WINDW	A17	Microbiome-Soil-WINDW-A17	Sample	NovaSeq
Soil-ITS-F13-R8	F13	R8	18	4	16	H3	NA	Microbiome	NA	Soil	WINDW	A15	Microbiome-Soil-WINDW-A15	Sample	NovaSeq
Soil-ITS-F13-R9	NA	NA	NA	NA	NA	NA	NA	Microbiome	NA	Soil	NA	NA	NA	Unused	NovaSeq
Soil-ITS-F13-R10	NA	NA	NA	NA	NA	NA	NA	Microbiome	NA	Soil	NA	NA	NA	Unused	NovaSeq
Soil-ITS-F13-R11	NA	NA	NA	NA	NA	NA	NA	Microbiome	NA	Soil	NA	NA	NA	Unused	NovaSeq
Soil-ITS-F13-R12	NA	NA	NA	NA	NA	NA	NA	Microbiome	NA	Soil	NA	NA	NA	Unused	NovaSeq
Soil-ITS-F13-R13	NA	NA	NA	NA	NA	NA	NA	Microbiome	NA	Soil	NA	NA	NA	Unused	NovaSeq
Soil-ITS-F13-R14	NA	NA	NA	NA	NA	NA	NA	Microbiome	NA	Soil	NA	NA	NA	Unused	NovaSeq
Soil-ITS-F13-R15	NA	NA	NA	NA	NA	NA	NA	Microbiome	NA	Soil	NA	NA	NA	Unused	NovaSeq
Soil-ITS-F13-R16	NA	NA	NA	NA	NA	NA	NA	Microbiome	NA	Soil	NA	NA	NA	Unused	NovaSeq
Soil-ITS-F13-R17	F13	R17	17	3	11	A1	NA	Microbiome	NA	Soil	LNGDL	A12	Microbiome-Soil-LNGDL-A12	Sample	NovaSeq
Soil-ITS-F13-R18	F13	R18	17	3	11	B1	NA	Microbiome	NA	Soil	LNGDL	A17	Microbiome-Soil-LNGDL-A17	Sample	NovaSeq
Soil-ITS-F13-R19	F13	R19	17	3	11	C1	NA	Microbiome	NA	Soil	LNGDL	A19	Microbiome-Soil-LNGDL-A19	Sample	NovaSeq
Soil-ITS-F13-R20	F13	R20	17	3	11	D1	NA	Microbiome	NA	Soil	LWBKR	C5	Microbiome-Soil-LWBKR-C5	Sample	NovaSeq
Soil-ITS-F13-R21	F13	R21	17	3	11	E1	NA	Microbiome	NA	Soil	MALDW	C2	Microbiome-Soil-MALDW-C2	Sample	NovaSeq
Soil-ITS-F13-R22	F13	R22	17	3	11	F1	NA	Microbiome	NA	Soil	MOCCA	C2	Microbiome-Soil-MOCCA-C2	Sample	NovaSeq
Soil-ITS-F13-R23	F13	R23	17	3	11	G1	NA	Microbiome	NA	Soil	MOCCA	A12	Microbiome-Soil-MOCCA-A12	Sample	NovaSeq
Soil-ITS-F13-R24	F13	R24	17	3	11	H1	NA	Microbiome	NA	Soil	RCHMD	A14	Microbiome-Soil-RCHMD-A14	Sample	NovaSeq
Soil-ITS-F14-R1	F14	R1	18	4	16	A4	NA	Microbiome	NA	Soil	CDS	C1	Microbiome-Soil-CDS-C1	Sample	NovaSeq
Soil-ITS-F14-R2	F14	R2	18	4	16	B4	NA	Microbiome	NA	Soil	CDS	C2	Microbiome-Soil-CDS-C2	Sample	NovaSeq
Soil-ITS-F14-R3	F14	R3	18	4	16	C4	NA	Microbiome	NA	Soil	HLKH	A11	Microbiome-Soil-HLKH-A11	Sample	NovaSeq
Soil-ITS-F14-R4	F14	R4	18	4	16	D4	NA	Microbiome	NA	Soil	HRWD	C1	Microbiome-Soil-HRWD-C1	Sample	NovaSeq
Soil-ITS-F14-R5	F14	R5	18	4	16	E4	NA	Microbiome	NA	Soil	LNGDL	A20	Microbiome-Soil-LNGDL-A20	Sample	NovaSeq
Soil-ITS-F14-R6	F14	R6	18	4	16	F4	NA	Microbiome	NA	Soil	LWBKR	C4	Microbiome-Soil-LWBKR-C4	Sample	NovaSeq
Soil-ITS-F14-R7	F14	R7	18	4	16	G4	NA	Microbiome	NA	Soil	SLCY	C5	Microbiome-Soil-SLCY-C5	Sample	NovaSeq
Soil-ITS-F14-R8	F14	R8	18	4	16	H4	NA	Microbiome	NA	Soil	STHWK	C2	Microbiome-Soil-STHWK-C2	Sample	NovaSeq
Soil-ITS-F14-R9	NA	NA	NA	NA	NA	NA	NA	Microbiome	NA	Soil	NA	NA	NA	Unused	NovaSeq
Soil-ITS-F14-R10	NA	NA	NA	NA	NA	NA	NA	Microbiome	NA	Soil	NA	NA	NA	Unused	NovaSeq
Soil-ITS-F14-R11	NA	NA	NA	NA	NA	NA	NA	Microbiome	NA	Soil	NA	NA	NA	Unused	NovaSeq
Soil-ITS-F14-R12	NA	NA	NA	NA	NA	NA	NA	Microbiome	NA	Soil	NA	NA	NA	Unused	NovaSeq
Soil-ITS-F14-R13	NA	NA	NA	NA	NA	NA	NA	Microbiome	NA	Soil	NA	NA	NA	Unused	NovaSeq
Soil-ITS-F14-R14	NA	NA	NA	NA	NA	NA	NA	Microbiome	NA	Soil	NA	NA	NA	Unused	NovaSeq
Soil-ITS-F14-R15	NA	NA	NA	NA	NA	NA	NA	Microbiome	NA	Soil	NA	NA	NA	Unused	NovaSeq
Soil-ITS-F14-R16	NA	NA	NA	NA	NA	NA	NA	Microbiome	NA	Soil	NA	NA	NA	Unused	NovaSeq
Soil-ITS-F14-R17	F14	R17	17	4	15	A8	NA	Microbiome	NA	Soil	SAW	C4	Microbiome-Soil-SAW-C4	Sample	NovaSeq
Soil-ITS-F14-R18	F14	R18	17	4	15	B8	NA	Microbiome	NA	Soil	SLCY	C4	Microbiome-Soil-SLCY-C4	Sample	NovaSeq
Soil-ITS-F14-R19	F14	R19	17	4	15	C8	NA	Microbiome	NA	Soil	SNDR	C2	Microbiome-Soil-SNDR-C2	Sample	NovaSeq
Soil-ITS-F14-R20	F14	R20	17	4	15	D8	NA	Microbiome	NA	Soil	STHWK	A9	Microbiome-Soil-STHWK-A9	Sample	NovaSeq
Soil-ITS-F14-R21	F14	R21	17	4	15	E8	NA	Microbiome	NA	Soil	WINDW	A14	Microbiome-Soil-WINDW-A14	Sample	NovaSeq
Soil-ITS-F14-R22	F14	R22	17	4	15	F8	NA	Microbiome	NA	Soil	WINDW	A11	Microbiome-Soil-WINDW-A11	Sample	NovaSeq
Soil-ITS-F14-R23	F14	R23	17	4	15	G8	NA	Microbiome	NA	Soil	ANCST	C2	Microbiome-Soil-ANCST-C2	Sample	NovaSeq
Soil-ITS-F14-R24	F14	R24	17	4	15	H8	NA	Microbiome	NA	Soil	ASHC	C3	Microbiome-Soil-ASHC-C3	Sample	NovaSeq
Soil-ITS-F15-R1	F15	R1	18	4	16	A5	NA	Microbiome	NA	Soil	WINDW	A20	Microbiome-Soil-WINDW-A20	Sample	NovaSeq
Soil-ITS-F15-R2	F15	R2	18	4	16	B5	NA	Microbiome	NA	Soil	WLDCP	C5	Microbiome-Soil-WLDCP-C5	Sample	NovaSeq
Soil-ITS-F15-R3	F15	R3	18	4	16	C5	NA	Microbiome	NA	Soil	MOCCA	CE28	Microbiome-Soil-MOCCA-CE28	Sample	NovaSeq
Soil-ITS-F15-R4	F15	R4	18	4	16	D5	NA	Microbiome	NA	Soil	MOCCA	E39	Microbiome-Soil-MOCCA-E39	Sample	NovaSeq
Soil-ITS-F15-R5	F15	R5	18	4	16	E5	NA	Microbiome	NA	Soil	MOCCA	CE22	Microbiome-Soil-MOCCA-CE22	Sample	NovaSeq
Soil-ITS-F15-R6	F15	R6	18	4	16	F5	NA	Microbiome	NA	Soil	MOCCA	E40	Microbiome-Soil-MOCCA-E40	Sample	NovaSeq
Soil-ITS-F15-R7	F15	R7	18	4	16	G5	NA	Microbiome	NA	Soil	MOCCA	E45	Microbiome-Soil-MOCCA-E45	Sample	NovaSeq
Soil-ITS-F15-R8	F15	R8	18	4	16	H5	NA	Microbiome	NA	Soil	MOCCA	CE27	Microbiome-Soil-MOCCA-CE27	Sample	NovaSeq
Soil-ITS-F15-R9	NA	NA	NA	NA	NA	NA	NA	Microbiome	NA	Soil	NA	NA	NA	Unused	NovaSeq
Soil-ITS-F15-R10	NA	NA	NA	NA	NA	NA	NA	Microbiome	NA	Soil	NA	NA	NA	Unused	NovaSeq
Soil-ITS-F15-R11	NA	NA	NA	NA	NA	NA	NA	Microbiome	NA	Soil	NA	NA	NA	Unused	NovaSeq
Soil-ITS-F15-R12	NA	NA	NA	NA	NA	NA	NA	Microbiome	NA	Soil	NA	NA	NA	Unused	NovaSeq
Soil-ITS-F15-R13	NA	NA	NA	NA	NA	NA	NA	Microbiome	NA	Soil	NA	NA	NA	Unused	NovaSeq
Soil-ITS-F15-R14	NA	NA	NA	NA	NA	NA	NA	Microbiome	NA	Soil	NA	NA	NA	Unused	NovaSeq
Soil-ITS-F15-R15	NA	NA	NA	NA	NA	NA	NA	Microbiome	NA	Soil	NA	NA	NA	Unused	NovaSeq
Soil-ITS-F15-R16	NA	NA	NA	NA	NA	NA	NA	Microbiome	NA	Soil	NA	NA	NA	Unused	NovaSeq
Soil-ITS-F15-R17	F15	R17	17	4	15	A9	NA	Microbiome	NA	Soil	ASHC	C2	Microbiome-Soil-ASHC-C2	Sample	NovaSeq
Soil-ITS-F15-R18	F15	R18	17	4	15	B9	NA	Microbiome	NA	Soil	DYMK	C3	Microbiome-Soil-DYMK-C3	Sample	NovaSeq
Soil-ITS-F15-R19	F15	R19	17	4	15	C9	NA	Microbiome	NA	Soil	DYMK	C2	Microbiome-Soil-DYMK-C2	Sample	NovaSeq
Soil-ITS-F15-R20	F15	R20	17	4	15	D9	NA	Microbiome	NA	Soil	GMKW	A16	Microbiome-Soil-GMKW-A16	Sample	NovaSeq
Soil-ITS-F15-R21	F15	R21	17	4	15	E9	NA	Microbiome	NA	Soil	HLKH	A8	Microbiome-Soil-HLKH-A8	Sample	NovaSeq
Soil-ITS-F15-R22	F15	R22	17	4	15	F9	NA	Microbiome	NA	Soil	HLKH	C2	Microbiome-Soil-HLKH-C2	Sample	NovaSeq
Soil-ITS-F15-R23	F15	R23	17	4	15	G9	NA	Microbiome	NA	Soil	HLKH	A19	Microbiome-Soil-HLKH-A19	Sample	NovaSeq
Soil-ITS-F15-R24	F15	R24	17	4	15	H9	NA	Microbiome	NA	Soil	HLKH	A13	Microbiome-Soil-HLKH-A13	Sample	NovaSeq
Soil-ITS-F16-R1	F16	R1	18	3	12	A4	NA	Microbiome	NA	Soil	MOCCA	E38	Microbiome-Soil-MOCCA-E38	Sample	NovaSeq
Soil-ITS-F16-R2	F16	R2	18	3	12	B4	NA	Microbiome	NA	Soil	MOCCA	E31	Microbiome-Soil-MOCCA-E31	Sample	NovaSeq
Soil-ITS-F16-R3	F16	R3	19	3	12	C4	NA	Microbiome	NA	Soil	MOCCA	E32	Microbiome-Soil-MOCCA-E32	Sample	NovaSeq
Soil-ITS-F16-R4	F16	R4	19	3	12	D4	NA	Microbiome	NA	Soil	MOCCA	CE26	Microbiome-Soil-MOCCA-CE26	Sample	NovaSeq
Soil-ITS-F16-R5	F16	R5	19	3	12	E4	NA	Microbiome	NA	Soil	MOCCA	CE23	Microbiome-Soil-MOCCA-CE23	Sample	NovaSeq
Soil-ITS-F16-R6	F16	R6	19	3	12	F4	NA	Microbiome	NA	Soil	MOCCA	E41	Microbiome-Soil-MOCCA-E41	Sample	NovaSeq
Soil-ITS-F16-R7	F16	R7	19	3	12	G4	NA	Microbiome	NA	Soil	MOCCA	E43	Microbiome-Soil-MOCCA-E43	Sample	NovaSeq
Soil-ITS-F16-R8	F16	R8	19	3	12	H4	NA	Microbiome	NA	Soil	MOCCA	CE21	Microbiome-Soil-MOCCA-CE21	Sample	NovaSeq
Soil-ITS-F16-R9	NA	NA	NA	NA	NA	NA	NA	Microbiome	NA	Soil	NA	NA	NA	Unused	NovaSeq
Soil-ITS-F16-R10	NA	NA	NA	NA	NA	NA	NA	Microbiome	NA	Soil	NA	NA	NA	Unused	NovaSeq
Soil-ITS-F16-R11	NA	NA	NA	NA	NA	NA	NA	Microbiome	NA	Soil	NA	NA	NA	Unused	NovaSeq
Soil-ITS-F16-R12	NA	NA	NA	NA	NA	NA	NA	Microbiome	NA	Soil	NA	NA	NA	Unused	NovaSeq
Soil-ITS-F16-R13	NA	NA	NA	NA	NA	NA	NA	Microbiome	NA	Soil	NA	NA	NA	Unused	NovaSeq
Soil-ITS-F16-R14	NA	NA	NA	NA	NA	NA	NA	Microbiome	NA	Soil	NA	NA	NA	Unused	NovaSeq
Soil-ITS-F16-R15	NA	NA	NA	NA	NA	NA	NA	Microbiome	NA	Soil	NA	NA	NA	Unused	NovaSeq
Soil-ITS-F16-R16	NA	NA	NA	NA	NA	NA	NA	Microbiome	NA	Soil	NA	NA	NA	Unused	NovaSeq
Soil-ITS-F16-R17	F16	R17	17	4	15	A10	NA	Microbiome	NA	Soil	NA	NA	Microbiome-Soil-Negctrl-1-17	DNA_Negative	NovaSeq
Soil-ITS-F16-R18	F16	R18	17	4	15	B10	NA	Microbiome	NA	Soil	NA	NA	Microbiome-Soil-Negctrl-2-17	DNA_Negative	NovaSeq
Soil-ITS-F16-R19	F16	R19	18	4	15	C10	NA	Microbiome	NA	Soil	HOEF	A18	Microbiome-Soil-HOEF-A18	Sample	NovaSeq
Soil-ITS-F16-R20	F16	R20	18	4	15	D10	NA	Microbiome	NA	Soil	HRWD	C4	Microbiome-Soil-HRWD-C4	Sample	NovaSeq
Soil-ITS-F16-R21	F16	R21	18	4	15	E10	NA	Microbiome	NA	Soil	HTCH	A20	Microbiome-Soil-HTCH-A20	Sample	NovaSeq
Soil-ITS-F16-R22	F16	R22	18	4	15	F10	NA	Microbiome	NA	Soil	LNGDL	C1	Microbiome-Soil-LNGDL-C1	Sample	NovaSeq
Soil-ITS-F16-R23	F16	R23	18	4	15	G10	NA	Microbiome	NA	Soil	LNGDL	A13	Microbiome-Soil-LNGDL-A13	Sample	NovaSeq
Soil-ITS-F16-R24	F16	R24	18	4	15	H10	NA	Microbiome	NA	Soil	LNGDL	A18	Microbiome-Soil-LNGDL-A18	Sample	NovaSeq
Soil-ITS-F17-R1	F17	R1	19	4	16	A6	NA	Microbiome	NA	Soil	MOCCA	E33	Microbiome-Soil-MOCCA-E33	Sample	NovaSeq
Soil-ITS-F17-R2	F17	R2	19	4	16	B6	NA	Microbiome	NA	Soil	MOCCA	E42	Microbiome-Soil-MOCCA-E42	Sample	NovaSeq
Soil-ITS-F17-R3	F17	R3	19	4	16	C6	NA	Microbiome	NA	Soil	MOCCA	E35	Microbiome-Soil-MOCCA-E35	Sample	NovaSeq
Soil-ITS-F17-R4	F17	R4	19	4	16	D6	NA	Microbiome	NA	Soil	STHWK	E35	Microbiome-Soil-STHWK-E35	Sample	NovaSeq
Soil-ITS-F17-R5	F17	R5	19	4	16	E6	NA	Microbiome	NA	Soil	STHWK	E34	Microbiome-Soil-STHWK-E34	Sample	NovaSeq
Soil-ITS-F17-R6	F17	R6	19	4	16	F6	NA	Microbiome	NA	Soil	STHWK	E40	Microbiome-Soil-STHWK-E40	Sample	NovaSeq
Soil-ITS-F17-R7	F17	R7	19	4	16	G6	NA	Microbiome	NA	Soil	STHWK	CE21	Microbiome-Soil-STHWK-CE21	Sample	NovaSeq
Soil-ITS-F17-R8	F17	R8	19	4	16	H6	NA	Microbiome	NA	Soil	STHWK	CE25	Microbiome-Soil-STHWK-CE25	Sample	NovaSeq
Soil-ITS-F17-R9	NA	NA	NA	NA	NA	NA	NA	Microbiome	NA	Soil	NA	NA	NA	Unused	NovaSeq
Soil-ITS-F17-R10	NA	NA	NA	NA	NA	NA	NA	Microbiome	NA	Soil	NA	NA	NA	Unused	NovaSeq
Soil-ITS-F17-R11	NA	NA	NA	NA	NA	NA	NA	Microbiome	NA	Soil	NA	NA	NA	Unused	NovaSeq
Soil-ITS-F17-R12	NA	NA	NA	NA	NA	NA	NA	Microbiome	NA	Soil	NA	NA	NA	Unused	NovaSeq
Soil-ITS-F17-R13	NA	NA	NA	NA	NA	NA	NA	Microbiome	NA	Soil	NA	NA	NA	Unused	NovaSeq
Soil-ITS-F17-R14	NA	NA	NA	NA	NA	NA	NA	Microbiome	NA	Soil	NA	NA	NA	Unused	NovaSeq
Soil-ITS-F17-R15	NA	NA	NA	NA	NA	NA	NA	Microbiome	NA	Soil	NA	NA	NA	Unused	NovaSeq
Soil-ITS-F17-R16	NA	NA	NA	NA	NA	NA	NA	Microbiome	NA	Soil	NA	NA	NA	Unused	NovaSeq
Soil-ITS-F17-R17	F17	R17	18	4	15	A11	NA	Microbiome	NA	Soil	LWBKR	C2	Microbiome-Soil-LWBKR-C2	Sample	NovaSeq
Soil-ITS-F17-R18	F17	R18	18	4	15	B11	NA	Microbiome	NA	Soil	MCOU	C3	Microbiome-Soil-MCOU-C3	Sample	NovaSeq
Soil-ITS-F17-R19	F17	R19	18	4	15	C11	NA	Microbiome	NA	Soil	MCOU	C1	Microbiome-Soil-MCOU-C1	Sample	NovaSeq
Soil-ITS-F17-R20	F17	R20	18	4	15	D11	NA	Microbiome	NA	Soil	MTRD	C5	Microbiome-Soil-MTRD-C5	Sample	NovaSeq
Soil-ITS-F17-R21	F17	R21	18	4	15	E11	NA	Microbiome	NA	Soil	MTRD	C2	Microbiome-Soil-MTRD-C2	Sample	NovaSeq
Soil-ITS-F17-R22	F17	R22	18	4	15	F11	NA	Microbiome	NA	Soil	RCHMD	A13	Microbiome-Soil-RCHMD-A13	Sample	NovaSeq
Soil-ITS-F17-R23	F17	R23	18	4	15	G11	NA	Microbiome	NA	Soil	STHWK	A19	Microbiome-Soil-STHWK-A19	Sample	NovaSeq
Soil-ITS-F17-R24	F17	R24	18	4	15	H11	NA	Microbiome	NA	Soil	WINDW	A9	Microbiome-Soil-WINDW-A9	Sample	NovaSeq
Soil-ITS-F18-R1	F18	R1	19	3	12	A6	NA	Microbiome	NA	Soil	STHWK	E32	Microbiome-Soil-STHWK-E32	Sample	NovaSeq
Soil-ITS-F18-R2	F18	R2	19	3	12	B6	NA	Microbiome	NA	Soil	STHWK	E36	Microbiome-Soil-STHWK-E36	Sample	NovaSeq
Soil-ITS-F18-R3	F18	R3	19	3	12	C6	NA	Microbiome	NA	Soil	STHWK	CE23	Microbiome-Soil-STHWK-CE23	Sample	NovaSeq
Soil-ITS-F18-R4	F18	R4	19	3	12	D6	NA	Microbiome	NA	Soil	STHWK	CE28	Microbiome-Soil-STHWK-CE28	Sample	NovaSeq
Soil-ITS-F18-R5	F18	R5	19	3	12	E6	NA	Microbiome	NA	Soil	STHWK	E39	Microbiome-Soil-STHWK-E39	Sample	NovaSeq
Soil-ITS-F18-R6	F18	R6	19	3	12	F6	NA	Microbiome	NA	Soil	STHWK	E43	Microbiome-Soil-STHWK-E43	Sample	NovaSeq
Soil-ITS-F18-R7	F18	R7	19	3	12	G6	NA	Microbiome	NA	Soil	STHWK	CE29	Microbiome-Soil-STHWK-CE29	Sample	NovaSeq
Soil-ITS-F18-R8	F18	R8	19	3	12	H6	NA	Microbiome	NA	Soil	MOCCA	E34	Microbiome-Soil-MOCCA-E34	Sample	NovaSeq
Soil-ITS-F18-R9	NA	NA	NA	NA	NA	NA	NA	Microbiome	NA	Soil	NA	NA	NA	Unused	NovaSeq
Soil-ITS-F18-R10	NA	NA	NA	NA	NA	NA	NA	Microbiome	NA	Soil	NA	NA	NA	Unused	NovaSeq
Soil-ITS-F18-R11	NA	NA	NA	NA	NA	NA	NA	Microbiome	NA	Soil	NA	NA	NA	Unused	NovaSeq
Soil-ITS-F18-R12	NA	NA	NA	NA	NA	NA	NA	Microbiome	NA	Soil	NA	NA	NA	Unused	NovaSeq
Soil-ITS-F18-R13	NA	NA	NA	NA	NA	NA	NA	Microbiome	NA	Soil	NA	NA	NA	Unused	NovaSeq
Soil-ITS-F18-R14	NA	NA	NA	NA	NA	NA	NA	Microbiome	NA	Soil	NA	NA	NA	Unused	NovaSeq
Soil-ITS-F18-R15	NA	NA	NA	NA	NA	NA	NA	Microbiome	NA	Soil	NA	NA	NA	Unused	NovaSeq
Soil-ITS-F18-R16	NA	NA	NA	NA	NA	NA	NA	Microbiome	NA	Soil	NA	NA	NA	Unused	NovaSeq
Soil-ITS-F18-R17	F18	R17	18	4	15	A12	NA	Microbiome	NA	Soil	WINDW	A12	Microbiome-Soil-WINDW-A12	Sample	NovaSeq
Soil-ITS-F18-R18	F18	R18	18	4	15	B12	NA	Microbiome	NA	Soil	WINDW	C2	Microbiome-Soil-WINDW-C2	Sample	NovaSeq
Soil-ITS-F18-R19	F18	R19	18	4	15	C12	NA	Microbiome	NA	Soil	WINDW	C1	Microbiome-Soil-WINDW-C1	Sample	NovaSeq
Soil-ITS-F18-R20	F18	R20	18	4	15	D12	NA	Microbiome	NA	Soil	WLDCP	C2	Microbiome-Soil-WLDCP-C2	Sample	NovaSeq
Soil-ITS-F18-R21	F18	R21	18	4	15	E12	NA	Microbiome	NA	Soil	WLDCP	C3	Microbiome-Soil-WLDCP-C3	Sample	NovaSeq
Soil-ITS-F18-R22	F18	R22	18	4	15	F12	NA	Microbiome	NA	Soil	ASHC	C6	Microbiome-Soil-ASHC-C6	Sample	NovaSeq
Soil-ITS-F18-R23	F18	R23	18	4	15	G12	NA	Microbiome	NA	Soil	ASHC	C1	Microbiome-Soil-ASHC-C1	Sample	NovaSeq
Soil-ITS-F18-R24	F18	R24	18	4	15	H12	NA	Microbiome	NA	Soil	ATTP	A17	Microbiome-Soil-ATTP-A17	Sample	NovaSeq
Soil-ITS-F19-R1	F19	R1	19	3	12	A7	NA	Microbiome	NA	Soil	MOCCA	E37	Microbiome-Soil-MOCCA-E37	Sample	NovaSeq
Soil-ITS-F19-R2	F19	R2	19	3	12	B7	NA	Microbiome	NA	Soil	MOCCA	CE25	Microbiome-Soil-MOCCA-CE25	Sample	NovaSeq
Soil-ITS-F19-R3	F19	R3	19	3	12	C7	NA	Microbiome	NA	Soil	MOCCA	CE24	Microbiome-Soil-MOCCA-CE24	Sample	NovaSeq
Soil-ITS-F19-R4	F19	R4	19	3	12	D7	NA	Microbiome	NA	Soil	MOCCA	E44	Microbiome-Soil-MOCCA-E44	Sample	NovaSeq
Soil-ITS-F19-R5	F19	R5	19	3	12	E7	NA	Microbiome	NA	Soil	MOCCA	CE30	Microbiome-Soil-MOCCA-CE30	Sample	NovaSeq
Soil-ITS-F19-R6	F19	R6	19	3	12	F7	NA	Microbiome	NA	Soil	MOCCA	E36	Microbiome-Soil-MOCCA-E36	Sample	NovaSeq
Soil-ITS-F19-R7	F19	R7	19	3	12	G7	NA	Microbiome	NA	Soil	MOCCA	CE29	Microbiome-Soil-MOCCA-CE29	Sample	NovaSeq
Soil-ITS-F19-R8	F19	R8	19	3	12	H7	NA	Microbiome	NA	Soil	STHWK	E33	Microbiome-Soil-STHWK-E33	Sample	NovaSeq
Soil-ITS-F19-R9	NA	NA	NA	NA	NA	NA	NA	Microbiome	NA	Soil	NA	NA	NA	Unused	NovaSeq
Soil-ITS-F19-R10	NA	NA	NA	NA	NA	NA	NA	Microbiome	NA	Soil	NA	NA	NA	Unused	NovaSeq
Soil-ITS-F19-R11	NA	NA	NA	NA	NA	NA	NA	Microbiome	NA	Soil	NA	NA	NA	Unused	NovaSeq
Soil-ITS-F19-R12	NA	NA	NA	NA	NA	NA	NA	Microbiome	NA	Soil	NA	NA	NA	Unused	NovaSeq
Soil-ITS-F19-R13	NA	NA	NA	NA	NA	NA	NA	Microbiome	NA	Soil	NA	NA	NA	Unused	NovaSeq
Soil-ITS-F19-R14	NA	NA	NA	NA	NA	NA	NA	Microbiome	NA	Soil	NA	NA	NA	Unused	NovaSeq
Soil-ITS-F19-R15	NA	NA	NA	NA	NA	NA	NA	Microbiome	NA	Soil	NA	NA	NA	Unused	NovaSeq
Soil-ITS-F19-R16	NA	NA	NA	NA	NA	NA	NA	Microbiome	NA	Soil	NA	NA	NA	Unused	NovaSeq
Soil-ITS-F19-R17	F19	R17	18	3	11	A7	NA	Microbiome	NA	Soil	BBW	C3	Microbiome-Soil-BBW-C3	Sample	NovaSeq
Soil-ITS-F19-R18	F19	R18	18	3	11	B7	NA	Microbiome	NA	Soil	CDS	C4	Microbiome-Soil-CDS-C4	Sample	NovaSeq
Soil-ITS-F19-R19	F19	R19	18	3	11	C7	NA	Microbiome	NA	Soil	GMKW	A8	Microbiome-Soil-GMKW-A8	Sample	NovaSeq
Soil-ITS-F19-R20	F19	R20	18	3	11	D7	NA	Microbiome	NA	Soil	GMKW	A18	Microbiome-Soil-GMKW-A18	Sample	NovaSeq
Soil-ITS-F19-R21	F19	R21	18	3	11	E7	NA	Microbiome	NA	Soil	GMKW	C2	Microbiome-Soil-GMKW-C2	Sample	NovaSeq
Soil-ITS-F19-R22	F19	R22	18	3	11	F7	NA	Microbiome	NA	Soil	GMKW	A20	Microbiome-Soil-GMKW-A20	Sample	NovaSeq
Soil-ITS-F19-R23	F19	R23	18	3	11	G7	NA	Microbiome	NA	Soil	HLKH	A10	Microbiome-Soil-HLKH-A10	Sample	NovaSeq
Soil-ITS-F19-R24	F19	R24	18	3	11	H7	NA	Microbiome	NA	Soil	HLKH	A15	Microbiome-Soil-HLKH-A15	Sample	NovaSeq
Soil-ITS-F20-R1	F20	R1	19	4	16	A7	NA	Microbiome	NA	Soil	STHWK	CE26	Microbiome-Soil-STHWK-CE26	Sample	NovaSeq
Soil-ITS-F20-R2	F20	R2	19	4	16	B7	NA	Microbiome	NA	Soil	STHWK	E42	Microbiome-Soil-STHWK-E42	Sample	NovaSeq
Soil-ITS-F20-R3	F20	R3	19	4	16	C7	NA	Microbiome	NA	Soil	STHWK	E38	Microbiome-Soil-STHWK-E38	Sample	NovaSeq
Soil-ITS-F20-R4	F20	R4	19	4	16	D7	NA	Microbiome	NA	Soil	STHWK	E31	Microbiome-Soil-STHWK-E31	Sample	NovaSeq
Soil-ITS-F20-R5	F20	R5	19	4	16	E7	NA	Microbiome	NA	Soil	STHWK	E44	Microbiome-Soil-STHWK-E44	Sample	NovaSeq
Soil-ITS-F20-R6	F20	R6	19	4	16	F7	NA	Microbiome	NA	Soil	STHWK	CE22	Microbiome-Soil-STHWK-CE22	Sample	NovaSeq
Soil-ITS-F20-R7	F20	R7	RR	4	16	G7	NA	Microbiome	NA	Soil	STHWK	CE27	Microbiome-Soil-STHWK-CE27	Sample	NovaSeq
Soil-ITS-F20-R8	F20	R8	19	4	16	H7	NA	Microbiome	NA	Soil	STHWK	CE24	Microbiome-Soil-STHWK-CE24	Sample	NovaSeq
Soil-ITS-F20-R9	NA	NA	NA	NA	NA	NA	NA	Microbiome	NA	Soil	NA	NA	NA	Unused	NovaSeq
Soil-ITS-F20-R10	NA	NA	NA	NA	NA	NA	NA	Microbiome	NA	Soil	NA	NA	NA	Unused	NovaSeq
Soil-ITS-F20-R11	NA	NA	NA	NA	NA	NA	NA	Microbiome	NA	Soil	NA	NA	NA	Unused	NovaSeq
Soil-ITS-F20-R12	NA	NA	NA	NA	NA	NA	NA	Microbiome	NA	Soil	NA	NA	NA	Unused	NovaSeq
Soil-ITS-F20-R13	NA	NA	NA	NA	NA	NA	NA	Microbiome	NA	Soil	NA	NA	NA	Unused	NovaSeq
Soil-ITS-F20-R14	NA	NA	NA	NA	NA	NA	NA	Microbiome	NA	Soil	NA	NA	NA	Unused	NovaSeq
Soil-ITS-F20-R15	NA	NA	NA	NA	NA	NA	NA	Microbiome	NA	Soil	NA	NA	NA	Unused	NovaSeq
Soil-ITS-F20-R16	NA	NA	NA	NA	NA	NA	NA	Microbiome	NA	Soil	NA	NA	NA	Unused	NovaSeq
Soil-ITS-F20-R17	F20	R17	18	4	16	A1	NA	Microbiome	NA	Soil	HLKH	A9	Microbiome-Soil-HLKH-A9	Sample	NovaSeq
Soil-ITS-F20-R18	F20	R18	18	4	16	B1	NA	Microbiome	NA	Soil	HRWD	C2	Microbiome-Soil-HRWD-C2	Sample	NovaSeq
Soil-ITS-F20-R19	F20	R19	18	4	16	C1	NA	Microbiome	NA	Soil	HTCH	A9	Microbiome-Soil-HTCH-A9	Sample	NovaSeq
Soil-ITS-F20-R20	F20	R20	18	4	16	D1	NA	Microbiome	NA	Soil	HTCH	A18	Microbiome-Soil-HTCH-A18	Sample	NovaSeq
Soil-ITS-F20-R21	F20	R21	18	4	16	E1	NA	Microbiome	NA	Soil	LNGDL	A14	Microbiome-Soil-LNGDL-A14	Sample	NovaSeq
Soil-ITS-F20-R22	F20	R22	18	4	16	F1	NA	Microbiome	NA	Soil	LNGDL	A7	Microbiome-Soil-LNGDL-A7	Sample	NovaSeq
Soil-ITS-F20-R23	F20	R23	18	4	16	G1	NA	Microbiome	NA	Soil	MALDW	C3	Microbiome-Soil-MALDW-C3	Sample	NovaSeq
Soil-ITS-F20-R24	F20	R24	18	4	16	H1	NA	Microbiome	NA	Soil	MOCCA	C1	Microbiome-Soil-MOCCA-C1	Sample	NovaSeq
Soil-ITS-F21-R1	F21	R1	19	4	16	A8	NA	Microbiome	NA	Soil	STHWK	E37	Microbiome-Soil-STHWK-E37	Sample	NovaSeq
Soil-ITS-F21-R2	F21	R2	19	4	16	B8	NA	Microbiome	NA	Soil	STHWK	E45	Microbiome-Soil-STHWK-E45	Sample	NovaSeq
Soil-ITS-F21-R3	F21	R3	19	4	16	C8	NA	Microbiome	NA	Soil	STHWK	E41	Microbiome-Soil-STHWK-E41	Sample	NovaSeq
Soil-ITS-F21-R4	F21	R4	RR	4	16	D8	NA	Microbiome	NA	Soil	STHWK	CE30	Microbiome-Soil-STHWK-CE30	Sample	NovaSeq
Soil-ITS-F21-R5	F21	R5	19	4	16	E8	NA	Microbiome	NA	Soil	NA	NA	Microbiome-Soil-Negctrl-1-19	DNA_Negative	NovaSeq
Soil-ITS-F21-R6	F21	R6	19	4	16	F8	NA	Microbiome	NA	Soil	NA	NA	Microbiome-Soil-Negctrl-2-19	DNA_Negative	NovaSeq
Soil-ITS-F21-R7	F21	R7	RR	4	16	G8	NA	Microbiome	NA	Soil	NA	NA	Microbiome-Soil-Negctrl-R13	DNA_Negative	NovaSeq
Soil-ITS-F21-R8	F21	R8	RR	4	16	H8	NA	Microbiome	NA	Soil	NA	NA	Microbiome-Soil-Negctrl-R14	DNA_Negative	NovaSeq
Soil-ITS-F21-R9	NA	NA	NA	NA	NA	NA	NA	Microbiome	NA	Soil	NA	NA	NA	Unused	NovaSeq
Soil-ITS-F21-R10	NA	NA	NA	NA	NA	NA	NA	Microbiome	NA	Soil	NA	NA	NA	Unused	NovaSeq
Soil-ITS-F21-R11	NA	NA	NA	NA	NA	NA	NA	Microbiome	NA	Soil	NA	NA	NA	Unused	NovaSeq
Soil-ITS-F21-R12	NA	NA	NA	NA	NA	NA	NA	Microbiome	NA	Soil	NA	NA	NA	Unused	NovaSeq
Soil-ITS-F21-R13	NA	NA	NA	NA	NA	NA	NA	Microbiome	NA	Soil	NA	NA	NA	Unused	NovaSeq
Soil-ITS-F21-R14	NA	NA	NA	NA	NA	NA	NA	Microbiome	NA	Soil	NA	NA	NA	Unused	NovaSeq
Soil-ITS-F21-R15	NA	NA	NA	NA	NA	NA	NA	Microbiome	NA	Soil	NA	NA	NA	Unused	NovaSeq
Soil-ITS-F21-R16	NA	NA	NA	NA	NA	NA	NA	Microbiome	NA	Soil	NA	NA	NA	Unused	NovaSeq
Soil-ITS-F21-R17	F21	R17	18	3	11	A9	NA	Microbiome	NA	Soil	RCHMD	A17	Microbiome-Soil-RCHMD-A17	Sample	NovaSeq
Soil-ITS-F21-R18	F21	R18	18	3	11	B9	NA	Microbiome	NA	Soil	RCHMD	A12	Microbiome-Soil-RCHMD-A12	Sample	NovaSeq
Soil-ITS-F21-R19	F21	R19	18	3	11	C9	NA	Microbiome	NA	Soil	RWDN	C1	Microbiome-Soil-RWDN-C1	Sample	NovaSeq
Soil-ITS-F21-R20	F21	R20	18	3	11	D9	NA	Microbiome	NA	Soil	RWDN	C2	Microbiome-Soil-RWDN-C2	Sample	NovaSeq
Soil-ITS-F21-R21	F21	R21	18	3	11	E9	NA	Microbiome	NA	Soil	STHWK	A20	Microbiome-Soil-STHWK-A20	Sample	NovaSeq
Soil-ITS-F21-R22	F21	R22	18	3	11	F9	NA	Microbiome	NA	Soil	STHWK	A17	Microbiome-Soil-STHWK-A17	Sample	NovaSeq
Soil-ITS-F21-R23	F21	R23	18	3	11	G9	NA	Microbiome	NA	Soil	STHWK	A18	Microbiome-Soil-STHWK-A18	Sample	NovaSeq
Soil-ITS-F21-R24	F21	R24	18	3	11	H9	NA	Microbiome	NA	Soil	STRTS	C1	Microbiome-Soil-STRTS-C1	Sample	NovaSeq
Soil-ITS-F22-R1	NA	NA	NA	NA	NA	NA	NA	Microbiome	NA	Soil	NA	NA	NA	Unused	NovaSeq
Soil-ITS-F22-R2	NA	NA	NA	NA	NA	NA	NA	Microbiome	NA	Soil	NA	NA	NA	Unused	NovaSeq
Soil-ITS-F22-R3	NA	NA	NA	NA	NA	NA	NA	Microbiome	NA	Soil	NA	NA	NA	Unused	NovaSeq
Soil-ITS-F22-R4	NA	NA	NA	NA	NA	NA	NA	Microbiome	NA	Soil	NA	NA	NA	Unused	NovaSeq
Soil-ITS-F22-R5	NA	NA	NA	NA	NA	NA	NA	Microbiome	NA	Soil	NA	NA	NA	Unused	NovaSeq
Soil-ITS-F22-R6	NA	NA	NA	NA	NA	NA	NA	Microbiome	NA	Soil	NA	NA	NA	Unused	NovaSeq
Soil-ITS-F22-R7	NA	NA	NA	NA	NA	NA	NA	Microbiome	NA	Soil	NA	NA	NA	Unused	NovaSeq
Soil-ITS-F22-R8	NA	NA	NA	NA	NA	NA	NA	Microbiome	NA	Soil	NA	NA	NA	Unused	NovaSeq
Soil-ITS-F22-R9	NA	NA	NA	NA	NA	NA	NA	Microbiome	NA	Soil	NA	NA	NA	Unused	NovaSeq
Soil-ITS-F22-R10	NA	NA	NA	NA	NA	NA	NA	Microbiome	NA	Soil	NA	NA	NA	Unused	NovaSeq
Soil-ITS-F22-R11	NA	NA	NA	NA	NA	NA	NA	Microbiome	NA	Soil	NA	NA	NA	Unused	NovaSeq
Soil-ITS-F22-R12	NA	NA	NA	NA	NA	NA	NA	Microbiome	NA	Soil	NA	NA	NA	Unused	NovaSeq
Soil-ITS-F22-R13	NA	NA	NA	NA	NA	NA	NA	Microbiome	NA	Soil	NA	NA	NA	Unused	NovaSeq
Soil-ITS-F22-R14	NA	NA	NA	NA	NA	NA	NA	Microbiome	NA	Soil	NA	NA	NA	Unused	NovaSeq
Soil-ITS-F22-R15	NA	NA	NA	NA	NA	NA	NA	Microbiome	NA	Soil	NA	NA	NA	Unused	NovaSeq
Soil-ITS-F22-R16	NA	NA	NA	NA	NA	NA	NA	Microbiome	NA	Soil	NA	NA	NA	Unused	NovaSeq
Soil-ITS-F22-R17	F22	R17	18	4	16	A2	NA	Microbiome	NA	Soil	TAWWD	C2	Microbiome-Soil-TAWWD-C2	Sample	NovaSeq
Soil-ITS-F22-R18	F22	R18	18	4	16	B2	NA	Microbiome	NA	Soil	NA	NA	Microbiome-Soil-Negctrl-18	DNA_Negative	NovaSeq
Soil-ITS-F22-R19	F22	R19	18	4	16	C2	NA	Microbiome	NA	Soil	WLDCP	C4	Microbiome-Soil-WLDCP-C4	Sample	NovaSeq
Soil-ITS-F22-R20	F22	R20	18	4	16	D2	NA	Microbiome	NA	Soil	ANCST	C5	Microbiome-Soil-ANCST-C5	Sample	NovaSeq
Soil-ITS-F22-R21	F22	R21	18	4	16	E2	NA	Microbiome	NA	Soil	ATTP	A10	Microbiome-Soil-ATTP-A10	Sample	NovaSeq
Soil-ITS-F22-R22	F22	R22	18	4	16	F2	NA	Microbiome	NA	Soil	CDPM	C5	Microbiome-Soil-CDPM-C5	Sample	NovaSeq
Soil-ITS-F22-R23	F22	R23	18	4	16	G2	NA	Microbiome	NA	Soil	CROC	C4	Microbiome-Soil-CROC-C4	Sample	NovaSeq
Soil-ITS-F22-R24	F22	R24	18	4	16	H2	NA	Microbiome	NA	Soil	GMKW	A15	Microbiome-Soil-GMKW-A15	Sample	NovaSeq
Soil-ITS-F23-R1	NA	NA	NA	NA	NA	NA	NA	Microbiome	NA	Soil	NA	NA	NA	Unused	NovaSeq
Soil-ITS-F23-R2	NA	NA	NA	NA	NA	NA	NA	Microbiome	NA	Soil	NA	NA	NA	Unused	NovaSeq
Soil-ITS-F23-R3	NA	NA	NA	NA	NA	NA	NA	Microbiome	NA	Soil	NA	NA	NA	Unused	NovaSeq
Soil-ITS-F23-R4	NA	NA	NA	NA	NA	NA	NA	Microbiome	NA	Soil	NA	NA	NA	Unused	NovaSeq
Soil-ITS-F23-R5	NA	NA	NA	NA	NA	NA	NA	Microbiome	NA	Soil	NA	NA	NA	Unused	NovaSeq
Soil-ITS-F23-R6	NA	NA	NA	NA	NA	NA	NA	Microbiome	NA	Soil	NA	NA	NA	Unused	NovaSeq
Soil-ITS-F23-R7	NA	NA	NA	NA	NA	NA	NA	Microbiome	NA	Soil	NA	NA	NA	Unused	NovaSeq
Soil-ITS-F23-R8	NA	NA	NA	NA	NA	NA	NA	Microbiome	NA	Soil	NA	NA	NA	Unused	NovaSeq
Soil-ITS-F23-R9	NA	NA	NA	NA	NA	NA	NA	Microbiome	NA	Soil	NA	NA	NA	Unused	NovaSeq
Soil-ITS-F23-R10	NA	NA	NA	NA	NA	NA	NA	Microbiome	NA	Soil	NA	NA	NA	Unused	NovaSeq
Soil-ITS-F23-R11	NA	NA	NA	NA	NA	NA	NA	Microbiome	NA	Soil	NA	NA	NA	Unused	NovaSeq
Soil-ITS-F23-R12	NA	NA	NA	NA	NA	NA	NA	Microbiome	NA	Soil	NA	NA	NA	Unused	NovaSeq
Soil-ITS-F23-R13	NA	NA	NA	NA	NA	NA	NA	Microbiome	NA	Soil	NA	NA	NA	Unused	NovaSeq
Soil-ITS-F23-R14	NA	NA	NA	NA	NA	NA	NA	Microbiome	NA	Soil	NA	NA	NA	Unused	NovaSeq
Soil-ITS-F23-R15	NA	NA	NA	NA	NA	NA	NA	Microbiome	NA	Soil	NA	NA	NA	Unused	NovaSeq
Soil-ITS-F23-R16	NA	NA	NA	NA	NA	NA	NA	Microbiome	NA	Soil	NA	NA	NA	Unused	NovaSeq
Soil-ITS-F23-R17	F23	R17	18	3	11	A11	NA	Microbiome	NA	Soil	GMKW	C4	Microbiome-Soil-GMKW-C4	Sample	NovaSeq
Soil-ITS-F23-R18	F23	R18	18	3	11	B11	NA	Microbiome	NA	Soil	GMKW	C1	Microbiome-Soil-GMKW-C1	Sample	NovaSeq
Soil-ITS-F23-R19	F23	R19	18	3	11	C11	NA	Microbiome	NA	Soil	HLKH	C4	Microbiome-Soil-HLKH-C4	Sample	NovaSeq
Soil-ITS-F23-R20	F23	R20	18	3	11	D11	NA	Microbiome	NA	Soil	HOEF	A12	Microbiome-Soil-HOEF-A12	Sample	NovaSeq
Soil-ITS-F23-R21	F23	R21	18	3	11	E11	NA	Microbiome	NA	Soil	HOEF	A6	Microbiome-Soil-HOEF-A6	Sample	NovaSeq
Soil-ITS-F23-R22	F23	R22	18	3	11	F11	NA	Microbiome	NA	Soil	HOEF	A10	Microbiome-Soil-HOEF-A10	Sample	NovaSeq
Soil-ITS-F23-R23	F23	R23	18	3	11	G11	NA	Microbiome	NA	Soil	HTCH	A19	Microbiome-Soil-HTCH-A19	Sample	NovaSeq
Soil-ITS-F23-R24	F23	R24	18	3	11	H11	NA	Microbiome	NA	Soil	HTCH	A10	Microbiome-Soil-HTCH-A10	Sample	NovaSeq
Soil-ITS-F24-R1	NA	NA	NA	NA	NA	NA	NA	Microbiome	NA	Soil	NA	NA	NA	Unused	NovaSeq
Soil-ITS-F24-R2	F24	R2	PCR	3	12	B12	NA	Microbiome	NA	Soil	NA	NA	Microbiome-Soil-PCR Negative-PCR	PCR_Negative	NovaSeq
Soil-ITS-F24-R3	NA	NA	NA	NA	NA	NA	NA	Microbiome	NA	Soil	NA	NA	NA	Unused	NovaSeq
Soil-ITS-F24-R4	NA	NA	NA	NA	NA	NA	NA	Microbiome	NA	Soil	NA	NA	NA	Unused	NovaSeq
Soil-ITS-F24-R5	NA	NA	NA	NA	NA	NA	NA	Microbiome	NA	Soil	NA	NA	NA	Unused	NovaSeq
Soil-ITS-F24-R6	NA	NA	NA	NA	NA	NA	NA	Microbiome	NA	Soil	NA	NA	NA	Unused	NovaSeq
Soil-ITS-F24-R7	NA	NA	NA	NA	NA	NA	NA	Microbiome	NA	Soil	NA	NA	NA	Unused	NovaSeq
Soil-ITS-F24-R8	NA	NA	NA	NA	NA	NA	NA	Microbiome	NA	Soil	NA	NA	NA	Unused	NovaSeq
Soil-ITS-F24-R9	NA	NA	NA	NA	NA	NA	NA	Microbiome	NA	Soil	NA	NA	NA	Unused	NovaSeq
Soil-ITS-F24-R10	NA	NA	NA	NA	NA	NA	NA	Microbiome	NA	Soil	NA	NA	NA	Unused	NovaSeq
Soil-ITS-F24-R11	NA	NA	NA	NA	NA	NA	NA	Microbiome	NA	Soil	NA	NA	NA	Unused	NovaSeq
Soil-ITS-F24-R12	NA	NA	NA	NA	NA	NA	NA	Microbiome	NA	Soil	NA	NA	NA	Unused	NovaSeq
Soil-ITS-F24-R13	NA	NA	NA	NA	NA	NA	NA	Microbiome	NA	Soil	NA	NA	NA	Unused	NovaSeq
Soil-ITS-F24-R14	NA	NA	NA	NA	NA	NA	NA	Microbiome	NA	Soil	NA	NA	NA	Unused	NovaSeq
Soil-ITS-F24-R15	NA	NA	NA	NA	NA	NA	NA	Microbiome	NA	Soil	NA	NA	NA	Unused	NovaSeq
Soil-ITS-F24-R16	NA	NA	NA	NA	NA	NA	NA	Microbiome	NA	Soil	NA	NA	NA	Unused	NovaSeq
Soil-ITS-F24-R17	F24	R17	18	3	11	A12	NA	Microbiome	NA	Soil	HTCH	A16	Microbiome-Soil-HTCH-A16	Sample	NovaSeq
Soil-ITS-F24-R18	F24	R18	18	3	11	B12	NA	Microbiome	NA	Soil	LINEAG	C1	Microbiome-Soil-LINEAG-C1	Sample	NovaSeq
Soil-ITS-F24-R19	F24	R19	18	3	11	C12	NA	Microbiome	NA	Soil	LNGDL	A16	Microbiome-Soil-LNGDL-A16	Sample	NovaSeq
Soil-ITS-F24-R20	F24	R20	18	3	11	D12	NA	Microbiome	NA	Soil	LNGDL	C4	Microbiome-Soil-LNGDL-C4	Sample	NovaSeq
Soil-ITS-F24-R21	F24	R21	18	3	11	E12	NA	Microbiome	NA	Soil	MOCCA	A13	Microbiome-Soil-MOCCA-A13	Sample	NovaSeq
Soil-ITS-F24-R22	F24	R22	18	3	11	F12	NA	Microbiome	NA	Soil	MOCCA	A7	Microbiome-Soil-MOCCA-A7	Sample	NovaSeq
Soil-ITS-F24-R23	F24	R23	18	3	11	G12	NA	Microbiome	NA	Soil	MOCCA	A17	Microbiome-Soil-MOCCA-A17	Sample	NovaSeq
Soil-ITS-F24-R24	F24	R24	18	3	11	H12	NA	Microbiome	NA	Soil	MTRD	C1	Microbiome-Soil-MTRD-C1	Sample	NovaSeq
Stem-ITS-F1-R1	F1	R1	SR	2	5	A1	NA	Microbiome	NA	Stem	ATTP	A18	Microbiome-Stem-ATTP-A18	Sample	NovaSeq
Stem-ITS-F1-R2	F1	R2	SR	2	5	B1	NA	Microbiome	NA	Stem	ATTP	C2	Microbiome-Stem-ATTP-C2	Sample	NovaSeq
Stem-ITS-F1-R3	F1	R3	1	2	5	C1	NA	Microbiome	NA	Stem	ATTP	C3	Microbiome-Stem-ATTP-C3	Sample	NovaSeq
Stem-ITS-F1-R4	F1	R4	1	2	5	D1	NA	Microbiome	NA	Stem	ATTP	C5	Microbiome-Stem-ATTP-C5	Sample	NovaSeq
Stem-ITS-F1-R5	F1	R5	SR	2	5	E1	NA	Microbiome	NA	Stem	CROC	C2	Microbiome-Stem-CROC-C2	Sample	NovaSeq
Stem-ITS-F1-R6	F1	R6	1	2	5	F1	NA	Microbiome	NA	Stem	GMKW	A17	Microbiome-Stem-GMKW-A17	Sample	NovaSeq
Stem-ITS-F1-R7	F1	R7	1	2	5	G1	NA	Microbiome	NA	Stem	GMKW	C3	Microbiome-Stem-GMKW-C3	Sample	NovaSeq
Stem-ITS-F1-R8	F1	R8	1	2	5	H1	NA	Microbiome	NA	Stem	HLKH	C5	Microbiome-Stem-HLKH-C5	Sample	NovaSeq
Stem-ITS-F1-R9	F1	R9	4	2	6	A1	NA	Microbiome	NA	Stem	GMKW	A10	Microbiome-Stem-GMKW-A10	Sample	NovaSeq
Stem-ITS-F1-R10	F1	R10	4	2	6	B1	NA	Microbiome	NA	Stem	HLKH	A6	Microbiome-Stem-HLKH-A6	Sample	NovaSeq
Stem-ITS-F1-R11	F1	R11	4	2	6	C1	NA	Microbiome	NA	Stem	HLKH	A17	Microbiome-Stem-HLKH-A17	Sample	NovaSeq
Stem-ITS-F1-R12	F1	R12	4	2	6	D1	NA	Microbiome	NA	Stem	HOEF	A13	Microbiome-Stem-HOEF-A13	Sample	NovaSeq
Stem-ITS-F1-R13	F1	R13	4	2	6	E1	NA	Microbiome	NA	Stem	HOEF	A20	Microbiome-Stem-HOEF-A20	Sample	NovaSeq
Stem-ITS-F1-R14	F1	R14	4	2	6	F1	NA	Microbiome	NA	Stem	HOEF	C5	Microbiome-Stem-HOEF-C5	Sample	NovaSeq
Stem-ITS-F1-R15	F1	R15	4	2	6	G1	NA	Microbiome	NA	Stem	HOEF	A15	Microbiome-Stem-HOEF-A15	Sample	NovaSeq
Stem-ITS-F1-R16	F1	R16	4	2	6	H1	NA	Microbiome	NA	Stem	HOEF	A7	Microbiome-Stem-HOEF-A7	Sample	NovaSeq
Stem-ITS-F1-R17	NA	NA	NA	NA	NA	NA	NA	Microbiome	NA	Stem	NA	NA	NA	Unused	NovaSeq
Stem-ITS-F1-R18	NA	NA	NA	NA	NA	NA	NA	Microbiome	NA	Stem	NA	NA	NA	Unused	NovaSeq
Stem-ITS-F1-R19	NA	NA	NA	NA	NA	NA	NA	Microbiome	NA	Stem	NA	NA	NA	Unused	NovaSeq
Stem-ITS-F1-R20	NA	NA	NA	NA	NA	NA	NA	Microbiome	NA	Stem	NA	NA	NA	Unused	NovaSeq
Stem-ITS-F1-R21	NA	NA	NA	NA	NA	NA	NA	Microbiome	NA	Stem	NA	NA	NA	Unused	NovaSeq
Stem-ITS-F1-R22	NA	NA	NA	NA	NA	NA	NA	Microbiome	NA	Stem	NA	NA	NA	Unused	NovaSeq
Stem-ITS-F1-R23	NA	NA	NA	NA	NA	NA	NA	Microbiome	NA	Stem	NA	NA	NA	Unused	NovaSeq
Stem-ITS-F1-R24	NA	NA	NA	NA	NA	NA	NA	Microbiome	NA	Stem	NA	NA	NA	Unused	NovaSeq
Stem-ITS-F2-R1	F2	R1	SR	4	14	A1	NA	Microbiome	NA	Stem	HOEF	A16	Microbiome-Stem-HOEF-A16	Sample	NovaSeq
Stem-ITS-F2-R2	F2	R2	1	4	14	B1	NA	Microbiome	NA	Stem	HRWD	C3	Microbiome-Stem-HRWD-C3	Sample	NovaSeq
Stem-ITS-F2-R3	F2	R3	1	4	14	C1	NA	Microbiome	NA	Stem	HTCH	A13	Microbiome-Stem-HTCH-A13	Sample	NovaSeq
Stem-ITS-F2-R4	F2	R4	1	4	14	D1	NA	Microbiome	NA	Stem	HTCH	C3	Microbiome-Stem-HTCH-C3	Sample	NovaSeq
Stem-ITS-F2-R5	F2	R5	1	4	14	E1	NA	Microbiome	NA	Stem	HTCH	A17	Microbiome-Stem-HTCH-A17	Sample	NovaSeq
Stem-ITS-F2-R6	F2	R6	1	4	14	F1	NA	Microbiome	NA	Stem	HTCH	C4	Microbiome-Stem-HTCH-C4	Sample	NovaSeq
Stem-ITS-F2-R7	F2	R7	1	4	14	G1	NA	Microbiome	NA	Stem	LNGDL	A9	Microbiome-Stem-LNGDL-A9	Sample	NovaSeq
Stem-ITS-F2-R8	F2	R8	1	4	14	H1	NA	Microbiome	NA	Stem	NA	NA	Microbiome-Stem-Negctrl-1	DNA_Negative	NovaSeq
Stem-ITS-F2-R9	F2	R9	4	2	6	A2	NA	Microbiome	NA	Stem	NA	NA	Microbiome-Stem-Negctrl-4	DNA_Negative	NovaSeq
Stem-ITS-F2-R10	F2	R10	5	2	6	B2	NA	Microbiome	NA	Stem	HTCH	C1	Microbiome-Stem-HTCH-C1	Sample	NovaSeq
Stem-ITS-F2-R11	F2	R11	5	2	6	C2	NA	Microbiome	NA	Stem	LINEAG	C5	Microbiome-Stem-LINEAG-C5	Sample	NovaSeq
Stem-ITS-F2-R12	F2	R12	5	2	6	D2	NA	Microbiome	NA	Stem	LNGDL	A11	Microbiome-Stem-LNGDL-A11	Sample	NovaSeq
Stem-ITS-F2-R13	F2	R13	5	2	6	E2	NA	Microbiome	NA	Stem	MCOU	C2	Microbiome-Stem-MCOU-C2	Sample	NovaSeq
Stem-ITS-F2-R14	F2	R14	5	2	6	F2	NA	Microbiome	NA	Stem	MOCCA	A9	Microbiome-Stem-MOCCA-A9	Sample	NovaSeq
Stem-ITS-F2-R15	F2	R15	5	2	6	G2	NA	Microbiome	NA	Stem	RCHMD	C2	Microbiome-Stem-RCHMD-C2	Sample	NovaSeq
Stem-ITS-F2-R16	F2	R16	SR	2	6	H2	NA	Microbiome	NA	Stem	RCHMD	A15	Microbiome-Stem-RCHMD-A15	Sample	NovaSeq
Stem-ITS-F2-R17	NA	NA	NA	NA	NA	NA	NA	Microbiome	NA	Stem	NA	NA	NA	Unused	NovaSeq
Stem-ITS-F2-R18	NA	NA	NA	NA	NA	NA	NA	Microbiome	NA	Stem	NA	NA	NA	Unused	NovaSeq
Stem-ITS-F2-R19	NA	NA	NA	NA	NA	NA	NA	Microbiome	NA	Stem	NA	NA	NA	Unused	NovaSeq
Stem-ITS-F2-R20	NA	NA	NA	NA	NA	NA	NA	Microbiome	NA	Stem	NA	NA	NA	Unused	NovaSeq
Stem-ITS-F2-R21	NA	NA	NA	NA	NA	NA	NA	Microbiome	NA	Stem	NA	NA	NA	Unused	NovaSeq
Stem-ITS-F2-R22	NA	NA	NA	NA	NA	NA	NA	Microbiome	NA	Stem	NA	NA	NA	Unused	NovaSeq
Stem-ITS-F2-R23	NA	NA	NA	NA	NA	NA	NA	Microbiome	NA	Stem	NA	NA	NA	Unused	NovaSeq
Stem-ITS-F2-R24	NA	NA	NA	NA	NA	NA	NA	Microbiome	NA	Stem	NA	NA	NA	Unused	NovaSeq
Stem-ITS-F3-R1	F3	R1	2	2	5	A3	NA	Microbiome	NA	Stem	MALDW	C4	Microbiome-Stem-MALDW-C4	Sample	NovaSeq
Stem-ITS-F3-R2	F3	R2	2	2	5	B3	NA	Microbiome	NA	Stem	MOCCA	A8	Microbiome-Stem-MOCCA-A8	Sample	NovaSeq
Stem-ITS-F3-R3	F3	R3	2	2	5	C3	NA	Microbiome	NA	Stem	MOCCA	A16	Microbiome-Stem-MOCCA-A16	Sample	NovaSeq
Stem-ITS-F3-R4	F3	R4	2	2	5	D3	NA	Microbiome	NA	Stem	RCHMD	A10	Microbiome-Stem-RCHMD-A10	Sample	NovaSeq
Stem-ITS-F3-R5	F3	R5	2	2	5	E3	NA	Microbiome	NA	Stem	RCHMD	A6	Microbiome-Stem-RCHMD-A6	Sample	NovaSeq
Stem-ITS-F3-R6	F3	R6	2	2	5	F3	NA	Microbiome	NA	Stem	RCHMD	C1	Microbiome-Stem-RCHMD-C1	Sample	NovaSeq
Stem-ITS-F3-R7	F3	R7	2	2	5	G3	NA	Microbiome	NA	Stem	SNDR	C4	Microbiome-Stem-SNDR-C4	Sample	NovaSeq
Stem-ITS-F3-R8	F3	R8	2	2	5	H3	NA	Microbiome	NA	Stem	SNDR	C3	Microbiome-Stem-SNDR-C3	Sample	NovaSeq
Stem-ITS-F3-R9	F3	R9	5	2	6	A3	NA	Microbiome	NA	Stem	SLCY	C2	Microbiome-Stem-SLCY-C2	Sample	NovaSeq
Stem-ITS-F3-R10	F3	R10	5	2	6	B3	NA	Microbiome	NA	Stem	SLCY	C3	Microbiome-Stem-SLCY-C3	Sample	NovaSeq
Stem-ITS-F3-R11	F3	R11	5	2	6	C3	NA	Microbiome	NA	Stem	SNDR	C1	Microbiome-Stem-SNDR-C1	Sample	NovaSeq
Stem-ITS-F3-R12	F3	R12	5	2	6	D3	NA	Microbiome	NA	Stem	STHWK	A13	Microbiome-Stem-STHWK-A13	Sample	NovaSeq
Stem-ITS-F3-R13	F3	R13	5	2	6	E3	NA	Microbiome	NA	Stem	WINDW	A19	Microbiome-Stem-WINDW-A19	Sample	NovaSeq
Stem-ITS-F3-R14	F3	R14	5	2	6	F3	NA	Microbiome	NA	Stem	WINDW	C3	Microbiome-Stem-WINDW-C3	Sample	NovaSeq
Stem-ITS-F3-R15	F3	R15	5	2	6	G3	NA	Microbiome	NA	Stem	WINDW	C5	Microbiome-Stem-WINDW-C5	Sample	NovaSeq
Stem-ITS-F3-R16	F3	R16	5	2	6	H3	NA	Microbiome	NA	Stem	ATTP	C1	Microbiome-Stem-ATTP-C1	Sample	NovaSeq
Stem-ITS-F3-R17	NA	NA	NA	NA	NA	NA	NA	Microbiome	NA	Stem	NA	NA	NA	Unused	NovaSeq
Stem-ITS-F3-R18	NA	NA	NA	NA	NA	NA	NA	Microbiome	NA	Stem	NA	NA	NA	Unused	NovaSeq
Stem-ITS-F3-R19	NA	NA	NA	NA	NA	NA	NA	Microbiome	NA	Stem	NA	NA	NA	Unused	NovaSeq
Stem-ITS-F3-R20	NA	NA	NA	NA	NA	NA	NA	Microbiome	NA	Stem	NA	NA	NA	Unused	NovaSeq
Stem-ITS-F3-R21	NA	NA	NA	NA	NA	NA	NA	Microbiome	NA	Stem	NA	NA	NA	Unused	NovaSeq
Stem-ITS-F3-R22	NA	NA	NA	NA	NA	NA	NA	Microbiome	NA	Stem	NA	NA	NA	Unused	NovaSeq
Stem-ITS-F3-R23	NA	NA	NA	NA	NA	NA	NA	Microbiome	NA	Stem	NA	NA	NA	Unused	NovaSeq
Stem-ITS-F3-R24	NA	NA	NA	NA	NA	NA	NA	Microbiome	NA	Stem	NA	NA	NA	Unused	NovaSeq
Stem-ITS-F4-R1	F4	R1	2	2	5	A4	NA	Microbiome	NA	Stem	STHWK	A12	Microbiome-Stem-STHWK-A12	Sample	NovaSeq
Stem-ITS-F4-R2	F4	R2	2	2	5	B4	NA	Microbiome	NA	Stem	STHWK	A6	Microbiome-Stem-STHWK-A6	Sample	NovaSeq
Stem-ITS-F4-R3	F4	R3	2	2	5	C4	NA	Microbiome	NA	Stem	STRTS	C4	Microbiome-Stem-STRTS-C4	Sample	NovaSeq
Stem-ITS-F4-R4	F4	R4	2	2	5	D4	NA	Microbiome	NA	Stem	TAWWD	C4	Microbiome-Stem-TAWWD-C4	Sample	NovaSeq
Stem-ITS-F4-R5	F4	R5	2	2	5	E4	NA	Microbiome	NA	Stem	WINDW	A13	Microbiome-Stem-WINDW-A13	Sample	NovaSeq
Stem-ITS-F4-R6	F4	R6	2	2	5	F4	NA	Microbiome	NA	Stem	WINDW	A18	Microbiome-Stem-WINDW-A18	Sample	NovaSeq
Stem-ITS-F4-R7	F4	R7	2	2	5	G4	NA	Microbiome	NA	Stem	ATTP	A20	Microbiome-Stem-ATTP-A20	Sample	NovaSeq
Stem-ITS-F4-R8	F4	R8	2	2	5	H4	NA	Microbiome	NA	Stem	ATTP	A12	Microbiome-Stem-ATTP-A12	Sample	NovaSeq
Stem-ITS-F4-R9	F4	R9	5	2	6	A4	NA	Microbiome	NA	Stem	ATTP	C4	Microbiome-Stem-ATTP-C4	Sample	NovaSeq
Stem-ITS-F4-R10	F4	R10	5	2	6	B4	NA	Microbiome	NA	Stem	ATTP	A16	Microbiome-Stem-ATTP-A16	Sample	NovaSeq
Stem-ITS-F4-R11	F4	R11	5	2	6	C4	NA	Microbiome	NA	Stem	BBW	C2	Microbiome-Stem-BBW-C2	Sample	NovaSeq
Stem-ITS-F4-R12	F4	R12	5	2	6	D4	NA	Microbiome	NA	Stem	GMKW	A19	Microbiome-Stem-GMKW-A19	Sample	NovaSeq
Stem-ITS-F4-R13	F4	R13	5	2	6	E4	NA	Microbiome	NA	Stem	GMKW	A11	Microbiome-Stem-GMKW-A11	Sample	NovaSeq
Stem-ITS-F4-R14	F4	R14	5	2	6	F4	NA	Microbiome	NA	Stem	GMKW	A20	Microbiome-Stem-GMKW-A20	Sample	NovaSeq
Stem-ITS-F4-R15	F4	R15	5	2	6	G4	NA	Microbiome	NA	Stem	HOEF	A11	Microbiome-Stem-HOEF-A11	Sample	NovaSeq
Stem-ITS-F4-R16	F4	R16	5	2	6	H4	NA	Microbiome	NA	Stem	HOEF	C4	Microbiome-Stem-HOEF-C4	Sample	NovaSeq
Stem-ITS-F4-R17	NA	NA	NA	NA	NA	NA	NA	Microbiome	NA	Stem	NA	NA	NA	Unused	NovaSeq
Stem-ITS-F4-R18	NA	NA	NA	NA	NA	NA	NA	Microbiome	NA	Stem	NA	NA	NA	Unused	NovaSeq
Stem-ITS-F4-R19	NA	NA	NA	NA	NA	NA	NA	Microbiome	NA	Stem	NA	NA	NA	Unused	NovaSeq
Stem-ITS-F4-R20	NA	NA	NA	NA	NA	NA	NA	Microbiome	NA	Stem	NA	NA	NA	Unused	NovaSeq
Stem-ITS-F4-R21	NA	NA	NA	NA	NA	NA	NA	Microbiome	NA	Stem	NA	NA	NA	Unused	NovaSeq
Stem-ITS-F4-R22	NA	NA	NA	NA	NA	NA	NA	Microbiome	NA	Stem	NA	NA	NA	Unused	NovaSeq
Stem-ITS-F4-R23	NA	NA	NA	NA	NA	NA	NA	Microbiome	NA	Stem	NA	NA	NA	Unused	NovaSeq
Stem-ITS-F4-R24	NA	NA	NA	NA	NA	NA	NA	Microbiome	NA	Stem	NA	NA	NA	Unused	NovaSeq
Stem-ITS-F5-R1	F5	R1	2	2	5	A5	NA	Microbiome	NA	Stem	CROC	C5	Microbiome-Stem-CROC-C5	Sample	NovaSeq
Stem-ITS-F5-R2	F5	R2	2	2	5	B5	NA	Microbiome	NA	Stem	DYMK	C1	Microbiome-Stem-DYMK-C1	Sample	NovaSeq
Stem-ITS-F5-R3	F5	R3	2	2	5	C5	NA	Microbiome	NA	Stem	HLKH	A12	Microbiome-Stem-HLKH-A12	Sample	NovaSeq
Stem-ITS-F5-R4	F5	R4	2	2	5	D5	NA	Microbiome	NA	Stem	HLKH	A18	Microbiome-Stem-HLKH-A18	Sample	NovaSeq
Stem-ITS-F5-R5	F5	R5	2	2	5	E5	NA	Microbiome	NA	Stem	HLKH	A16	Microbiome-Stem-HLKH-A16	Sample	NovaSeq
Stem-ITS-F5-R6	F5	R6	2	2	5	F5	NA	Microbiome	NA	Stem	HLKH	C3	Microbiome-Stem-HLKH-C3	Sample	NovaSeq
Stem-ITS-F5-R7	F5	R7	2	2	5	G5	NA	Microbiome	NA	Stem	HOEF	A9	Microbiome-Stem-HOEF-A9	Sample	NovaSeq
Stem-ITS-F5-R8	F5	R8	2	2	5	H5	NA	Microbiome	NA	Stem	HOEF	C2	Microbiome-Stem-HOEF-C2	Sample	NovaSeq
Stem-ITS-F5-R9	F5	R9	5	2	6	A5	NA	Microbiome	NA	Stem	HOEF	A8	Microbiome-Stem-HOEF-A8	Sample	NovaSeq
Stem-ITS-F5-R10	F5	R10	5	2	6	B5	NA	Microbiome	NA	Stem	HTCH	A12	Microbiome-Stem-HTCH-A12	Sample	NovaSeq
Stem-ITS-F5-R11	F5	R11	5	2	6	C5	NA	Microbiome	NA	Stem	HTCH	A7	Microbiome-Stem-HTCH-A7	Sample	NovaSeq
Stem-ITS-F5-R12	F5	R12	5	2	6	D5	NA	Microbiome	NA	Stem	HTCH	A15	Microbiome-Stem-HTCH-A15	Sample	NovaSeq
Stem-ITS-F5-R13	F5	R13	5	2	6	E5	NA	Microbiome	NA	Stem	LINEAG	C3	Microbiome-Stem-LINEAG-C3	Sample	NovaSeq
Stem-ITS-F5-R14	F5	R14	5	2	6	F5	NA	Microbiome	NA	Stem	LNGDL	A10	Microbiome-Stem-LNGDL-A10	Sample	NovaSeq
Stem-ITS-F5-R15	F5	R15	5	2	6	G5	NA	Microbiome	NA	Stem	NA	NA	Microbiome-Stem-Negctrl-5	DNA_Negative	NovaSeq
Stem-ITS-F5-R16	F5	R16	6	2	6	H5	NA	Microbiome	NA	Stem	LNGDL	A6	Microbiome-Stem-LNGDL-A6	Sample	NovaSeq
Stem-ITS-F5-R17	NA	NA	NA	NA	NA	NA	NA	Microbiome	NA	Stem	NA	NA	NA	Unused	NovaSeq
Stem-ITS-F5-R18	NA	NA	NA	NA	NA	NA	NA	Microbiome	NA	Stem	NA	NA	NA	Unused	NovaSeq
Stem-ITS-F5-R19	NA	NA	NA	NA	NA	NA	NA	Microbiome	NA	Stem	NA	NA	NA	Unused	NovaSeq
Stem-ITS-F5-R20	NA	NA	NA	NA	NA	NA	NA	Microbiome	NA	Stem	NA	NA	NA	Unused	NovaSeq
Stem-ITS-F5-R21	NA	NA	NA	NA	NA	NA	NA	Microbiome	NA	Stem	NA	NA	NA	Unused	NovaSeq
Stem-ITS-F5-R22	NA	NA	NA	NA	NA	NA	NA	Microbiome	NA	Stem	NA	NA	NA	Unused	NovaSeq
Stem-ITS-F5-R23	NA	NA	NA	NA	NA	NA	NA	Microbiome	NA	Stem	NA	NA	NA	Unused	NovaSeq
Stem-ITS-F5-R24	NA	NA	NA	NA	NA	NA	NA	Microbiome	NA	Stem	NA	NA	NA	Unused	NovaSeq
Stem-ITS-F6-R1	F6	R1	2	2	5	A6	NA	Microbiome	NA	Stem	HRWD	C5	Microbiome-Stem-HRWD-C5	Sample	NovaSeq
Stem-ITS-F6-R2	F6	R2	2	2	5	B6	NA	Microbiome	NA	Stem	LINEAG	C4	Microbiome-Stem-LINEAG-C4	Sample	NovaSeq
Stem-ITS-F6-R3	F6	R3	2	2	5	C6	NA	Microbiome	NA	Stem	LNGDL	C2	Microbiome-Stem-LNGDL-C2	Sample	NovaSeq
Stem-ITS-F6-R4	F6	R4	2	2	5	D6	NA	Microbiome	NA	Stem	LNGDL	A15	Microbiome-Stem-LNGDL-A15	Sample	NovaSeq
Stem-ITS-F6-R5	F6	R5	2	2	5	E6	NA	Microbiome	NA	Stem	LWBKR	C3	Microbiome-Stem-LWBKR-C3	Sample	NovaSeq
Stem-ITS-F6-R6	F6	R6	3	2	5	F6	NA	Microbiome	NA	Stem	MOCCA	C3	Microbiome-Stem-MOCCA-C3	Sample	NovaSeq
Stem-ITS-F6-R7	F6	R7	3	2	5	G6	NA	Microbiome	NA	Stem	MOCCA	A10	Microbiome-Stem-MOCCA-A10	Sample	NovaSeq
Stem-ITS-F6-R8	F6	R8	3	2	5	H6	NA	Microbiome	NA	Stem	MOCCA	A20	Microbiome-Stem-MOCCA-A20	Sample	NovaSeq
Stem-ITS-F6-R9	F6	R9	6	4	14	A4	NA	Microbiome	NA	Stem	LWBKR	C1	Microbiome-Stem-LWBKR-C1	Sample	NovaSeq
Stem-ITS-F6-R10	F6	R10	SR	4	14	B4	NA	Microbiome	NA	Stem	MCOU	C4	Microbiome-Stem-MCOU-C4	Sample	NovaSeq
Stem-ITS-F6-R11	F6	R11	6	4	14	C4	NA	Microbiome	NA	Stem	MOCCA	A6	Microbiome-Stem-MOCCA-A6	Sample	NovaSeq
Stem-ITS-F6-R12	F6	R12	6	4	14	D4	NA	Microbiome	NA	Stem	MOCCA	A14	Microbiome-Stem-MOCCA-A14	Sample	NovaSeq
Stem-ITS-F6-R13	F6	R13	SR	4	14	E4	NA	Microbiome	NA	Stem	MOCCA	A18	Microbiome-Stem-MOCCA-A18	Sample	NovaSeq
Stem-ITS-F6-R14	F6	R14	6	4	14	F4	NA	Microbiome	NA	Stem	RCHMD	A18	Microbiome-Stem-RCHMD-A18	Sample	NovaSeq
Stem-ITS-F6-R15	F6	R15	6	4	14	G4	NA	Microbiome	NA	Stem	RCHMD	C4	Microbiome-Stem-RCHMD-C4	Sample	NovaSeq
Stem-ITS-F6-R16	F6	R16	6	4	14	H4	NA	Microbiome	NA	Stem	RWDN	C4	Microbiome-Stem-RWDN-C4	Sample	NovaSeq
Stem-ITS-F6-R17	NA	NA	NA	NA	NA	NA	NA	Microbiome	NA	Stem	NA	NA	NA	Unused	NovaSeq
Stem-ITS-F6-R18	NA	NA	NA	NA	NA	NA	NA	Microbiome	NA	Stem	NA	NA	NA	Unused	NovaSeq
Stem-ITS-F6-R19	NA	NA	NA	NA	NA	NA	NA	Microbiome	NA	Stem	NA	NA	NA	Unused	NovaSeq
Stem-ITS-F6-R20	NA	NA	NA	NA	NA	NA	NA	Microbiome	NA	Stem	NA	NA	NA	Unused	NovaSeq
Stem-ITS-F6-R21	NA	NA	NA	NA	NA	NA	NA	Microbiome	NA	Stem	NA	NA	NA	Unused	NovaSeq
Stem-ITS-F6-R22	NA	NA	NA	NA	NA	NA	NA	Microbiome	NA	Stem	NA	NA	NA	Unused	NovaSeq
Stem-ITS-F6-R23	NA	NA	NA	NA	NA	NA	NA	Microbiome	NA	Stem	NA	NA	NA	Unused	NovaSeq
Stem-ITS-F6-R24	NA	NA	NA	NA	NA	NA	NA	Microbiome	NA	Stem	NA	NA	NA	Unused	NovaSeq
Stem-ITS-F7-R1	F7	R1	3	4	14	A2	NA	Microbiome	NA	Stem	MOCCA	C4	Microbiome-Stem-MOCCA-C4	Sample	NovaSeq
Stem-ITS-F7-R2	F7	R2	3	4	14	B2	NA	Microbiome	NA	Stem	MOCCA	A11	Microbiome-Stem-MOCCA-A11	Sample	NovaSeq
Stem-ITS-F7-R3	F7	R3	3	4	14	C2	NA	Microbiome	NA	Stem	MOCCA	A19	Microbiome-Stem-MOCCA-A19	Sample	NovaSeq
Stem-ITS-F7-R4	F7	R4	3	4	14	D2	NA	Microbiome	NA	Stem	RCHMD	A11	Microbiome-Stem-RCHMD-A11	Sample	NovaSeq
Stem-ITS-F7-R5	F7	R5	3	4	14	E2	NA	Microbiome	NA	Stem	RWDN	C3	Microbiome-Stem-RWDN-C3	Sample	NovaSeq
Stem-ITS-F7-R6	F7	R6	3	4	14	F2	NA	Microbiome	NA	Stem	SAW	C3	Microbiome-Stem-SAW-C3	Sample	NovaSeq
Stem-ITS-F7-R7	F7	R7	3	4	14	G2	NA	Microbiome	NA	Stem	SAW	C1	Microbiome-Stem-SAW-C1	Sample	NovaSeq
Stem-ITS-F7-R8	F7	R8	3	4	14	H2	NA	Microbiome	NA	Stem	STHWK	A15	Microbiome-Stem-STHWK-A15	Sample	NovaSeq
Stem-ITS-F7-R9	F7	R9	6	4	14	A5	NA	Microbiome	NA	Stem	STHWK	C1	Microbiome-Stem-STHWK-C1	Sample	NovaSeq
Stem-ITS-F7-R10	F7	R10	6	4	14	B5	NA	Microbiome	NA	Stem	STHWK	C5	Microbiome-Stem-STHWK-C5	Sample	NovaSeq
Stem-ITS-F7-R11	F7	R11	6	4	14	C5	NA	Microbiome	NA	Stem	STHWK	A16	Microbiome-Stem-STHWK-A16	Sample	NovaSeq
Stem-ITS-F7-R12	F7	R12	6	4	14	D5	NA	Microbiome	NA	Stem	TAWWD	C3	Microbiome-Stem-TAWWD-C3	Sample	NovaSeq
Stem-ITS-F7-R13	F7	R13	6	4	14	E5	NA	Microbiome	NA	Stem	WINDW	A8	Microbiome-Stem-WINDW-A8	Sample	NovaSeq
Stem-ITS-F7-R14	F7	R14	6	4	14	F5	NA	Microbiome	NA	Stem	ANCST	C3	Microbiome-Stem-ANCST-C3	Sample	NovaSeq
Stem-ITS-F7-R15	F7	R15	6	4	14	G5	NA	Microbiome	NA	Stem	ANCST	C1	Microbiome-Stem-ANCST-C1	Sample	NovaSeq
Stem-ITS-F7-R16	F7	R16	6	4	14	H5	NA	Microbiome	NA	Stem	ATTP	A19	Microbiome-Stem-ATTP-A19	Sample	NovaSeq
Stem-ITS-F7-R17	NA	NA	NA	NA	NA	NA	NA	Microbiome	NA	Stem	NA	NA	NA	Unused	NovaSeq
Stem-ITS-F7-R18	NA	NA	NA	NA	NA	NA	NA	Microbiome	NA	Stem	NA	NA	NA	Unused	NovaSeq
Stem-ITS-F7-R19	NA	NA	NA	NA	NA	NA	NA	Microbiome	NA	Stem	NA	NA	NA	Unused	NovaSeq
Stem-ITS-F7-R20	NA	NA	NA	NA	NA	NA	NA	Microbiome	NA	Stem	NA	NA	NA	Unused	NovaSeq
Stem-ITS-F7-R21	NA	NA	NA	NA	NA	NA	NA	Microbiome	NA	Stem	NA	NA	NA	Unused	NovaSeq
Stem-ITS-F7-R22	NA	NA	NA	NA	NA	NA	NA	Microbiome	NA	Stem	NA	NA	NA	Unused	NovaSeq
Stem-ITS-F7-R23	NA	NA	NA	NA	NA	NA	NA	Microbiome	NA	Stem	NA	NA	NA	Unused	NovaSeq
Stem-ITS-F7-R24	NA	NA	NA	NA	NA	NA	NA	Microbiome	NA	Stem	NA	NA	NA	Unused	NovaSeq
Stem-ITS-F8-R1	F8	R1	3	2	5	A8	NA	Microbiome	NA	Stem	STHWK	A14	Microbiome-Stem-STHWK-A14	Sample	NovaSeq
Stem-ITS-F8-R2	F8	R2	3	2	5	B8	NA	Microbiome	NA	Stem	STHWK	A8	Microbiome-Stem-STHWK-A8	Sample	NovaSeq
Stem-ITS-F8-R3	F8	R3	3	2	5	C8	NA	Microbiome	NA	Stem	WINDW	A10	Microbiome-Stem-WINDW-A10	Sample	NovaSeq
Stem-ITS-F8-R4	F8	R4	3	2	5	D8	NA	Microbiome	NA	Stem	ANCST	C4	Microbiome-Stem-ANCST-C4	Sample	NovaSeq
Stem-ITS-F8-R5	F8	R5	3	2	5	E8	NA	Microbiome	NA	Stem	ASHC	C5	Microbiome-Stem-ASHC-C5	Sample	NovaSeq
Stem-ITS-F8-R6	F8	R6	3	2	5	F8	NA	Microbiome	NA	Stem	ATTP	A7	Microbiome-Stem-ATTP-A7	Sample	NovaSeq
Stem-ITS-F8-R7	F8	R7	3	2	5	G8	NA	Microbiome	NA	Stem	CDPM	C3	Microbiome-Stem-CDPM-C3	Sample	NovaSeq
Stem-ITS-F8-R8	F8	R8	3	2	5	H8	NA	Microbiome	NA	Stem	CDPM	C4	Microbiome-Stem-CDPM-C4	Sample	NovaSeq
Stem-ITS-F8-R9	F8	R9	6	4	14	A6	NA	Microbiome	NA	Stem	BBW	C4	Microbiome-Stem-BBW-C4	Sample	NovaSeq
Stem-ITS-F8-R10	F8	R10	6	4	14	B6	NA	Microbiome	NA	Stem	BBW	C5	Microbiome-Stem-BBW-C5	Sample	NovaSeq
Stem-ITS-F8-R11	F8	R11	6	4	14	C6	NA	Microbiome	NA	Stem	CDPM	C2	Microbiome-Stem-CDPM-C2	Sample	NovaSeq
Stem-ITS-F8-R12	F8	R12	6	4	14	D6	NA	Microbiome	NA	Stem	DYMK	C5	Microbiome-Stem-DYMK-C5	Sample	NovaSeq
Stem-ITS-F8-R13	F8	R13	6	4	14	E6	NA	Microbiome	NA	Stem	GMKW	A13	Microbiome-Stem-GMKW-A13	Sample	NovaSeq
Stem-ITS-F8-R14	F8	R14	SR	4	14	F6	NA	Microbiome	NA	Stem	HLKH	A20	Microbiome-Stem-HLKH-A20	Sample	NovaSeq
Stem-ITS-F8-R15	F8	R15	6	4	14	G6	NA	Microbiome	NA	Stem	HLKH	A7	Microbiome-Stem-HLKH-A7	Sample	NovaSeq
Stem-ITS-F8-R16	F8	R16	6	4	14	H6	NA	Microbiome	NA	Stem	HOEF	C1	Microbiome-Stem-HOEF-C1	Sample	NovaSeq
Stem-ITS-F8-R17	NA	NA	NA	NA	NA	NA	NA	Microbiome	NA	Stem	NA	NA	NA	Unused	NovaSeq
Stem-ITS-F8-R18	NA	NA	NA	NA	NA	NA	NA	Microbiome	NA	Stem	NA	NA	NA	Unused	NovaSeq
Stem-ITS-F8-R19	NA	NA	NA	NA	NA	NA	NA	Microbiome	NA	Stem	NA	NA	NA	Unused	NovaSeq
Stem-ITS-F8-R20	NA	NA	NA	NA	NA	NA	NA	Microbiome	NA	Stem	NA	NA	NA	Unused	NovaSeq
Stem-ITS-F8-R21	NA	NA	NA	NA	NA	NA	NA	Microbiome	NA	Stem	NA	NA	NA	Unused	NovaSeq
Stem-ITS-F8-R22	NA	NA	NA	NA	NA	NA	NA	Microbiome	NA	Stem	NA	NA	NA	Unused	NovaSeq
Stem-ITS-F8-R23	NA	NA	NA	NA	NA	NA	NA	Microbiome	NA	Stem	NA	NA	NA	Unused	NovaSeq
Stem-ITS-F8-R24	NA	NA	NA	NA	NA	NA	NA	Microbiome	NA	Stem	NA	NA	NA	Unused	NovaSeq
Stem-ITS-F9-R1	F9	R1	3	2	5	A9	NA	Microbiome	NA	Stem	GMKW	A14	Microbiome-Stem-GMKW-A14	Sample	NovaSeq
Stem-ITS-F9-R2	F9	R2	3	2	5	B9	NA	Microbiome	NA	Stem	GMKW	C5	Microbiome-Stem-GMKW-C5	Sample	NovaSeq
Stem-ITS-F9-R3	F9	R3	3	2	5	C9	NA	Microbiome	NA	Stem	HLKH	C1	Microbiome-Stem-HLKH-C1	Sample	NovaSeq
Stem-ITS-F9-R4	F9	R4	3	2	5	D9	NA	Microbiome	NA	Stem	HLKH	A14	Microbiome-Stem-HLKH-A14	Sample	NovaSeq
Stem-ITS-F9-R5	F9	R5	3	2	5	E9	NA	Microbiome	NA	Stem	HOEF	A19	Microbiome-Stem-HOEF-A19	Sample	NovaSeq
Stem-ITS-F9-R6	F9	R6	3	2	5	F9	NA	Microbiome	NA	Stem	HTCH	A6	Microbiome-Stem-HTCH-A6	Sample	NovaSeq
Stem-ITS-F9-R7	F9	R7	3	2	5	G9	NA	Microbiome	NA	Stem	HTCH	A11	Microbiome-Stem-HTCH-A11	Sample	NovaSeq
Stem-ITS-F9-R8	F9	R8	3	2	5	H9	NA	Microbiome	NA	Stem	LNGDL	C3	Microbiome-Stem-LNGDL-C3	Sample	NovaSeq
Stem-ITS-F9-R9	F9	R9	6	2	6	A9	NA	Microbiome	NA	Stem	HOEF	A17	Microbiome-Stem-HOEF-A17	Sample	NovaSeq
Stem-ITS-F9-R10	F9	R10	6	2	6	B9	NA	Microbiome	NA	Stem	HOEF	A14	Microbiome-Stem-HOEF-A14	Sample	NovaSeq
Stem-ITS-F9-R11	F9	R11	6	2	6	C9	NA	Microbiome	NA	Stem	HTCH	C5	Microbiome-Stem-HTCH-C5	Sample	NovaSeq
Stem-ITS-F9-R12	F9	R12	6	2	6	D9	NA	Microbiome	NA	Stem	HTCH	C2	Microbiome-Stem-HTCH-C2	Sample	NovaSeq
Stem-ITS-F9-R13	F9	R13	6	2	6	E9	NA	Microbiome	NA	Stem	NA	NA	Microbiome-Stem-Negctrl-6	DNA_Negative	NovaSeq
Stem-ITS-F9-R14	F9	R14	7	2	6	F9	NA	Microbiome	NA	Stem	LINEAG	C2	Microbiome-Stem-LINEAG-C2	Sample	NovaSeq
Stem-ITS-F9-R15	F9	R15	7	2	6	G9	NA	Microbiome	NA	Stem	MALDW	C1	Microbiome-Stem-MALDW-C1	Sample	NovaSeq
Stem-ITS-F9-R16	F9	R16	7	2	6	H9	NA	Microbiome	NA	Stem	MCOU	C5	Microbiome-Stem-MCOU-C5	Sample	NovaSeq
Stem-ITS-F9-R17	NA	NA	NA	NA	NA	NA	NA	Microbiome	NA	Stem	NA	NA	NA	Unused	NovaSeq
Stem-ITS-F9-R18	NA	NA	NA	NA	NA	NA	NA	Microbiome	NA	Stem	NA	NA	NA	Unused	NovaSeq
Stem-ITS-F9-R19	NA	NA	NA	NA	NA	NA	NA	Microbiome	NA	Stem	NA	NA	NA	Unused	NovaSeq
Stem-ITS-F9-R20	NA	NA	NA	NA	NA	NA	NA	Microbiome	NA	Stem	NA	NA	NA	Unused	NovaSeq
Stem-ITS-F9-R21	NA	NA	NA	NA	NA	NA	NA	Microbiome	NA	Stem	NA	NA	NA	Unused	NovaSeq
Stem-ITS-F9-R22	NA	NA	NA	NA	NA	NA	NA	Microbiome	NA	Stem	NA	NA	NA	Unused	NovaSeq
Stem-ITS-F9-R23	NA	NA	NA	NA	NA	NA	NA	Microbiome	NA	Stem	NA	NA	NA	Unused	NovaSeq
Stem-ITS-F9-R24	NA	NA	NA	NA	NA	NA	NA	Microbiome	NA	Stem	NA	NA	NA	Unused	NovaSeq
Stem-ITS-F10-R1	F10	R1	3	2	5	A10	NA	Microbiome	NA	Stem	MALDW	C5	Microbiome-Stem-MALDW-C5	Sample	NovaSeq
Stem-ITS-F10-R2	F10	R2	3	2	5	B10	NA	Microbiome	NA	Stem	MTRD	C4	Microbiome-Stem-MTRD-C4	Sample	NovaSeq
Stem-ITS-F10-R3	F10	R3	3	2	5	C10	NA	Microbiome	NA	Stem	NA	NA	Microbiome-Stem-Negctrl-3	DNA_Negative	NovaSeq
Stem-ITS-F10-R4	F10	R4	4	2	5	D10	NA	Microbiome	NA	Stem	MTRD	C3	Microbiome-Stem-MTRD-C3	Sample	NovaSeq
Stem-ITS-F10-R5	F10	R5	4	2	5	E10	NA	Microbiome	NA	Stem	RCHMD	A8	Microbiome-Stem-RCHMD-A8	Sample	NovaSeq
Stem-ITS-F10-R6	F10	R6	4	2	5	F10	NA	Microbiome	NA	Stem	RCHMD	C3	Microbiome-Stem-RCHMD-C3	Sample	NovaSeq
Stem-ITS-F10-R7	F10	R7	4	2	5	G10	NA	Microbiome	NA	Stem	RWDN	C5	Microbiome-Stem-RWDN-C5	Sample	NovaSeq
Stem-ITS-F10-R8	F10	R8	4	2	5	H10	NA	Microbiome	NA	Stem	SAW	C5	Microbiome-Stem-SAW-C5	Sample	NovaSeq
Stem-ITS-F10-R9	F10	R9	7	4	14	A7	NA	Microbiome	NA	Stem	MOCCA	A15	Microbiome-Stem-MOCCA-A15	Sample	NovaSeq
Stem-ITS-F10-R10	F10	R10	7	4	14	B7	NA	Microbiome	NA	Stem	MOCCA	C5	Microbiome-Stem-MOCCA-C5	Sample	NovaSeq
Stem-ITS-F10-R11	F10	R11	7	4	14	C7	NA	Microbiome	NA	Stem	RCHMD	A19	Microbiome-Stem-RCHMD-A19	Sample	NovaSeq
Stem-ITS-F10-R12	F10	R12	7	4	14	D7	NA	Microbiome	NA	Stem	RCHMD	A20	Microbiome-Stem-RCHMD-A20	Sample	NovaSeq
Stem-ITS-F10-R13	F10	R13	7	4	14	E7	NA	Microbiome	NA	Stem	RCHMD	A7	Microbiome-Stem-RCHMD-A7	Sample	NovaSeq
Stem-ITS-F10-R14	F10	R14	7	4	14	F7	NA	Microbiome	NA	Stem	STHWK	C3	Microbiome-Stem-STHWK-C3	Sample	NovaSeq
Stem-ITS-F10-R15	F10	R15	7	4	14	G7	NA	Microbiome	NA	Stem	STHWK	A7	Microbiome-Stem-STHWK-A7	Sample	NovaSeq
Stem-ITS-F10-R16	F10	R16	7	4	14	H7	NA	Microbiome	NA	Stem	STRTS	C2	Microbiome-Stem-STRTS-C2	Sample	NovaSeq
Stem-ITS-F10-R17	NA	NA	NA	NA	NA	NA	NA	Microbiome	NA	Stem	NA	NA	NA	Unused	NovaSeq
Stem-ITS-F10-R18	NA	NA	NA	NA	NA	NA	NA	Microbiome	NA	Stem	NA	NA	NA	Unused	NovaSeq
Stem-ITS-F10-R19	NA	NA	NA	NA	NA	NA	NA	Microbiome	NA	Stem	NA	NA	NA	Unused	NovaSeq
Stem-ITS-F10-R20	NA	NA	NA	NA	NA	NA	NA	Microbiome	NA	Stem	NA	NA	NA	Unused	NovaSeq
Stem-ITS-F10-R21	NA	NA	NA	NA	NA	NA	NA	Microbiome	NA	Stem	NA	NA	NA	Unused	NovaSeq
Stem-ITS-F10-R22	NA	NA	NA	NA	NA	NA	NA	Microbiome	NA	Stem	NA	NA	NA	Unused	NovaSeq
Stem-ITS-F10-R23	NA	NA	NA	NA	NA	NA	NA	Microbiome	NA	Stem	NA	NA	NA	Unused	NovaSeq
Stem-ITS-F10-R24	NA	NA	NA	NA	NA	NA	NA	Microbiome	NA	Stem	NA	NA	NA	Unused	NovaSeq
Stem-ITS-F11-R1	F11	R1	4	2	5	A11	NA	Microbiome	NA	Stem	SLCY	C1	Microbiome-Stem-SLCY-C1	Sample	NovaSeq
Stem-ITS-F11-R2	F11	R2	4	2	5	B11	NA	Microbiome	NA	Stem	SNDR	C5	Microbiome-Stem-SNDR-C5	Sample	NovaSeq
Stem-ITS-F11-R3	F11	R3	4	2	5	C11	NA	Microbiome	NA	Stem	STHWK	C4	Microbiome-Stem-STHWK-C4	Sample	NovaSeq
Stem-ITS-F11-R4	F11	R4	4	2	5	D11	NA	Microbiome	NA	Stem	STHWK	A11	Microbiome-Stem-STHWK-A11	Sample	NovaSeq
Stem-ITS-F11-R5	F11	R5	4	2	5	E11	NA	Microbiome	NA	Stem	STHWK	A10	Microbiome-Stem-STHWK-A10	Sample	NovaSeq
Stem-ITS-F11-R6	F11	R6	4	2	5	F11	NA	Microbiome	NA	Stem	STRTS	C3	Microbiome-Stem-STRTS-C3	Sample	NovaSeq
Stem-ITS-F11-R7	F11	R7	4	2	5	G11	NA	Microbiome	NA	Stem	WINDW	C4	Microbiome-Stem-WINDW-C4	Sample	NovaSeq
Stem-ITS-F11-R8	F11	R8	4	2	5	H11	NA	Microbiome	NA	Stem	WINDW	A16	Microbiome-Stem-WINDW-A16	Sample	NovaSeq
Stem-ITS-F11-R9	F11	R9	7	2	6	A11	NA	Microbiome	NA	Stem	TAWWD	C1	Microbiome-Stem-TAWWD-C1	Sample	NovaSeq
Stem-ITS-F11-R10	F11	R10	7	2	6	B11	NA	Microbiome	NA	Stem	WINDW	A7	Microbiome-Stem-WINDW-A7	Sample	NovaSeq
Stem-ITS-F11-R11	F11	R11	7	2	6	C11	NA	Microbiome	NA	Stem	WINDW	A6	Microbiome-Stem-WINDW-A6	Sample	NovaSeq
Stem-ITS-F11-R12	F11	R12	7	2	6	D11	NA	Microbiome	NA	Stem	ATTP	A6	Microbiome-Stem-ATTP-A6	Sample	NovaSeq
Stem-ITS-F11-R13	F11	R13	7	2	6	E11	NA	Microbiome	NA	Stem	ATTP	A13	Microbiome-Stem-ATTP-A13	Sample	NovaSeq
Stem-ITS-F11-R14	F11	R14	7	2	6	F11	NA	Microbiome	NA	Stem	ATTP	A8	Microbiome-Stem-ATTP-A8	Sample	NovaSeq
Stem-ITS-F11-R15	F11	R15	7	2	6	G11	NA	Microbiome	NA	Stem	ATTP	A9	Microbiome-Stem-ATTP-A9	Sample	NovaSeq
Stem-ITS-F11-R16	F11	R16	7	2	6	H11	NA	Microbiome	NA	Stem	ATTP	A11	Microbiome-Stem-ATTP-A11	Sample	NovaSeq
Stem-ITS-F11-R17	NA	NA	NA	NA	NA	NA	NA	Microbiome	NA	Stem	NA	NA	NA	Unused	NovaSeq
Stem-ITS-F11-R18	NA	NA	NA	NA	NA	NA	NA	Microbiome	NA	Stem	NA	NA	NA	Unused	NovaSeq
Stem-ITS-F11-R19	NA	NA	NA	NA	NA	NA	NA	Microbiome	NA	Stem	NA	NA	NA	Unused	NovaSeq
Stem-ITS-F11-R20	NA	NA	NA	NA	NA	NA	NA	Microbiome	NA	Stem	NA	NA	NA	Unused	NovaSeq
Stem-ITS-F11-R21	NA	NA	NA	NA	NA	NA	NA	Microbiome	NA	Stem	NA	NA	NA	Unused	NovaSeq
Stem-ITS-F11-R22	NA	NA	NA	NA	NA	NA	NA	Microbiome	NA	Stem	NA	NA	NA	Unused	NovaSeq
Stem-ITS-F11-R23	NA	NA	NA	NA	NA	NA	NA	Microbiome	NA	Stem	NA	NA	NA	Unused	NovaSeq
Stem-ITS-F11-R24	NA	NA	NA	NA	NA	NA	NA	Microbiome	NA	Stem	NA	NA	NA	Unused	NovaSeq
Stem-ITS-F12-R1	F12	R1	4	4	14	A3	NA	Microbiome	NA	Stem	WLDCP	C1	Microbiome-Stem-WLDCP-C1	Sample	NovaSeq
Stem-ITS-F12-R2	F12	R2	4	4	14	B3	NA	Microbiome	NA	Stem	ATTP	A15	Microbiome-Stem-ATTP-A15	Sample	NovaSeq
Stem-ITS-F12-R3	F12	R3	4	4	14	C3	NA	Microbiome	NA	Stem	ATTP	A14	Microbiome-Stem-ATTP-A14	Sample	NovaSeq
Stem-ITS-F12-R4	F12	R4	4	4	14	D3	NA	Microbiome	NA	Stem	BBW	C1	Microbiome-Stem-BBW-C1	Sample	NovaSeq
Stem-ITS-F12-R5	F12	R5	4	4	14	E3	NA	Microbiome	NA	Stem	CDS	C5	Microbiome-Stem-CDS-C5	Sample	NovaSeq
Stem-ITS-F12-R6	F12	R6	4	4	14	F3	NA	Microbiome	NA	Stem	CDS	C3	Microbiome-Stem-CDS-C3	Sample	NovaSeq
Stem-ITS-F12-R7	F12	R7	4	4	14	G3	NA	Microbiome	NA	Stem	DYMK	C4	Microbiome-Stem-DYMK-C4	Sample	NovaSeq
Stem-ITS-F12-R8	F12	R8	4	4	14	H3	NA	Microbiome	NA	Stem	GMKW	A6	Microbiome-Stem-GMKW-A6	Sample	NovaSeq
Stem-ITS-F12-R9	F12	R9	7	2	6	A12	NA	Microbiome	NA	Stem	CDPM	C1	Microbiome-Stem-CDPM-C1	Sample	NovaSeq
Stem-ITS-F12-R10	F12	R10	7	2	6	B12	NA	Microbiome	NA	Stem	CROC	C3	Microbiome-Stem-CROC-C3	Sample	NovaSeq
Stem-ITS-F12-R11	F12	R11	7	2	6	C12	NA	Microbiome	NA	Stem	CROC	C1	Microbiome-Stem-CROC-C1	Sample	NovaSeq
Stem-ITS-F12-R12	F12	R12	7	2	6	D12	NA	Microbiome	NA	Stem	GMKW	A7	Microbiome-Stem-GMKW-A7	Sample	NovaSeq
Stem-ITS-F12-R13	F12	R13	7	2	6	E12	NA	Microbiome	NA	Stem	GMKW	A9	Microbiome-Stem-GMKW-A9	Sample	NovaSeq
Stem-ITS-F12-R14	F12	R14	7	2	6	F12	NA	Microbiome	NA	Stem	HOEF	C3	Microbiome-Stem-HOEF-C3	Sample	NovaSeq
Stem-ITS-F12-R15	F12	R15	7	2	6	G12	NA	Microbiome	NA	Stem	HTCH	A14	Microbiome-Stem-HTCH-A14	Sample	NovaSeq
Stem-ITS-F12-R16	F12	R16	7	2	6	H12	NA	Microbiome	NA	Stem	HTCH	A8	Microbiome-Stem-HTCH-A8	Sample	NovaSeq
Stem-ITS-F12-R17	NA	NA	NA	NA	NA	NA	NA	Microbiome	NA	Stem	NA	NA	NA	Unused	NovaSeq
Stem-ITS-F12-R18	NA	NA	NA	NA	NA	NA	NA	Microbiome	NA	Stem	NA	NA	NA	Unused	NovaSeq
Stem-ITS-F12-R19	NA	NA	NA	NA	NA	NA	NA	Microbiome	NA	Stem	NA	NA	NA	Unused	NovaSeq
Stem-ITS-F12-R20	NA	NA	NA	NA	NA	NA	NA	Microbiome	NA	Stem	NA	NA	NA	Unused	NovaSeq
Stem-ITS-F12-R21	NA	NA	NA	NA	NA	NA	NA	Microbiome	NA	Stem	NA	NA	NA	Unused	NovaSeq
Stem-ITS-F12-R22	NA	NA	NA	NA	NA	NA	NA	Microbiome	NA	Stem	NA	NA	NA	Unused	NovaSeq
Stem-ITS-F12-R23	NA	NA	NA	NA	NA	NA	NA	Microbiome	NA	Stem	NA	NA	NA	Unused	NovaSeq
Stem-ITS-F12-R24	NA	NA	NA	NA	NA	NA	NA	Microbiome	NA	Stem	NA	NA	NA	Unused	NovaSeq
Stem-ITS-F13-R1	F13	R1	11	2	8	A1	NA	Microbiome	NA	Stem	MOCCA	A7	Microbiome-Stem-MOCCA-A7	Sample	NovaSeq
Stem-ITS-F13-R2	F13	R2	11	2	8	B1	NA	Microbiome	NA	Stem	MOCCA	A17	Microbiome-Stem-MOCCA-A17	Sample	NovaSeq
Stem-ITS-F13-R3	F13	R3	11	2	8	C1	NA	Microbiome	NA	Stem	MTRD	C1	Microbiome-Stem-MTRD-C1	Sample	NovaSeq
Stem-ITS-F13-R4	F13	R4	11	2	8	D1	NA	Microbiome	NA	Stem	RCHMD	A9	Microbiome-Stem-RCHMD-A9	Sample	NovaSeq
Stem-ITS-F13-R5	F13	R5	11	2	8	E1	NA	Microbiome	NA	Stem	RCHMD	A16	Microbiome-Stem-RCHMD-A16	Sample	NovaSeq
Stem-ITS-F13-R6	F13	R6	11	2	8	F1	NA	Microbiome	NA	Stem	RCHMD	C5	Microbiome-Stem-RCHMD-C5	Sample	NovaSeq
Stem-ITS-F13-R7	F13	R7	11	2	8	G1	NA	Microbiome	NA	Stem	SAW	C2	Microbiome-Stem-SAW-C2	Sample	NovaSeq
Stem-ITS-F13-R8	F13	R8	11	2	8	H1	NA	Microbiome	NA	Stem	STRTS	C5	Microbiome-Stem-STRTS-C5	Sample	NovaSeq
Stem-ITS-F13-R9	NA	NA	NA	NA	NA	NA	NA	Microbiome	NA	Stem	NA	NA	NA	Unused	NovaSeq
Stem-ITS-F13-R10	NA	NA	NA	NA	NA	NA	NA	Microbiome	NA	Stem	NA	NA	NA	Unused	NovaSeq
Stem-ITS-F13-R11	NA	NA	NA	NA	NA	NA	NA	Microbiome	NA	Stem	NA	NA	NA	Unused	NovaSeq
Stem-ITS-F13-R12	NA	NA	NA	NA	NA	NA	NA	Microbiome	NA	Stem	NA	NA	NA	Unused	NovaSeq
Stem-ITS-F13-R13	NA	NA	NA	NA	NA	NA	NA	Microbiome	NA	Stem	NA	NA	NA	Unused	NovaSeq
Stem-ITS-F13-R14	NA	NA	NA	NA	NA	NA	NA	Microbiome	NA	Stem	NA	NA	NA	Unused	NovaSeq
Stem-ITS-F13-R15	NA	NA	NA	NA	NA	NA	NA	Microbiome	NA	Stem	NA	NA	NA	Unused	NovaSeq
Stem-ITS-F13-R16	NA	NA	NA	NA	NA	NA	NA	Microbiome	NA	Stem	NA	NA	NA	Unused	NovaSeq
Stem-ITS-F13-R17	F13	R17	7	2	7	A1	NA	Microbiome	NA	Stem	LNGDL	A8	Microbiome-Stem-LNGDL-A8	Sample	NovaSeq
Stem-ITS-F13-R18	F13	R18	7	2	7	B1	NA	Microbiome	NA	Stem	LNGDL	C5	Microbiome-Stem-LNGDL-C5	Sample	NovaSeq
Stem-ITS-F13-R19	F13	R19	7	2	7	C1	NA	Microbiome	NA	Stem	NA	NA	Microbiome-Stem-Negctrl-7	DNA_Negative	NovaSeq
Stem-ITS-F13-R20	F13	R20	8	2	7	D1	NA	Microbiome	NA	Stem	LNGDL	A12	Microbiome-Stem-LNGDL-A12	Sample	NovaSeq
Stem-ITS-F13-R21	F13	R21	8	2	7	E1	NA	Microbiome	NA	Stem	LNGDL	A17	Microbiome-Stem-LNGDL-A17	Sample	NovaSeq
Stem-ITS-F13-R22	F13	R22	8	2	7	F1	NA	Microbiome	NA	Stem	LNGDL	A19	Microbiome-Stem-LNGDL-A19	Sample	NovaSeq
Stem-ITS-F13-R23	F13	R23	8	2	7	G1	NA	Microbiome	NA	Stem	LWBKR	C5	Microbiome-Stem-LWBKR-C5	Sample	NovaSeq
Stem-ITS-F13-R24	F13	R24	8	2	7	H1	NA	Microbiome	NA	Stem	MALDW	C2	Microbiome-Stem-MALDW-C2	Sample	NovaSeq
Stem-ITS-F14-R1	F14	R1	11	2	8	A2	NA	Microbiome	NA	Stem	TAWWD	C5	Microbiome-Stem-TAWWD-C5	Sample	NovaSeq
Stem-ITS-F14-R2	F14	R2	11	2	8	B2	NA	Microbiome	NA	Stem	WINDW	A17	Microbiome-Stem-WINDW-A17	Sample	NovaSeq
Stem-ITS-F14-R3	F14	R3	11	2	8	C2	NA	Microbiome	NA	Stem	WINDW	A15	Microbiome-Stem-WINDW-A15	Sample	NovaSeq
Stem-ITS-F14-R4	F14	R4	11	2	8	D2	NA	Microbiome	NA	Stem	CDS	C1	Microbiome-Stem-CDS-C1	Sample	NovaSeq
Stem-ITS-F14-R5	F14	R5	11	2	8	E2	NA	Microbiome	NA	Stem	CDS	C2	Microbiome-Stem-CDS-C2	Sample	NovaSeq
Stem-ITS-F14-R6	F14	R6	11	2	8	F2	NA	Microbiome	NA	Stem	HLKH	A11	Microbiome-Stem-HLKH-A11	Sample	NovaSeq
Stem-ITS-F14-R7	F14	R7	11	2	8	G2	NA	Microbiome	NA	Stem	HRWD	C1	Microbiome-Stem-HRWD-C1	Sample	NovaSeq
Stem-ITS-F14-R8	F14	R8	11	2	8	H2	NA	Microbiome	NA	Stem	LNGDL	A20	Microbiome-Stem-LNGDL-A20	Sample	NovaSeq
Stem-ITS-F14-R9	NA	NA	NA	NA	NA	NA	NA	Microbiome	NA	Stem	NA	NA	NA	Unused	NovaSeq
Stem-ITS-F14-R10	NA	NA	NA	NA	NA	NA	NA	Microbiome	NA	Stem	NA	NA	NA	Unused	NovaSeq
Stem-ITS-F14-R11	NA	NA	NA	NA	NA	NA	NA	Microbiome	NA	Stem	NA	NA	NA	Unused	NovaSeq
Stem-ITS-F14-R12	NA	NA	NA	NA	NA	NA	NA	Microbiome	NA	Stem	NA	NA	NA	Unused	NovaSeq
Stem-ITS-F14-R13	NA	NA	NA	NA	NA	NA	NA	Microbiome	NA	Stem	NA	NA	NA	Unused	NovaSeq
Stem-ITS-F14-R14	NA	NA	NA	NA	NA	NA	NA	Microbiome	NA	Stem	NA	NA	NA	Unused	NovaSeq
Stem-ITS-F14-R15	NA	NA	NA	NA	NA	NA	NA	Microbiome	NA	Stem	NA	NA	NA	Unused	NovaSeq
Stem-ITS-F14-R16	NA	NA	NA	NA	NA	NA	NA	Microbiome	NA	Stem	NA	NA	NA	Unused	NovaSeq
Stem-ITS-F14-R17	F14	R17	8	2	7	A2	NA	Microbiome	NA	Stem	MOCCA	C2	Microbiome-Stem-MOCCA-C2	Sample	NovaSeq
Stem-ITS-F14-R18	F14	R18	8	2	7	B2	NA	Microbiome	NA	Stem	MOCCA	A12	Microbiome-Stem-MOCCA-A12	Sample	NovaSeq
Stem-ITS-F14-R19	F14	R19	8	2	7	C2	NA	Microbiome	NA	Stem	RCHMD	A14	Microbiome-Stem-RCHMD-A14	Sample	NovaSeq
Stem-ITS-F14-R20	F14	R20	8	2	7	D2	NA	Microbiome	NA	Stem	SAW	C4	Microbiome-Stem-SAW-C4	Sample	NovaSeq
Stem-ITS-F14-R21	F14	R21	8	2	7	E2	NA	Microbiome	NA	Stem	SLCY	C4	Microbiome-Stem-SLCY-C4	Sample	NovaSeq
Stem-ITS-F14-R22	F14	R22	8	2	7	F2	NA	Microbiome	NA	Stem	SNDR	C2	Microbiome-Stem-SNDR-C2	Sample	NovaSeq
Stem-ITS-F14-R23	F14	R23	8	2	7	G2	NA	Microbiome	NA	Stem	STHWK	A9	Microbiome-Stem-STHWK-A9	Sample	NovaSeq
Stem-ITS-F14-R24	F14	R24	8	2	7	H2	NA	Microbiome	NA	Stem	WINDW	A14	Microbiome-Stem-WINDW-A14	Sample	NovaSeq
Stem-ITS-F15-R1	F15	R1	11	2	8	A3	NA	Microbiome	NA	Stem	LWBKR	C4	Microbiome-Stem-LWBKR-C4	Sample	NovaSeq
Stem-ITS-F15-R2	F15	R2	11	2	8	B3	NA	Microbiome	NA	Stem	SLCY	C5	Microbiome-Stem-SLCY-C5	Sample	NovaSeq
Stem-ITS-F15-R3	F15	R3	11	2	8	C3	NA	Microbiome	NA	Stem	STHWK	C2	Microbiome-Stem-STHWK-C2	Sample	NovaSeq
Stem-ITS-F15-R4	F15	R4	11	2	8	D3	NA	Microbiome	NA	Stem	WINDW	A20	Microbiome-Stem-WINDW-A20	Sample	NovaSeq
Stem-ITS-F15-R5	F15	R5	11	2	8	E3	NA	Microbiome	NA	Stem	WLDCP	C5	Microbiome-Stem-WLDCP-C5	Sample	NovaSeq
Stem-ITS-F15-R6	F15	R6	11	2	8	F3	NA	Microbiome	NA	Stem	MOCCA	CE28	Microbiome-Stem-MOCCA-CE28	Sample	NovaSeq
Stem-ITS-F15-R7	F15	R7	11	2	8	G3	NA	Microbiome	NA	Stem	MOCCA	E39	Microbiome-Stem-MOCCA-E39	Sample	NovaSeq
Stem-ITS-F15-R8	F15	R8	11	2	8	H3	NA	Microbiome	NA	Stem	MOCCA	CE22	Microbiome-Stem-MOCCA-CE22	Sample	NovaSeq
Stem-ITS-F15-R9	NA	NA	NA	NA	NA	NA	NA	Microbiome	NA	Stem	NA	NA	NA	Unused	NovaSeq
Stem-ITS-F15-R10	NA	NA	NA	NA	NA	NA	NA	Microbiome	NA	Stem	NA	NA	NA	Unused	NovaSeq
Stem-ITS-F15-R11	NA	NA	NA	NA	NA	NA	NA	Microbiome	NA	Stem	NA	NA	NA	Unused	NovaSeq
Stem-ITS-F15-R12	NA	NA	NA	NA	NA	NA	NA	Microbiome	NA	Stem	NA	NA	NA	Unused	NovaSeq
Stem-ITS-F15-R13	NA	NA	NA	NA	NA	NA	NA	Microbiome	NA	Stem	NA	NA	NA	Unused	NovaSeq
Stem-ITS-F15-R14	NA	NA	NA	NA	NA	NA	NA	Microbiome	NA	Stem	NA	NA	NA	Unused	NovaSeq
Stem-ITS-F15-R15	NA	NA	NA	NA	NA	NA	NA	Microbiome	NA	Stem	NA	NA	NA	Unused	NovaSeq
Stem-ITS-F15-R16	NA	NA	NA	NA	NA	NA	NA	Microbiome	NA	Stem	NA	NA	NA	Unused	NovaSeq
Stem-ITS-F15-R17	F15	R17	8	2	7	A3	NA	Microbiome	NA	Stem	WINDW	A11	Microbiome-Stem-WINDW-A11	Sample	NovaSeq
Stem-ITS-F15-R18	F15	R18	8	2	7	B3	NA	Microbiome	NA	Stem	ANCST	C2	Microbiome-Stem-ANCST-C2	Sample	NovaSeq
Stem-ITS-F15-R19	F15	R19	8	2	7	C3	NA	Microbiome	NA	Stem	ASHC	C3	Microbiome-Stem-ASHC-C3	Sample	NovaSeq
Stem-ITS-F15-R20	F15	R20	8	2	7	D3	NA	Microbiome	NA	Stem	ASHC	C2	Microbiome-Stem-ASHC-C2	Sample	NovaSeq
Stem-ITS-F15-R21	F15	R21	8	2	7	E3	NA	Microbiome	NA	Stem	DYMK	C3	Microbiome-Stem-DYMK-C3	Sample	NovaSeq
Stem-ITS-F15-R22	F15	R22	8	2	7	F3	NA	Microbiome	NA	Stem	DYMK	C2	Microbiome-Stem-DYMK-C2	Sample	NovaSeq
Stem-ITS-F15-R23	F15	R23	8	2	7	G3	NA	Microbiome	NA	Stem	GMKW	A16	Microbiome-Stem-GMKW-A16	Sample	NovaSeq
Stem-ITS-F15-R24	F15	R24	8	2	7	H3	NA	Microbiome	NA	Stem	HLKH	A8	Microbiome-Stem-HLKH-A8	Sample	NovaSeq
Stem-ITS-F16-R1	F16	R1	11	2	8	A4	NA	Microbiome	NA	Stem	MOCCA	E40	Microbiome-Stem-MOCCA-E40	Sample	NovaSeq
Stem-ITS-F16-R2	F16	R2	11	2	8	B4	NA	Microbiome	NA	Stem	MOCCA	E45	Microbiome-Stem-MOCCA-E45	Sample	NovaSeq
Stem-ITS-F16-R3	F16	R3	11	2	8	C4	NA	Microbiome	NA	Stem	NA	NA	Microbiome-Stem-Negctrl-11	DNA_Negative	NovaSeq
Stem-ITS-F16-R4	F16	R4	12	2	8	D4	NA	Microbiome	NA	Stem	MOCCA	CE27	Microbiome-Stem-MOCCA-CE27	Sample	NovaSeq
Stem-ITS-F16-R5	F16	R5	12	2	8	E4	NA	Microbiome	NA	Stem	MOCCA	E38	Microbiome-Stem-MOCCA-E38	Sample	NovaSeq
Stem-ITS-F16-R6	F16	R6	12	2	8	F4	NA	Microbiome	NA	Stem	MOCCA	E31	Microbiome-Stem-MOCCA-E31	Sample	NovaSeq
Stem-ITS-F16-R7	F16	R7	12	2	8	G4	NA	Microbiome	NA	Stem	MOCCA	E32	Microbiome-Stem-MOCCA-E32	Sample	NovaSeq
Stem-ITS-F16-R8	F16	R8	12	2	8	H4	NA	Microbiome	NA	Stem	MOCCA	CE26	Microbiome-Stem-MOCCA-CE26	Sample	NovaSeq
Stem-ITS-F16-R9	NA	NA	NA	NA	NA	NA	NA	Microbiome	NA	Stem	NA	NA	NA	Unused	NovaSeq
Stem-ITS-F16-R10	NA	NA	NA	NA	NA	NA	NA	Microbiome	NA	Stem	NA	NA	NA	Unused	NovaSeq
Stem-ITS-F16-R11	NA	NA	NA	NA	NA	NA	NA	Microbiome	NA	Stem	NA	NA	NA	Unused	NovaSeq
Stem-ITS-F16-R12	NA	NA	NA	NA	NA	NA	NA	Microbiome	NA	Stem	NA	NA	NA	Unused	NovaSeq
Stem-ITS-F16-R13	NA	NA	NA	NA	NA	NA	NA	Microbiome	NA	Stem	NA	NA	NA	Unused	NovaSeq
Stem-ITS-F16-R14	NA	NA	NA	NA	NA	NA	NA	Microbiome	NA	Stem	NA	NA	NA	Unused	NovaSeq
Stem-ITS-F16-R15	NA	NA	NA	NA	NA	NA	NA	Microbiome	NA	Stem	NA	NA	NA	Unused	NovaSeq
Stem-ITS-F16-R16	NA	NA	NA	NA	NA	NA	NA	Microbiome	NA	Stem	NA	NA	NA	Unused	NovaSeq
Stem-ITS-F16-R17	F16	R17	8	2	7	A4	NA	Microbiome	NA	Stem	HLKH	C2	Microbiome-Stem-HLKH-C2	Sample	NovaSeq
Stem-ITS-F16-R18	F16	R18	8	2	7	B4	NA	Microbiome	NA	Stem	HLKH	A19	Microbiome-Stem-HLKH-A19	Sample	NovaSeq
Stem-ITS-F16-R19	F16	R19	8	2	7	C4	NA	Microbiome	NA	Stem	HLKH	A13	Microbiome-Stem-HLKH-A13	Sample	NovaSeq
Stem-ITS-F16-R20	F16	R20	8	2	7	D4	NA	Microbiome	NA	Stem	HOEF	A18	Microbiome-Stem-HOEF-A18	Sample	NovaSeq
Stem-ITS-F16-R21	F16	R21	8	2	7	E4	NA	Microbiome	NA	Stem	HRWD	C4	Microbiome-Stem-HRWD-C4	Sample	NovaSeq
Stem-ITS-F16-R22	F16	R22	8	2	7	F4	NA	Microbiome	NA	Stem	HTCH	A20	Microbiome-Stem-HTCH-A20	Sample	NovaSeq
Stem-ITS-F16-R23	F16	R23	8	2	7	G4	NA	Microbiome	NA	Stem	LNGDL	C1	Microbiome-Stem-LNGDL-C1	Sample	NovaSeq
Stem-ITS-F16-R24	F16	R24	SR	2	7	H4	NA	Microbiome	NA	Stem	LNGDL	A13	Microbiome-Stem-LNGDL-A13	Sample	NovaSeq
Stem-ITS-F17-R1	F17	R1	12	4	14	A10	NA	Microbiome	NA	Stem	MOCCA	CE23	Microbiome-Stem-MOCCA-CE23	Sample	NovaSeq
Stem-ITS-F17-R2	F17	R2	12	4	14	B10	NA	Microbiome	NA	Stem	MOCCA	E41	Microbiome-Stem-MOCCA-E41	Sample	NovaSeq
Stem-ITS-F17-R3	F17	R3	12	4	14	C10	NA	Microbiome	NA	Stem	MOCCA	E43	Microbiome-Stem-MOCCA-E43	Sample	NovaSeq
Stem-ITS-F17-R4	F17	R4	12	4	14	D10	NA	Microbiome	NA	Stem	MOCCA	CE21	Microbiome-Stem-MOCCA-CE21	Sample	NovaSeq
Stem-ITS-F17-R5	F17	R5	12	4	14	E10	NA	Microbiome	NA	Stem	MOCCA	E33	Microbiome-Stem-MOCCA-E33	Sample	NovaSeq
Stem-ITS-F17-R6	F17	R6	12	4	14	F10	NA	Microbiome	NA	Stem	MOCCA	E42	Microbiome-Stem-MOCCA-E42	Sample	NovaSeq
Stem-ITS-F17-R7	F17	R7	12	4	14	G10	NA	Microbiome	NA	Stem	MOCCA	E35	Microbiome-Stem-MOCCA-E35	Sample	NovaSeq
Stem-ITS-F17-R8	F17	R8	12	4	14	H10	NA	Microbiome	NA	Stem	STHWK	E35	Microbiome-Stem-STHWK-E35	Sample	NovaSeq
Stem-ITS-F17-R9	NA	NA	NA	NA	NA	NA	NA	Microbiome	NA	Stem	NA	NA	NA	Unused	NovaSeq
Stem-ITS-F17-R10	NA	NA	NA	NA	NA	NA	NA	Microbiome	NA	Stem	NA	NA	NA	Unused	NovaSeq
Stem-ITS-F17-R11	NA	NA	NA	NA	NA	NA	NA	Microbiome	NA	Stem	NA	NA	NA	Unused	NovaSeq
Stem-ITS-F17-R12	NA	NA	NA	NA	NA	NA	NA	Microbiome	NA	Stem	NA	NA	NA	Unused	NovaSeq
Stem-ITS-F17-R13	NA	NA	NA	NA	NA	NA	NA	Microbiome	NA	Stem	NA	NA	NA	Unused	NovaSeq
Stem-ITS-F17-R14	NA	NA	NA	NA	NA	NA	NA	Microbiome	NA	Stem	NA	NA	NA	Unused	NovaSeq
Stem-ITS-F17-R15	NA	NA	NA	NA	NA	NA	NA	Microbiome	NA	Stem	NA	NA	NA	Unused	NovaSeq
Stem-ITS-F17-R16	NA	NA	NA	NA	NA	NA	NA	Microbiome	NA	Stem	NA	NA	NA	Unused	NovaSeq
Stem-ITS-F17-R17	F17	R17	8	2	7	A5	NA	Microbiome	NA	Stem	NA	NA	Microbiome-Stem-Negctrl-8	DNA_Negative	NovaSeq
Stem-ITS-F17-R18	F17	R18	9	2	7	B5	NA	Microbiome	NA	Stem	LNGDL	A18	Microbiome-Stem-LNGDL-A18	Sample	NovaSeq
Stem-ITS-F17-R19	F17	R19	9	2	7	C5	NA	Microbiome	NA	Stem	LWBKR	C2	Microbiome-Stem-LWBKR-C2	Sample	NovaSeq
Stem-ITS-F17-R20	F17	R20	9	2	7	D5	NA	Microbiome	NA	Stem	MCOU	C3	Microbiome-Stem-MCOU-C3	Sample	NovaSeq
Stem-ITS-F17-R21	F17	R21	9	2	7	E5	NA	Microbiome	NA	Stem	MCOU	C1	Microbiome-Stem-MCOU-C1	Sample	NovaSeq
Stem-ITS-F17-R22	F17	R22	9	2	7	F5	NA	Microbiome	NA	Stem	MTRD	C5	Microbiome-Stem-MTRD-C5	Sample	NovaSeq
Stem-ITS-F17-R23	F17	R23	9	2	7	G5	NA	Microbiome	NA	Stem	MTRD	C2	Microbiome-Stem-MTRD-C2	Sample	NovaSeq
Stem-ITS-F17-R24	F17	R24	9	2	7	H5	NA	Microbiome	NA	Stem	RCHMD	A13	Microbiome-Stem-RCHMD-A13	Sample	NovaSeq
Stem-ITS-F18-R1	F18	R1	12	4	14	A11	NA	Microbiome	NA	Stem	STHWK	E34	Microbiome-Stem-STHWK-E34	Sample	NovaSeq
Stem-ITS-F18-R2	F18	R2	12	4	14	B11	NA	Microbiome	NA	Stem	STHWK	E40	Microbiome-Stem-STHWK-E40	Sample	NovaSeq
Stem-ITS-F18-R3	F18	R3	12	4	14	C11	NA	Microbiome	NA	Stem	STHWK	CE21	Microbiome-Stem-STHWK-CE21	Sample	NovaSeq
Stem-ITS-F18-R4	F18	R4	12	4	14	D11	NA	Microbiome	NA	Stem	STHWK	CE25	Microbiome-Stem-STHWK-CE25	Sample	NovaSeq
Stem-ITS-F18-R5	F18	R5	12	4	14	E11	NA	Microbiome	NA	Stem	STHWK	E32	Microbiome-Stem-STHWK-E32	Sample	NovaSeq
Stem-ITS-F18-R6	F18	R6	12	4	14	F11	NA	Microbiome	NA	Stem	STHWK	E36	Microbiome-Stem-STHWK-E36	Sample	NovaSeq
Stem-ITS-F18-R7	F18	R7	12	4	14	G11	NA	Microbiome	NA	Stem	STHWK	CE23	Microbiome-Stem-STHWK-CE23	Sample	NovaSeq
Stem-ITS-F18-R8	F18	R8	12	4	14	H11	NA	Microbiome	NA	Stem	STHWK	CE28	Microbiome-Stem-STHWK-CE28	Sample	NovaSeq
Stem-ITS-F18-R9	NA	NA	NA	NA	NA	NA	NA	Microbiome	NA	Stem	NA	NA	NA	Unused	NovaSeq
Stem-ITS-F18-R10	NA	NA	NA	NA	NA	NA	NA	Microbiome	NA	Stem	NA	NA	NA	Unused	NovaSeq
Stem-ITS-F18-R11	NA	NA	NA	NA	NA	NA	NA	Microbiome	NA	Stem	NA	NA	NA	Unused	NovaSeq
Stem-ITS-F18-R12	NA	NA	NA	NA	NA	NA	NA	Microbiome	NA	Stem	NA	NA	NA	Unused	NovaSeq
Stem-ITS-F18-R13	NA	NA	NA	NA	NA	NA	NA	Microbiome	NA	Stem	NA	NA	NA	Unused	NovaSeq
Stem-ITS-F18-R14	NA	NA	NA	NA	NA	NA	NA	Microbiome	NA	Stem	NA	NA	NA	Unused	NovaSeq
Stem-ITS-F18-R15	NA	NA	NA	NA	NA	NA	NA	Microbiome	NA	Stem	NA	NA	NA	Unused	NovaSeq
Stem-ITS-F18-R16	NA	NA	NA	NA	NA	NA	NA	Microbiome	NA	Stem	NA	NA	NA	Unused	NovaSeq
Stem-ITS-F18-R17	F18	R17	9	2	7	A6	NA	Microbiome	NA	Stem	STHWK	A19	Microbiome-Stem-STHWK-A19	Sample	NovaSeq
Stem-ITS-F18-R18	F18	R18	9	2	7	B6	NA	Microbiome	NA	Stem	WINDW	A9	Microbiome-Stem-WINDW-A9	Sample	NovaSeq
Stem-ITS-F18-R19	F18	R19	9	2	7	C6	NA	Microbiome	NA	Stem	WINDW	A12	Microbiome-Stem-WINDW-A12	Sample	NovaSeq
Stem-ITS-F18-R20	F18	R20	9	2	7	D6	NA	Microbiome	NA	Stem	WINDW	C2	Microbiome-Stem-WINDW-C2	Sample	NovaSeq
Stem-ITS-F18-R21	F18	R21	9	2	7	E6	NA	Microbiome	NA	Stem	WINDW	C1	Microbiome-Stem-WINDW-C1	Sample	NovaSeq
Stem-ITS-F18-R22	F18	R22	9	2	7	F6	NA	Microbiome	NA	Stem	WLDCP	C2	Microbiome-Stem-WLDCP-C2	Sample	NovaSeq
Stem-ITS-F18-R23	F18	R23	9	2	7	G6	NA	Microbiome	NA	Stem	WLDCP	C3	Microbiome-Stem-WLDCP-C3	Sample	NovaSeq
Stem-ITS-F18-R24	F18	R24	9	2	7	H6	NA	Microbiome	NA	Stem	ASHC	C6	Microbiome-Stem-ASHC-C6	Sample	NovaSeq
Stem-ITS-F19-R1	F19	R1	12	2	8	A7	NA	Microbiome	NA	Stem	STHWK	E39	Microbiome-Stem-STHWK-E39	Sample	NovaSeq
Stem-ITS-F19-R2	F19	R2	12	2	8	B7	NA	Microbiome	NA	Stem	STHWK	E43	Microbiome-Stem-STHWK-E43	Sample	NovaSeq
Stem-ITS-F19-R3	F19	R3	12	2	8	C7	NA	Microbiome	NA	Stem	STHWK	CE29	Microbiome-Stem-STHWK-CE29	Sample	NovaSeq
Stem-ITS-F19-R4	F19	R4	12	2	8	D7	NA	Microbiome	NA	Stem	MOCCA	E34	Microbiome-Stem-MOCCA-E34	Sample	NovaSeq
Stem-ITS-F19-R5	F19	R5	12	2	8	E7	NA	Microbiome	NA	Stem	MOCCA	E37	Microbiome-Stem-MOCCA-E37	Sample	NovaSeq
Stem-ITS-F19-R6	F19	R6	12	2	8	F7	NA	Microbiome	NA	Stem	MOCCA	CE25	Microbiome-Stem-MOCCA-CE25	Sample	NovaSeq
Stem-ITS-F19-R7	F19	R7	12	2	8	G7	NA	Microbiome	NA	Stem	MOCCA	CE24	Microbiome-Stem-MOCCA-CE24	Sample	NovaSeq
Stem-ITS-F19-R8	F19	R8	12	2	8	H7	NA	Microbiome	NA	Stem	MOCCA	E44	Microbiome-Stem-MOCCA-E44	Sample	NovaSeq
Stem-ITS-F19-R9	NA	NA	NA	NA	NA	NA	NA	Microbiome	NA	Stem	NA	NA	NA	Unused	NovaSeq
Stem-ITS-F19-R10	NA	NA	NA	NA	NA	NA	NA	Microbiome	NA	Stem	NA	NA	NA	Unused	NovaSeq
Stem-ITS-F19-R11	NA	NA	NA	NA	NA	NA	NA	Microbiome	NA	Stem	NA	NA	NA	Unused	NovaSeq
Stem-ITS-F19-R12	NA	NA	NA	NA	NA	NA	NA	Microbiome	NA	Stem	NA	NA	NA	Unused	NovaSeq
Stem-ITS-F19-R13	NA	NA	NA	NA	NA	NA	NA	Microbiome	NA	Stem	NA	NA	NA	Unused	NovaSeq
Stem-ITS-F19-R14	NA	NA	NA	NA	NA	NA	NA	Microbiome	NA	Stem	NA	NA	NA	Unused	NovaSeq
Stem-ITS-F19-R15	NA	NA	NA	NA	NA	NA	NA	Microbiome	NA	Stem	NA	NA	NA	Unused	NovaSeq
Stem-ITS-F19-R16	NA	NA	NA	NA	NA	NA	NA	Microbiome	NA	Stem	NA	NA	NA	Unused	NovaSeq
Stem-ITS-F19-R17	F19	R17	9	2	7	A7	NA	Microbiome	NA	Stem	ASHC	C1	Microbiome-Stem-ASHC-C1	Sample	NovaSeq
Stem-ITS-F19-R18	F19	R18	9	2	7	B7	NA	Microbiome	NA	Stem	ATTP	A17	Microbiome-Stem-ATTP-A17	Sample	NovaSeq
Stem-ITS-F19-R19	F19	R19	9	2	7	C7	NA	Microbiome	NA	Stem	BBW	C3	Microbiome-Stem-BBW-C3	Sample	NovaSeq
Stem-ITS-F19-R20	F19	R20	9	2	7	D7	NA	Microbiome	NA	Stem	CDS	C4	Microbiome-Stem-CDS-C4	Sample	NovaSeq
Stem-ITS-F19-R21	F19	R21	9	2	7	E7	NA	Microbiome	NA	Stem	GMKW	A8	Microbiome-Stem-GMKW-A8	Sample	NovaSeq
Stem-ITS-F19-R22	F19	R22	9	2	7	F7	NA	Microbiome	NA	Stem	GMKW	A18	Microbiome-Stem-GMKW-A18	Sample	NovaSeq
Stem-ITS-F19-R23	F19	R23	9	2	7	G7	NA	Microbiome	NA	Stem	GMKW	C2	Microbiome-Stem-GMKW-C2	Sample	NovaSeq
Stem-ITS-F19-R24	F19	R24	9	2	7	H7	NA	Microbiome	NA	Stem	GMKW	A12	Microbiome-Stem-GMKW-A12	Sample	NovaSeq
Stem-ITS-F20-R1	F20	R1	12	4	14	A12	NA	Microbiome	NA	Stem	NA	NA	Microbiome-Stem-Negctrl-12	DNA_Negative	NovaSeq
Stem-ITS-F20-R2	F20	R2	13	4	14	B12	NA	Microbiome	NA	Stem	MOCCA	CE30	Microbiome-Stem-MOCCA-CE30	Sample	NovaSeq
Stem-ITS-F20-R3	F20	R3	13	4	14	C12	NA	Microbiome	NA	Stem	MOCCA	E36	Microbiome-Stem-MOCCA-E36	Sample	NovaSeq
Stem-ITS-F20-R4	F20	R4	13	4	14	D12	NA	Microbiome	NA	Stem	MOCCA	CE29	Microbiome-Stem-MOCCA-CE29	Sample	NovaSeq
Stem-ITS-F20-R5	F20	R5	13	4	14	E12	NA	Microbiome	NA	Stem	STHWK	E33	Microbiome-Stem-STHWK-E33	Sample	NovaSeq
Stem-ITS-F20-R6	F20	R6	13	4	14	F12	NA	Microbiome	NA	Stem	STHWK	CE26	Microbiome-Stem-STHWK-CE26	Sample	NovaSeq
Stem-ITS-F20-R7	F20	R7	13	4	14	G12	NA	Microbiome	NA	Stem	STHWK	E42	Microbiome-Stem-STHWK-E42	Sample	NovaSeq
Stem-ITS-F20-R8	F20	R8	SR	4	14	H12	NA	Microbiome	NA	Stem	STHWK	E38	Microbiome-Stem-STHWK-E38	Sample	NovaSeq
Stem-ITS-F20-R9	NA	NA	NA	NA	NA	NA	NA	Microbiome	NA	Stem	NA	NA	NA	Unused	NovaSeq
Stem-ITS-F20-R10	NA	NA	NA	NA	NA	NA	NA	Microbiome	NA	Stem	NA	NA	NA	Unused	NovaSeq
Stem-ITS-F20-R11	NA	NA	NA	NA	NA	NA	NA	Microbiome	NA	Stem	NA	NA	NA	Unused	NovaSeq
Stem-ITS-F20-R12	NA	NA	NA	NA	NA	NA	NA	Microbiome	NA	Stem	NA	NA	NA	Unused	NovaSeq
Stem-ITS-F20-R13	NA	NA	NA	NA	NA	NA	NA	Microbiome	NA	Stem	NA	NA	NA	Unused	NovaSeq
Stem-ITS-F20-R14	NA	NA	NA	NA	NA	NA	NA	Microbiome	NA	Stem	NA	NA	NA	Unused	NovaSeq
Stem-ITS-F20-R15	NA	NA	NA	NA	NA	NA	NA	Microbiome	NA	Stem	NA	NA	NA	Unused	NovaSeq
Stem-ITS-F20-R16	NA	NA	NA	NA	NA	NA	NA	Microbiome	NA	Stem	NA	NA	NA	Unused	NovaSeq
Stem-ITS-F20-R17	F20	R17	9	4	14	A8	NA	Microbiome	NA	Stem	HLKH	A10	Microbiome-Stem-HLKH-A10	Sample	NovaSeq
Stem-ITS-F20-R18	F20	R18	9	4	14	B8	NA	Microbiome	NA	Stem	HLKH	A15	Microbiome-Stem-HLKH-A15	Sample	NovaSeq
Stem-ITS-F20-R19	F20	R19	9	4	14	C8	NA	Microbiome	NA	Stem	HLKH	A9	Microbiome-Stem-HLKH-A9	Sample	NovaSeq
Stem-ITS-F20-R20	F20	R20	9	4	14	D8	NA	Microbiome	NA	Stem	HRWD	C2	Microbiome-Stem-HRWD-C2	Sample	NovaSeq
Stem-ITS-F20-R21	F20	R21	9	4	14	E8	NA	Microbiome	NA	Stem	HTCH	A9	Microbiome-Stem-HTCH-A9	Sample	NovaSeq
Stem-ITS-F20-R22	F20	R22	9	4	14	F8	NA	Microbiome	NA	Stem	HTCH	A18	Microbiome-Stem-HTCH-A18	Sample	NovaSeq
Stem-ITS-F20-R23	F20	R23	9	4	14	G8	NA	Microbiome	NA	Stem	NA	NA	Microbiome-Stem-Negctrl-9	DNA_Negative	NovaSeq
Stem-ITS-F20-R24	F20	R24	10	4	14	H8	NA	Microbiome	NA	Stem	LNGDL	A14	Microbiome-Stem-LNGDL-A14	Sample	NovaSeq
Stem-ITS-F21-R1	F21	R1	13	2	8	A9	NA	Microbiome	NA	Stem	STHWK	E31	Microbiome-Stem-STHWK-E31	Sample	NovaSeq
Stem-ITS-F21-R2	F21	R2	13	2	8	B9	NA	Microbiome	NA	Stem	STHWK	E44	Microbiome-Stem-STHWK-E44	Sample	NovaSeq
Stem-ITS-F21-R3	F21	R3	13	2	8	C9	NA	Microbiome	NA	Stem	STHWK	CE22	Microbiome-Stem-STHWK-CE22	Sample	NovaSeq
Stem-ITS-F21-R4	F21	R4	13	2	8	D9	NA	Microbiome	NA	Stem	STHWK	CE27	Microbiome-Stem-STHWK-CE27	Sample	NovaSeq
Stem-ITS-F21-R5	F21	R5	13	2	8	E9	NA	Microbiome	NA	Stem	STHWK	CE24	Microbiome-Stem-STHWK-CE24	Sample	NovaSeq
Stem-ITS-F21-R6	F21	R6	13	2	8	F9	NA	Microbiome	NA	Stem	STHWK	E37	Microbiome-Stem-STHWK-E37	Sample	NovaSeq
Stem-ITS-F21-R7	F21	R7	13	2	8	G9	NA	Microbiome	NA	Stem	STHWK	E45	Microbiome-Stem-STHWK-E45	Sample	NovaSeq
Stem-ITS-F21-R8	F21	R8	13	2	8	H9	NA	Microbiome	NA	Stem	STHWK	E41	Microbiome-Stem-STHWK-E41	Sample	NovaSeq
Stem-ITS-F21-R9	NA	NA	NA	NA	NA	NA	NA	Microbiome	NA	Stem	NA	NA	NA	Unused	NovaSeq
Stem-ITS-F21-R10	NA	NA	NA	NA	NA	NA	NA	Microbiome	NA	Stem	NA	NA	NA	Unused	NovaSeq
Stem-ITS-F21-R11	NA	NA	NA	NA	NA	NA	NA	Microbiome	NA	Stem	NA	NA	NA	Unused	NovaSeq
Stem-ITS-F21-R12	NA	NA	NA	NA	NA	NA	NA	Microbiome	NA	Stem	NA	NA	NA	Unused	NovaSeq
Stem-ITS-F21-R13	NA	NA	NA	NA	NA	NA	NA	Microbiome	NA	Stem	NA	NA	NA	Unused	NovaSeq
Stem-ITS-F21-R14	NA	NA	NA	NA	NA	NA	NA	Microbiome	NA	Stem	NA	NA	NA	Unused	NovaSeq
Stem-ITS-F21-R15	NA	NA	NA	NA	NA	NA	NA	Microbiome	NA	Stem	NA	NA	NA	Unused	NovaSeq
Stem-ITS-F21-R16	NA	NA	NA	NA	NA	NA	NA	Microbiome	NA	Stem	NA	NA	NA	Unused	NovaSeq
Stem-ITS-F21-R17	F21	R17	10	2	7	A9	NA	Microbiome	NA	Stem	LNGDL	A7	Microbiome-Stem-LNGDL-A7	Sample	NovaSeq
Stem-ITS-F21-R18	F21	R18	10	2	7	B9	NA	Microbiome	NA	Stem	MALDW	C3	Microbiome-Stem-MALDW-C3	Sample	NovaSeq
Stem-ITS-F21-R19	F21	R19	10	2	7	C9	NA	Microbiome	NA	Stem	MOCCA	C1	Microbiome-Stem-MOCCA-C1	Sample	NovaSeq
Stem-ITS-F21-R20	F21	R20	10	2	7	D9	NA	Microbiome	NA	Stem	RCHMD	A17	Microbiome-Stem-RCHMD-A17	Sample	NovaSeq
Stem-ITS-F21-R21	F21	R21	10	2	7	E9	NA	Microbiome	NA	Stem	RCHMD	A12	Microbiome-Stem-RCHMD-A12	Sample	NovaSeq
Stem-ITS-F21-R22	F21	R22	10	2	7	F9	NA	Microbiome	NA	Stem	RWDN	C1	Microbiome-Stem-RWDN-C1	Sample	NovaSeq
Stem-ITS-F21-R23	F21	R23	10	2	7	G9	NA	Microbiome	NA	Stem	RWDN	C2	Microbiome-Stem-RWDN-C2	Sample	NovaSeq
Stem-ITS-F21-R24	F21	R24	10	2	7	H9	NA	Microbiome	NA	Stem	STHWK	A20	Microbiome-Stem-STHWK-A20	Sample	NovaSeq
Stem-ITS-F22-R1	F22	R1	13	2	8	A10	NA	Microbiome	NA	Stem	STHWK	CE30	Microbiome-Stem-STHWK-CE30	Sample	NovaSeq
Stem-ITS-F22-R2	F22	R2	SR	2	8	B10	NA	Microbiome	NA	Stem	NA	NA	Microbiome-Stem-Negctrl-1-14	DNA_Negative	NovaSeq
Stem-ITS-F22-R3	F22	R3	SR	2	8	C10	NA	Microbiome	NA	Stem	NA	NA	Microbiome-Stem-Negctrl-2-14	DNA_Negative	NovaSeq
Stem-ITS-F22-R4	NA	NA	NA	NA	NA	NA	NA	Microbiome	NA	Stem	NA	NA	NA	Unused	NovaSeq
Stem-ITS-F22-R5	NA	NA	NA	NA	NA	NA	NA	Microbiome	NA	Stem	NA	NA	NA	Unused	NovaSeq
Stem-ITS-F22-R6	NA	NA	NA	NA	NA	NA	NA	Microbiome	NA	Stem	NA	NA	NA	Unused	NovaSeq
Stem-ITS-F22-R7	NA	NA	NA	NA	NA	NA	NA	Microbiome	NA	Stem	NA	NA	NA	Unused	NovaSeq
Stem-ITS-F22-R8	NA	NA	NA	NA	NA	NA	NA	Microbiome	NA	Stem	NA	NA	NA	Unused	NovaSeq
Stem-ITS-F22-R9	NA	NA	NA	NA	NA	NA	NA	Microbiome	NA	Stem	NA	NA	NA	Unused	NovaSeq
Stem-ITS-F22-R10	NA	NA	NA	NA	NA	NA	NA	Microbiome	NA	Stem	NA	NA	NA	Unused	NovaSeq
Stem-ITS-F22-R11	NA	NA	NA	NA	NA	NA	NA	Microbiome	NA	Stem	NA	NA	NA	Unused	NovaSeq
Stem-ITS-F22-R12	NA	NA	NA	NA	NA	NA	NA	Microbiome	NA	Stem	NA	NA	NA	Unused	NovaSeq
Stem-ITS-F22-R13	NA	NA	NA	NA	NA	NA	NA	Microbiome	NA	Stem	NA	NA	NA	Unused	NovaSeq
Stem-ITS-F22-R14	NA	NA	NA	NA	NA	NA	NA	Microbiome	NA	Stem	NA	NA	NA	Unused	NovaSeq
Stem-ITS-F22-R15	NA	NA	NA	NA	NA	NA	NA	Microbiome	NA	Stem	NA	NA	NA	Unused	NovaSeq
Stem-ITS-F22-R16	NA	NA	NA	NA	NA	NA	NA	Microbiome	NA	Stem	NA	NA	NA	Unused	NovaSeq
Stem-ITS-F22-R17	F22	R17	10	4	14	A9	NA	Microbiome	NA	Stem	STHWK	A17	Microbiome-Stem-STHWK-A17	Sample	NovaSeq
Stem-ITS-F22-R18	F22	R18	10	4	14	B9	NA	Microbiome	NA	Stem	STHWK	A18	Microbiome-Stem-STHWK-A18	Sample	NovaSeq
Stem-ITS-F22-R19	F22	R19	10	4	14	C9	NA	Microbiome	NA	Stem	STRTS	C1	Microbiome-Stem-STRTS-C1	Sample	NovaSeq
Stem-ITS-F22-R20	F22	R20	10	4	14	D9	NA	Microbiome	NA	Stem	TAWWD	C2	Microbiome-Stem-TAWWD-C2	Sample	NovaSeq
Stem-ITS-F22-R21	F22	R21	10	4	14	E9	NA	Microbiome	NA	Stem	WLDCP	C4	Microbiome-Stem-WLDCP-C4	Sample	NovaSeq
Stem-ITS-F22-R22	F22	R22	10	4	14	F9	NA	Microbiome	NA	Stem	ANCST	C5	Microbiome-Stem-ANCST-C5	Sample	NovaSeq
Stem-ITS-F22-R23	F22	R23	10	4	14	G9	NA	Microbiome	NA	Stem	ATTP	A10	Microbiome-Stem-ATTP-A10	Sample	NovaSeq
Stem-ITS-F22-R24	F22	R24	10	4	14	H9	NA	Microbiome	NA	Stem	CDPM	C5	Microbiome-Stem-CDPM-C5	Sample	NovaSeq
Stem-ITS-F23-R1	NA	NA	NA	NA	NA	NA	NA	Microbiome	NA	Stem	NA	NA	NA	Unused	NovaSeq
Stem-ITS-F23-R2	NA	NA	NA	NA	NA	NA	NA	Microbiome	NA	Stem	NA	NA	NA	Unused	NovaSeq
Stem-ITS-F23-R3	NA	NA	NA	NA	NA	NA	NA	Microbiome	NA	Stem	NA	NA	NA	Unused	NovaSeq
Stem-ITS-F23-R4	NA	NA	NA	NA	NA	NA	NA	Microbiome	NA	Stem	NA	NA	NA	Unused	NovaSeq
Stem-ITS-F23-R5	NA	NA	NA	NA	NA	NA	NA	Microbiome	NA	Stem	NA	NA	NA	Unused	NovaSeq
Stem-ITS-F23-R6	NA	NA	NA	NA	NA	NA	NA	Microbiome	NA	Stem	NA	NA	NA	Unused	NovaSeq
Stem-ITS-F23-R7	NA	NA	NA	NA	NA	NA	NA	Microbiome	NA	Stem	NA	NA	NA	Unused	NovaSeq
Stem-ITS-F23-R8	NA	NA	NA	NA	NA	NA	NA	Microbiome	NA	Stem	NA	NA	NA	Unused	NovaSeq
Stem-ITS-F23-R9	NA	NA	NA	NA	NA	NA	NA	Microbiome	NA	Stem	NA	NA	NA	Unused	NovaSeq
Stem-ITS-F23-R10	NA	NA	NA	NA	NA	NA	NA	Microbiome	NA	Stem	NA	NA	NA	Unused	NovaSeq
Stem-ITS-F23-R11	NA	NA	NA	NA	NA	NA	NA	Microbiome	NA	Stem	NA	NA	NA	Unused	NovaSeq
Stem-ITS-F23-R12	NA	NA	NA	NA	NA	NA	NA	Microbiome	NA	Stem	NA	NA	NA	Unused	NovaSeq
Stem-ITS-F23-R13	NA	NA	NA	NA	NA	NA	NA	Microbiome	NA	Stem	NA	NA	NA	Unused	NovaSeq
Stem-ITS-F23-R14	NA	NA	NA	NA	NA	NA	NA	Microbiome	NA	Stem	NA	NA	NA	Unused	NovaSeq
Stem-ITS-F23-R15	NA	NA	NA	NA	NA	NA	NA	Microbiome	NA	Stem	NA	NA	NA	Unused	NovaSeq
Stem-ITS-F23-R16	NA	NA	NA	NA	NA	NA	NA	Microbiome	NA	Stem	NA	NA	NA	Unused	NovaSeq
Stem-ITS-F23-R17	F23	R17	10	2	7	A11	NA	Microbiome	NA	Stem	CROC	C4	Microbiome-Stem-CROC-C4	Sample	NovaSeq
Stem-ITS-F23-R18	F23	R18	10	2	7	B11	NA	Microbiome	NA	Stem	GMKW	A15	Microbiome-Stem-GMKW-A15	Sample	NovaSeq
Stem-ITS-F23-R19	F23	R19	10	2	7	C11	NA	Microbiome	NA	Stem	GMKW	C4	Microbiome-Stem-GMKW-C4	Sample	NovaSeq
Stem-ITS-F23-R20	F23	R20	10	2	7	D11	NA	Microbiome	NA	Stem	GMKW	C1	Microbiome-Stem-GMKW-C1	Sample	NovaSeq
Stem-ITS-F23-R21	F23	R21	10	2	7	E11	NA	Microbiome	NA	Stem	HLKH	C4	Microbiome-Stem-HLKH-C4	Sample	NovaSeq
Stem-ITS-F23-R22	F23	R22	10	2	7	F11	NA	Microbiome	NA	Stem	HOEF	A12	Microbiome-Stem-HOEF-A12	Sample	NovaSeq
Stem-ITS-F23-R23	F23	R23	10	2	7	G11	NA	Microbiome	NA	Stem	HOEF	A6	Microbiome-Stem-HOEF-A6	Sample	NovaSeq
Stem-ITS-F23-R24	F23	R24	10	2	7	H11	NA	Microbiome	NA	Stem	HOEF	A10	Microbiome-Stem-HOEF-A10	Sample	NovaSeq
Stem-ITS-F24-R1	NA	NA	NA	NA	NA	NA	NA	Microbiome	NA	Stem	NA	NA	NA	Unused	NovaSeq
Stem-ITS-F24-R2	F24	R2	PCR	2	8	B12	NA	Microbiome	NA	Stem	NA	NA	Microbiome-Stem-PCR Negative-PCR	PCR_Negative	NovaSeq
Stem-ITS-F24-R3	NA	NA	NA	NA	NA	NA	NA	Microbiome	NA	Stem	NA	NA	NA	Unused	NovaSeq
Stem-ITS-F24-R4	NA	NA	NA	NA	NA	NA	NA	Microbiome	NA	Stem	NA	NA	NA	Unused	NovaSeq
Stem-ITS-F24-R5	NA	NA	NA	NA	NA	NA	NA	Microbiome	NA	Stem	NA	NA	NA	Unused	NovaSeq
Stem-ITS-F24-R6	NA	NA	NA	NA	NA	NA	NA	Microbiome	NA	Stem	NA	NA	NA	Unused	NovaSeq
Stem-ITS-F24-R7	NA	NA	NA	NA	NA	NA	NA	Microbiome	NA	Stem	NA	NA	NA	Unused	NovaSeq
Stem-ITS-F24-R8	NA	NA	NA	NA	NA	NA	NA	Microbiome	NA	Stem	NA	NA	NA	Unused	NovaSeq
Stem-ITS-F24-R9	NA	NA	NA	NA	NA	NA	NA	Microbiome	NA	Stem	NA	NA	NA	Unused	NovaSeq
Stem-ITS-F24-R10	NA	NA	NA	NA	NA	NA	NA	Microbiome	NA	Stem	NA	NA	NA	Unused	NovaSeq
Stem-ITS-F24-R11	NA	NA	NA	NA	NA	NA	NA	Microbiome	NA	Stem	NA	NA	NA	Unused	NovaSeq
Stem-ITS-F24-R12	NA	NA	NA	NA	NA	NA	NA	Microbiome	NA	Stem	NA	NA	NA	Unused	NovaSeq
Stem-ITS-F24-R13	NA	NA	NA	NA	NA	NA	NA	Microbiome	NA	Stem	NA	NA	NA	Unused	NovaSeq
Stem-ITS-F24-R14	NA	NA	NA	NA	NA	NA	NA	Microbiome	NA	Stem	NA	NA	NA	Unused	NovaSeq
Stem-ITS-F24-R15	NA	NA	NA	NA	NA	NA	NA	Microbiome	NA	Stem	NA	NA	NA	Unused	NovaSeq
Stem-ITS-F24-R16	NA	NA	NA	NA	NA	NA	NA	Microbiome	NA	Stem	NA	NA	NA	Unused	NovaSeq
Stem-ITS-F24-R17	F24	R17	10	2	7	A12	NA	Microbiome	NA	Stem	HTCH	A19	Microbiome-Stem-HTCH-A19	Sample	NovaSeq
Stem-ITS-F24-R18	F24	R18	10	2	7	B12	NA	Microbiome	NA	Stem	HTCH	A10	Microbiome-Stem-HTCH-A10	Sample	NovaSeq
Stem-ITS-F24-R19	F24	R19	10	2	7	C12	NA	Microbiome	NA	Stem	HTCH	A16	Microbiome-Stem-HTCH-A16	Sample	NovaSeq
Stem-ITS-F24-R20	F24	R20	10	2	7	D12	NA	Microbiome	NA	Stem	LINEAG	C1	Microbiome-Stem-LINEAG-C1	Sample	NovaSeq
Stem-ITS-F24-R21	F24	R21	10	2	7	E12	NA	Microbiome	NA	Stem	NA	NA	Microbiome-Stem-Negctrl-10	DNA_Negative	NovaSeq
Stem-ITS-F24-R22	F24	R22	11	2	7	F12	NA	Microbiome	NA	Stem	LNGDL	A16	Microbiome-Stem-LNGDL-A16	Sample	NovaSeq
Stem-ITS-F24-R23	F24	R23	11	2	7	G12	NA	Microbiome	NA	Stem	LNGDL	C4	Microbiome-Stem-LNGDL-C4	Sample	NovaSeq
Stem-ITS-F24-R24	F24	R24	11	2	7	H12	NA	Microbiome	NA	Stem	MOCCA	A13	Microbiome-Stem-MOCCA-A13	Sample	NovaSeq