Kingdom,SampleID,Count,Total,Tissue
Bacteria,FO1,336837,6378624,Leaf
Bacteria,FO10,268141,5911218,Leaf
Bacteria,FO100,576910,5159953,Leaf
Bacteria,FO101,1429954,8037844,Leaf
Bacteria,FO102,637191,6761146,Leaf
Bacteria,FO103,676404,6126819,Leaf
Bacteria,FO104,587574,5160471,Leaf
Bacteria,FO105,266127,3571043,Leaf
Bacteria,FO106,492682,7789534,Leaf
Bacteria,FO107,149348,6057944,Leaf
Bacteria,FO108,150884,4375268,Leaf
Bacteria,FO109,120862,4116358,Leaf
Bacteria,FO11,425561,4305506,Leaf
Bacteria,FO110,442296,5688955,Leaf
Bacteria,FO111,227214,5455402,Leaf
Bacteria,FO112,235828,4436161,Leaf
Bacteria,FO113,100127,2801449,Leaf
Bacteria,FO114,565079,4670793,Leaf
Bacteria,FO115,506826,5934727,Leaf
Bacteria,FO116,400721,4042905,Leaf
Bacteria,FO117,175882,4326405,Leaf
Bacteria,FO118,486244,10677796,Leaf
Bacteria,FO119,217757,7014952,Leaf
Bacteria,FO12,248360,4969151,Leaf
Bacteria,FO120,308609,3414102,Leaf
Bacteria,FO121,94856,3127922,Leaf
Bacteria,FO122,154842,3841961,Leaf
Bacteria,FO123,138272,3778263,Leaf
Bacteria,FO124,343611,5486559,Leaf
Bacteria,FO125,343764,6454018,Leaf
Bacteria,FO126,803238,7246773,Leaf
Bacteria,FO127,422599,5237128,Leaf
Bacteria,FO128,172353,4097540,Leaf
Bacteria,FO129,181663,3723095,Leaf
Bacteria,FO13,229072,4669757,Leaf
Bacteria,FO130,140677,3957682,Leaf
Bacteria,FO131,279605,4767054,Leaf
Bacteria,FO132,120189,3919648,Leaf
Bacteria,FO133,124360,3074226,Leaf
Bacteria,FO134,182338,4998884,Leaf
Bacteria,FO135,245855,6266741,Leaf
Bacteria,FO136,443491,6959783,Leaf
Bacteria,FO137,227903,5705308,Leaf
Bacteria,FO138,116738,3140713,Leaf
Bacteria,FO139,296824,4625896,Leaf
Bacteria,FO14,731969,5544240,Leaf
Bacteria,FO140,282050,3949293,Leaf
Bacteria,FO141,282778,3914038,Leaf
Bacteria,FO142,116218,2748656,Leaf
Bacteria,FO143,584995,4321952,Leaf
Bacteria,FO144,130505,3453723,Leaf
Bacteria,FO145,356074,3842066,Leaf
Bacteria,FO146,141406,3560072,Leaf
Bacteria,FO147,195434,3783260,Leaf
Bacteria,FO148,160329,3945170,Leaf
Bacteria,FO149,198830,3746114,Leaf
Bacteria,FO15,138317,3828001,Leaf
Bacteria,FO150,166332,3268628,Leaf
Bacteria,FO151,382159,4272951,Leaf
Bacteria,FO152,1297928,6459698,Leaf
Bacteria,FO153,422025,3941976,Leaf
Bacteria,FO154,98999,3367242,Leaf
Bacteria,FO155,156383,4893591,Leaf
Bacteria,FO156,1169681,7497021,Leaf
Bacteria,FO157,611117,5948145,Leaf
Bacteria,FO158,541357,5731391,Leaf
Bacteria,FO159,138782,3718281,Leaf
Bacteria,FO16,466244,3692575,Leaf
Bacteria,FO160,105108,3910356,Leaf
Bacteria,FO161,425900,3915026,Leaf
Bacteria,FO162,311769,4122614,Leaf
Bacteria,FO163,303833,6304376,Leaf
Bacteria,FO164,345494,7594552,Leaf
Bacteria,FO165,1226566,5737614,Leaf
Bacteria,FO166,205857,5088445,Leaf
Bacteria,FO167,119800,3764398,Leaf
Bacteria,FO168,115212,4060908,Leaf
Bacteria,FO169,121467,3072462,Leaf
Bacteria,FO17,319606,7850871,Leaf
Bacteria,FO170,259643,3748304,Leaf
Bacteria,FO171,382716,3953247,Leaf
Bacteria,FO172,325241,4979104,Leaf
Bacteria,FO173,106090,4695397,Leaf
Bacteria,FO174,250833,7338970,Leaf
Bacteria,FO175,350118,5906803,Leaf
Bacteria,FO176,211674,6218176,Leaf
Bacteria,FO177,342706,5883927,Leaf
Bacteria,FO178,354245,5629059,Leaf
Bacteria,FO179,447792,5265959,Leaf
Bacteria,FO18,161466,3536124,Leaf
Bacteria,FO180,191570,4565920,Leaf
Bacteria,FO181,180655,4533083,Leaf
Bacteria,FO182,450881,4475106,Leaf
Bacteria,FO183,113416,2941182,Leaf
Bacteria,FO184,744316,6002036,Leaf
Bacteria,FO185,359627,6553884,Leaf
Bacteria,FO186,201566,4094565,Leaf
Bacteria,FO187,143760,3861714,Leaf
Bacteria,FO188,572527,6287653,Leaf
Bacteria,FO189,288586,5539992,Leaf
Bacteria,FO19,148311,3257471,Leaf
Bacteria,FO190,208043,4504902,Leaf
Bacteria,FO191,227277,4595362,Leaf
Bacteria,FO192,168672,3275975,Leaf
Bacteria,FO193,1158196,6247786,Leaf
Bacteria,FO194,206964,4537688,Leaf
Bacteria,FO195,659572,7737780,Leaf
Bacteria,FO196,200630,7109297,Leaf
Bacteria,FO197,377229,3900871,Leaf
Bacteria,FO198,1327140,6756455,Leaf
Bacteria,FO199,536102,4212397,Leaf
Bacteria,FO2,375096,5084219,Leaf
Bacteria,FO20,323703,5865411,Leaf
Bacteria,FO200,355733,4581707,Leaf
Bacteria,FO201,207251,4393945,Leaf
Bacteria,FO202,617688,5922293,Leaf
Bacteria,FO203,288624,4453898,Leaf
Bacteria,FO204,113396,3260244,Leaf
Bacteria,FO205,286990,4048408,Leaf
Bacteria,FO206,172083,3985532,Leaf
Bacteria,FO207,277280,4056615,Leaf
Bacteria,FO208,144959,4098904,Leaf
Bacteria,FO209,125045,3711588,Leaf
Bacteria,FO21,958896,6482857,Leaf
Bacteria,FO210,119997,3386938,Leaf
Bacteria,FO211,148635,4212417,Leaf
Bacteria,FO212,116114,4310022,Leaf
Bacteria,FO213,452813,6011324,Leaf
Bacteria,FO214,132071,3086064,Leaf
Bacteria,FO215,384569,6989142,Leaf
Bacteria,FO216,228056,5886475,Leaf
Bacteria,FO217,247493,5233048,Leaf
Bacteria,FO218,136723,3693457,Leaf
Bacteria,FO219,158341,3259596,Leaf
Bacteria,FO22,839050,4756245,Leaf
Bacteria,FO220,587517,7703217,Leaf
Bacteria,FO221,599615,7400205,Leaf
Bacteria,FO222,545507,4346927,Leaf
Bacteria,FO223,171608,3895349,Leaf
Bacteria,FO224,315567,7154719,Leaf
Bacteria,FO225,174981,4097712,Leaf
Bacteria,FO226,126102,3595460,Leaf
Bacteria,FO227,192438,4681867,Leaf
Bacteria,FO228,340297,5947668,Leaf
Bacteria,FO229,178014,4459971,Leaf
Bacteria,FO23,244320,5141450,Leaf
Bacteria,FO230,728190,4878217,Leaf
Bacteria,FO231,590325,6503944,Leaf
Bacteria,FO232,243192,5147096,Leaf
Bacteria,FO233,337706,4282311,Leaf
Bacteria,FO234,147122,5922007,Leaf
Bacteria,FO235,135771,3451313,Leaf
Bacteria,FO236,137322,3644869,Leaf
Bacteria,FO237,102460,3433798,Leaf
Bacteria,FO238,320976,5841093,Leaf
Bacteria,FO239,101016,3791971,Leaf
Bacteria,FO24,263538,3681341,Leaf
Bacteria,FO240,424355,6148647,Leaf
Bacteria,FO241,124274,3693420,Leaf
Bacteria,FO242,102719,3265603,Leaf
Bacteria,FO243,210001,5680288,Leaf
Bacteria,FO244,137096,3200792,Leaf
Bacteria,FO245,124610,3712524,Leaf
Bacteria,FO246,220179,3375182,Leaf
Bacteria,FO247,125845,3337371,Leaf
Bacteria,FO248,746252,5234372,Leaf
Bacteria,FO249,369251,5818522,Leaf
Bacteria,FO25,147704,3726984,Leaf
Bacteria,FO250,100577,4391411,Leaf
Bacteria,FO251,179650,7071529,Leaf
Bacteria,FO252,171680,3991214,Leaf
Bacteria,FO253,321046,3668500,Leaf
Bacteria,FO254,354688,3586924,Leaf
Bacteria,FO255,299989,3789938,Leaf
Bacteria,FO256,240273,3771976,Leaf
Bacteria,FO257,187172,3551759,Leaf
Bacteria,FO258,1949225,6823967,Leaf
Bacteria,FO259,175962,3168623,Leaf
Bacteria,FO26,264419,4269551,Leaf
Bacteria,FO260,2201084,8153926,Leaf
Bacteria,FO261,693815,7716000,Leaf
Bacteria,FO262,877870,8317948,Leaf
Bacteria,FO263,158111,3506559,Leaf
Bacteria,FO264,139219,4085264,Leaf
Bacteria,FO265,169947,3938091,Leaf
Bacteria,FO266,276743,4155942,Leaf
Bacteria,FO267,239728,4368924,Leaf
Bacteria,FO268,1389477,7829968,Leaf
Bacteria,FO269,691924,6444773,Leaf
Bacteria,FO27,191399,3254192,Leaf
Bacteria,FO270,666381,6483069,Leaf
Bacteria,FO271,535890,6642976,Leaf
Bacteria,FO272,745010,4562601,Leaf
Bacteria,FO273,357543,6301159,Leaf
Bacteria,FO274,135943,3307286,Leaf
Bacteria,FO275,619574,4670154,Leaf
Bacteria,FO276,165826,4565061,Leaf
Bacteria,FO277,186352,4498599,Leaf
Bacteria,FO278,787479,4828750,Leaf
Bacteria,FO279,420922,9460062,Leaf
Bacteria,FO28,115048,4500756,Leaf
Bacteria,FO280,97978,4685023,Leaf
Bacteria,FO281,248643,3261635,Leaf
Bacteria,FO282,90888,4702564,Leaf
Bacteria,FO283,180253,3295433,Leaf
Bacteria,FO284,129952,3558889,Leaf
Bacteria,FO285,379500,4769532,Leaf
Bacteria,FO286,1096658,4984319,Leaf
Bacteria,FO287,325471,3097362,Leaf
Bacteria,FO288,394637,4954280,Leaf
Bacteria,FO289,258178,3733733,Leaf
Bacteria,FO29,272752,3605625,Leaf
Bacteria,FO290,439750,4099472,Leaf
Bacteria,FO291,346172,3913549,Leaf
Bacteria,FO292,118896,3645044,Leaf
Bacteria,FO293,135144,3320365,Leaf
Bacteria,FO294,253098,4381218,Leaf
Bacteria,FO295,121961,3660037,Leaf
Bacteria,FO296,177690,3677228,Leaf
Bacteria,FO297,278056,3338681,Leaf
Bacteria,FO298,433702,4288988,Leaf
Bacteria,FO299,1024779,4450946,Leaf
Bacteria,FO3,112987,3557356,Leaf
Bacteria,FO30,317244,7398543,Leaf
Bacteria,FO300,471518,3558526,Leaf
Bacteria,FO31,177927,4451532,Leaf
Bacteria,FO32,299130,4689303,Leaf
Bacteria,FO33,492932,6042193,Leaf
Bacteria,FO34,288900,4428670,Leaf
Bacteria,FO35,117781,4070525,Leaf
Bacteria,FO36,88860,3745175,Leaf
Bacteria,FO37,18062019,22430418,Leaf
Bacteria,FO38,1517354,7230352,Leaf
Bacteria,FO39,797696,5773920,Leaf
Bacteria,FO4,545574,7332171,Leaf
Bacteria,FO40,404824,3645604,Leaf
Bacteria,FO41,139861,3751210,Leaf
Bacteria,FO42,371224,4943927,Leaf
Bacteria,FO43,206277,4660940,Leaf
Bacteria,FO44,238328,3599948,Leaf
Bacteria,FO45,190882,4360884,Leaf
Bacteria,FO46,620156,7397181,Leaf
Bacteria,FO47,101684,4035291,Leaf
Bacteria,FO48,239094,5764566,Leaf
Bacteria,FO49,274899,7067300,Leaf
Bacteria,FO5,276025,4801888,Leaf
Bacteria,FO50,105112,4312446,Leaf
Bacteria,FO51,132884,4760112,Leaf
Bacteria,FO52,547850,3552139,Leaf
Bacteria,FO53,552363,4910924,Leaf
Bacteria,FO54,322213,4560113,Leaf
Bacteria,FO55,103530,3510036,Leaf
Bacteria,FO56,408273,5267095,Leaf
Bacteria,FO57,221859,3790423,Leaf
Bacteria,FO58,321367,4085757,Leaf
Bacteria,FO59,299417,4684306,Leaf
Bacteria,FO6,1019242,4433072,Leaf
Bacteria,FO60,299142,4088999,Leaf
Bacteria,FO61,195224,3583246,Leaf
Bacteria,FO62,605002,5415916,Leaf
Bacteria,FO63,248443,3475340,Leaf
Bacteria,FO64,352118,4191934,Leaf
Bacteria,FO65,141629,5160805,Leaf
Bacteria,FO66,357521,5099617,Leaf
Bacteria,FO67,159476,4765219,Leaf
Bacteria,FO68,295280,4700976,Leaf
Bacteria,FO69,219033,5066546,Leaf
Bacteria,FO7,383081,3834047,Leaf
Bacteria,FO70,332571,3634207,Leaf
Bacteria,FO71,567584,4196454,Leaf
Bacteria,FO72,102370,3287073,Leaf
Bacteria,FO73,339970,3270149,Leaf
Bacteria,FO74,299601,3433201,Leaf
Bacteria,FO75,78288,2633093,Leaf
Bacteria,FO76,394756,5253215,Leaf
Bacteria,FO77,1420023,4463413,Leaf
Bacteria,FO78,1338227,7299790,Leaf
Bacteria,FO79,367727,4521589,Leaf
Bacteria,FO8,161435,4184366,Leaf
Bacteria,FO80,419753,6470733,Leaf
Bacteria,FO81,286969,3406652,Leaf
Bacteria,FO83,264613,3595287,Leaf
Bacteria,FO84,593856,3567111,Leaf
Bacteria,FO85,322982,6217272,Leaf
Bacteria,FO87,1184284,5961428,Leaf
Bacteria,FO88,234344,4467550,Leaf
Bacteria,FO89,634567,9487698,Leaf
Bacteria,FO9,552920,5810257,Leaf
Bacteria,FO90,318291,4297454,Leaf
Bacteria,FO91,159276,3465431,Leaf
Bacteria,FO92,165477,3562456,Leaf
Bacteria,FO93,349847,4305614,Leaf
Bacteria,FO94,175056,6563876,Leaf
Bacteria,FO95,92273,3189431,Leaf
Bacteria,FO96,103644,3735353,Leaf
Bacteria,FO97,106602,3477023,Leaf
Bacteria,FO98,698185,7229090,Leaf
Bacteria,FO99,339041,5394861,Leaf
Fungi,FO1,2406101,6378624,Leaf
Fungi,FO10,2576677,5911218,Leaf
Fungi,FO100,1463012,5159953,Leaf
Fungi,FO101,2900247,8037844,Leaf
Fungi,FO102,2163399,6761146,Leaf
Fungi,FO103,1216307,6126819,Leaf
Fungi,FO104,887459,5160471,Leaf
Fungi,FO105,415427,3571043,Leaf
Fungi,FO106,2370978,7789534,Leaf
Fungi,FO107,2272358,6057944,Leaf
Fungi,FO108,501782,4375268,Leaf
Fungi,FO109,916187,4116358,Leaf
Fungi,FO11,1210801,4305506,Leaf
Fungi,FO110,1081754,5688955,Leaf
Fungi,FO111,1983802,5455402,Leaf
Fungi,FO112,286895,4436161,Leaf
Fungi,FO113,183110,2801449,Leaf
Fungi,FO114,989756,4670793,Leaf
Fungi,FO115,1628191,5934727,Leaf
Fungi,FO116,997631,4042905,Leaf
Fungi,FO117,1366486,4326405,Leaf
Fungi,FO118,5742969,10677796,Leaf
Fungi,FO119,2427535,7014952,Leaf
Fungi,FO12,1868407,4969151,Leaf
Fungi,FO120,451331,3414102,Leaf
Fungi,FO121,373243,3127922,Leaf
Fungi,FO122,512035,3841961,Leaf
Fungi,FO123,793447,3778263,Leaf
Fungi,FO124,1899734,5486559,Leaf
Fungi,FO125,2303629,6454018,Leaf
Fungi,FO126,3022534,7246773,Leaf
Fungi,FO127,1844882,5237128,Leaf
Fungi,FO128,285069,4097540,Leaf
Fungi,FO129,1052182,3723095,Leaf
Fungi,FO13,1622738,4669757,Leaf
Fungi,FO130,655948,3957682,Leaf
Fungi,FO131,1453453,4767054,Leaf
Fungi,FO132,855405,3919648,Leaf
Fungi,FO133,257200,3074226,Leaf
Fungi,FO134,1377192,4998884,Leaf
Fungi,FO135,2648739,6266741,Leaf
Fungi,FO136,2940793,6959783,Leaf
Fungi,FO137,1427399,5705308,Leaf
Fungi,FO138,430992,3140713,Leaf
Fungi,FO139,1357818,4625896,Leaf
Fungi,FO14,1985738,5544240,Leaf
Fungi,FO140,353845,3949293,Leaf
Fungi,FO141,529534,3914038,Leaf
Fungi,FO142,365283,2748656,Leaf
Fungi,FO143,943667,4321952,Leaf
Fungi,FO144,503281,3453723,Leaf
Fungi,FO145,457939,3842066,Leaf
Fungi,FO146,652789,3560072,Leaf
Fungi,FO147,567704,3783260,Leaf
Fungi,FO148,930433,3945170,Leaf
Fungi,FO149,367181,3746114,Leaf
Fungi,FO15,783200,3828001,Leaf
Fungi,FO150,274621,3268628,Leaf
Fungi,FO151,872924,4272951,Leaf
Fungi,FO152,1622492,6459698,Leaf
Fungi,FO153,748980,3941976,Leaf
Fungi,FO154,440073,3367242,Leaf
Fungi,FO155,1373624,4893591,Leaf
Fungi,FO156,2638042,7497021,Leaf
Fungi,FO157,2721271,5948145,Leaf
Fungi,FO158,1900066,5731391,Leaf
Fungi,FO159,899422,3718281,Leaf
Fungi,FO16,480160,3692575,Leaf
Fungi,FO160,1015213,3910356,Leaf
Fungi,FO161,622903,3915026,Leaf
Fungi,FO162,706877,4122614,Leaf
Fungi,FO163,2634289,6304376,Leaf
Fungi,FO164,3199778,7594552,Leaf
Fungi,FO165,1019324,5737614,Leaf
Fungi,FO166,1705002,5088445,Leaf
Fungi,FO167,558072,3764398,Leaf
Fungi,FO168,667187,4060908,Leaf
Fungi,FO169,302268,3072462,Leaf
Fungi,FO17,3716095,7850871,Leaf
Fungi,FO170,437091,3748304,Leaf
Fungi,FO171,345362,3953247,Leaf
Fungi,FO172,1499431,4979104,Leaf
Fungi,FO173,1593279,4695397,Leaf
Fungi,FO174,3440223,7338970,Leaf
Fungi,FO175,2223209,5906803,Leaf
Fungi,FO176,2870458,6218176,Leaf
Fungi,FO177,2404609,5883927,Leaf
Fungi,FO178,1731552,5629059,Leaf
Fungi,FO179,1779317,5265959,Leaf
Fungi,FO18,297529,3536124,Leaf
Fungi,FO180,1472196,4565920,Leaf
Fungi,FO181,1007677,4533083,Leaf
Fungi,FO182,1258207,4475106,Leaf
Fungi,FO183,489553,2941182,Leaf
Fungi,FO184,1933551,6002036,Leaf
Fungi,FO185,2816288,6553884,Leaf
Fungi,FO186,1226801,4094565,Leaf
Fungi,FO187,745156,3861714,Leaf
Fungi,FO188,2340876,6287653,Leaf
Fungi,FO189,1898496,5539992,Leaf
Fungi,FO19,442876,3257471,Leaf
Fungi,FO190,1237690,4504902,Leaf
Fungi,FO191,1162659,4595362,Leaf
Fungi,FO192,246568,3275975,Leaf
Fungi,FO193,1675375,6247786,Leaf
Fungi,FO194,1080434,4537688,Leaf
Fungi,FO195,2201557,7737780,Leaf
Fungi,FO196,2886082,7109297,Leaf
Fungi,FO197,462554,3900871,Leaf
Fungi,FO198,2306090,6756455,Leaf
Fungi,FO199,1026736,4212397,Leaf
Fungi,FO2,1695774,5084219,Leaf
Fungi,FO20,2496419,5865411,Leaf
Fungi,FO200,928273,4581707,Leaf
Fungi,FO201,781481,4393945,Leaf
Fungi,FO202,1723972,5922293,Leaf
Fungi,FO203,1011538,4453898,Leaf
Fungi,FO204,315445,3260244,Leaf
Fungi,FO205,592151,4048408,Leaf
Fungi,FO206,759994,3985532,Leaf
Fungi,FO207,681057,4056615,Leaf
Fungi,FO208,1162779,4098904,Leaf
Fungi,FO209,918747,3711588,Leaf
Fungi,FO21,1727737,6482857,Leaf
Fungi,FO210,291771,3386938,Leaf
Fungi,FO211,480490,4212417,Leaf
Fungi,FO212,550595,4310022,Leaf
Fungi,FO213,1637488,6011324,Leaf
Fungi,FO214,236154,3086064,Leaf
Fungi,FO215,1560256,6989142,Leaf
Fungi,FO216,1977351,5886475,Leaf
Fungi,FO217,1845245,5233048,Leaf
Fungi,FO218,556098,3693457,Leaf
Fungi,FO219,228020,3259596,Leaf
Fungi,FO22,1018127,4756245,Leaf
Fungi,FO220,2705731,7703217,Leaf
Fungi,FO221,2976165,7400205,Leaf
Fungi,FO222,540025,4346927,Leaf
Fungi,FO223,418184,3895349,Leaf
Fungi,FO224,1922940,7154719,Leaf
Fungi,FO225,443500,4097712,Leaf
Fungi,FO226,557379,3595460,Leaf
Fungi,FO227,1111792,4681867,Leaf
Fungi,FO228,1466837,5947668,Leaf
Fungi,FO229,960796,4459971,Leaf
Fungi,FO23,1280815,5141450,Leaf
Fungi,FO230,892474,4878217,Leaf
Fungi,FO231,2291543,6503944,Leaf
Fungi,FO232,580034,5147096,Leaf
Fungi,FO233,612393,4282311,Leaf
Fungi,FO234,2200199,5922007,Leaf
Fungi,FO235,379848,3451313,Leaf
Fungi,FO236,799034,3644869,Leaf
Fungi,FO237,610023,3433798,Leaf
Fungi,FO238,1838742,5841093,Leaf
Fungi,FO239,869861,3791971,Leaf
Fungi,FO24,312846,3681341,Leaf
Fungi,FO240,1478637,6148647,Leaf
Fungi,FO241,422699,3693420,Leaf
Fungi,FO242,602536,3265603,Leaf
Fungi,FO243,1119991,5680288,Leaf
Fungi,FO244,346540,3200792,Leaf
Fungi,FO245,937029,3712524,Leaf
Fungi,FO246,697077,3375182,Leaf
Fungi,FO247,493208,3337371,Leaf
Fungi,FO248,1428865,5234372,Leaf
Fungi,FO249,1697995,5818522,Leaf
Fungi,FO25,757640,3726984,Leaf
Fungi,FO250,1054669,4391411,Leaf
Fungi,FO251,3387255,7071529,Leaf
Fungi,FO252,672367,3991214,Leaf
Fungi,FO253,356283,3668500,Leaf
Fungi,FO254,260658,3586924,Leaf
Fungi,FO255,571933,3789938,Leaf
Fungi,FO256,550690,3771976,Leaf
Fungi,FO257,565259,3551759,Leaf
Fungi,FO258,1880243,6823967,Leaf
Fungi,FO259,253869,3168623,Leaf
Fungi,FO26,862096,4269551,Leaf
Fungi,FO260,2386530,8153926,Leaf
Fungi,FO261,1607646,7716000,Leaf
Fungi,FO262,2312041,8317948,Leaf
Fungi,FO263,754369,3506559,Leaf
Fungi,FO264,986770,4085264,Leaf
Fungi,FO265,962270,3938091,Leaf
Fungi,FO266,396731,4155942,Leaf
Fungi,FO267,1130222,4368924,Leaf
Fungi,FO268,2412555,7829968,Leaf
Fungi,FO269,1957127,6444773,Leaf
Fungi,FO27,337333,3254192,Leaf
Fungi,FO270,2206431,6483069,Leaf
Fungi,FO271,2635013,6642976,Leaf
Fungi,FO272,1293649,4562601,Leaf
Fungi,FO273,1808421,6301159,Leaf
Fungi,FO274,710303,3307286,Leaf
Fungi,FO275,1339088,4670154,Leaf
Fungi,FO276,1756972,4565061,Leaf
Fungi,FO277,997794,4498599,Leaf
Fungi,FO278,1177001,4828750,Leaf
Fungi,FO279,4340323,9460062,Leaf
Fungi,FO28,1527800,4500756,Leaf
Fungi,FO280,1654919,4685023,Leaf
Fungi,FO281,493821,3261635,Leaf
Fungi,FO282,1764829,4702564,Leaf
Fungi,FO283,782332,3295433,Leaf
Fungi,FO284,354173,3558889,Leaf
Fungi,FO285,1320742,4769532,Leaf
Fungi,FO286,823885,4984319,Leaf
Fungi,FO287,454180,3097362,Leaf
Fungi,FO288,1667375,4954280,Leaf
Fungi,FO289,819489,3733733,Leaf
Fungi,FO29,777966,3605625,Leaf
Fungi,FO290,712028,4099472,Leaf
Fungi,FO291,581755,3913549,Leaf
Fungi,FO292,370962,3645044,Leaf
Fungi,FO293,269465,3320365,Leaf
Fungi,FO294,1408792,4381218,Leaf
Fungi,FO295,231270,3660037,Leaf
Fungi,FO296,712199,3677228,Leaf
Fungi,FO297,357881,3338681,Leaf
Fungi,FO298,1217193,4288988,Leaf
Fungi,FO299,741454,4450946,Leaf
Fungi,FO3,641700,3557356,Leaf
Fungi,FO30,3314725,7398543,Leaf
Fungi,FO300,431896,3558526,Leaf
Fungi,FO31,436979,4451532,Leaf
Fungi,FO32,1068206,4689303,Leaf
Fungi,FO33,640726,6042193,Leaf
Fungi,FO34,697191,4428670,Leaf
Fungi,FO35,694641,4070525,Leaf
Fungi,FO36,943158,3745175,Leaf
Fungi,FO37,429046,22430418,Leaf
Fungi,FO38,2364249,7230352,Leaf
Fungi,FO39,1787104,5773920,Leaf
Fungi,FO4,2607812,7332171,Leaf
Fungi,FO40,475197,3645604,Leaf
Fungi,FO41,511107,3751210,Leaf
Fungi,FO42,1717752,4943927,Leaf
Fungi,FO43,1453093,4660940,Leaf
Fungi,FO44,285445,3599948,Leaf
Fungi,FO45,707876,4360884,Leaf
Fungi,FO46,2863145,7397181,Leaf
Fungi,FO47,719449,4035291,Leaf
Fungi,FO48,2190898,5764566,Leaf
Fungi,FO49,2703513,7067300,Leaf
Fungi,FO5,1416616,4801888,Leaf
Fungi,FO50,994863,4312446,Leaf
Fungi,FO51,915173,4760112,Leaf
Fungi,FO52,334028,3552139,Leaf
Fungi,FO53,1430431,4910924,Leaf
Fungi,FO54,830150,4560113,Leaf
Fungi,FO55,432541,3510036,Leaf
Fungi,FO56,946459,5267095,Leaf
Fungi,FO57,577302,3790423,Leaf
Fungi,FO58,788310,4085757,Leaf
Fungi,FO59,826770,4684306,Leaf
Fungi,FO6,750885,4433072,Leaf
Fungi,FO60,552125,4088999,Leaf
Fungi,FO61,831187,3583246,Leaf
Fungi,FO62,1666948,5415916,Leaf
Fungi,FO63,514368,3475340,Leaf
Fungi,FO64,1265186,4191934,Leaf
Fungi,FO65,1582749,5160805,Leaf
Fungi,FO66,878481,5099617,Leaf
Fungi,FO67,623185,4765219,Leaf
Fungi,FO68,1406242,4700976,Leaf
Fungi,FO69,1185099,5066546,Leaf
Fungi,FO7,1059250,3834047,Leaf
Fungi,FO70,932153,3634207,Leaf
Fungi,FO71,631847,4196454,Leaf
Fungi,FO72,241343,3287073,Leaf
Fungi,FO73,409795,3270149,Leaf
Fungi,FO74,419320,3433201,Leaf
Fungi,FO75,216392,2633093,Leaf
Fungi,FO76,1604717,5253215,Leaf
Fungi,FO77,287546,4463413,Leaf
Fungi,FO78,1998650,7299790,Leaf
Fungi,FO79,1280626,4521589,Leaf
Fungi,FO8,689664,4184366,Leaf
Fungi,FO80,2523039,6470733,Leaf
Fungi,FO81,655188,3406652,Leaf
Fungi,FO83,721869,3595287,Leaf
Fungi,FO84,531138,3567111,Leaf
Fungi,FO85,1937686,6217272,Leaf
Fungi,FO87,1340522,5961428,Leaf
Fungi,FO88,1146661,4467550,Leaf
Fungi,FO89,4928863,9487698,Leaf
Fungi,FO9,2006336,5810257,Leaf
Fungi,FO90,518419,4297454,Leaf
Fungi,FO91,941764,3465431,Leaf
Fungi,FO92,543986,3562456,Leaf
Fungi,FO93,898965,4305614,Leaf
Fungi,FO94,2313305,6563876,Leaf
Fungi,FO95,827199,3189431,Leaf
Fungi,FO96,866924,3735353,Leaf
Fungi,FO97,514072,3477023,Leaf
Fungi,FO98,3149647,7229090,Leaf
Fungi,FO99,1263493,5394861,Leaf
Other,FO1,3635431,6378624,Leaf
Other,FO10,3066052,5911218,Leaf
Other,FO100,3119756,5159953,Leaf
Other,FO101,3706893,8037844,Leaf
Other,FO102,3959928,6761146,Leaf
Other,FO103,4233901,6126819,Leaf
Other,FO104,3685063,5160471,Leaf
Other,FO105,2889402,3571043,Leaf
Other,FO106,4925345,7789534,Leaf
Other,FO107,3636130,6057944,Leaf
Other,FO108,3722584,4375268,Leaf
Other,FO109,3079300,4116358,Leaf
Other,FO11,2668956,4305506,Leaf
Other,FO110,4164777,5688955,Leaf
Other,FO111,3244245,5455402,Leaf
Other,FO112,3913397,4436161,Leaf
Other,FO113,2518207,2801449,Leaf
Other,FO114,3115640,4670793,Leaf
Other,FO115,3799549,5934727,Leaf
Other,FO116,2644134,4042905,Leaf
Other,FO117,2783910,4326405,Leaf
Other,FO118,4447711,10677796,Leaf
Other,FO119,4369272,7014952,Leaf
Other,FO12,2852208,4969151,Leaf
Other,FO120,2653982,3414102,Leaf
Other,FO121,2659808,3127922,Leaf
Other,FO122,3175019,3841961,Leaf
Other,FO123,2846478,3778263,Leaf
Other,FO124,3243050,5486559,Leaf
Other,FO125,3806027,6454018,Leaf
Other,FO126,3420079,7246773,Leaf
Other,FO127,2969353,5237128,Leaf
Other,FO128,3640099,4097540,Leaf
Other,FO129,2489204,3723095,Leaf
Other,FO13,2817793,4669757,Leaf
Other,FO130,3160990,3957682,Leaf
Other,FO131,3033824,4767054,Leaf
Other,FO132,2944008,3919648,Leaf
Other,FO133,2692621,3074226,Leaf
Other,FO134,3439285,4998884,Leaf
Other,FO135,3371968,6266741,Leaf
Other,FO136,3575095,6959783,Leaf
Other,FO137,4049772,5705308,Leaf
Other,FO138,2592946,3140713,Leaf
Other,FO139,2971176,4625896,Leaf
Other,FO14,2826272,5544240,Leaf
Other,FO140,3313322,3949293,Leaf
Other,FO141,3101678,3914038,Leaf
Other,FO142,2267133,2748656,Leaf
Other,FO143,2793095,4321952,Leaf
Other,FO144,2819898,3453723,Leaf
Other,FO145,3027925,3842066,Leaf
Other,FO146,2765775,3560072,Leaf
Other,FO147,3019981,3783260,Leaf
Other,FO148,2854192,3945170,Leaf
Other,FO149,3180012,3746114,Leaf
Other,FO15,2906461,3828001,Leaf
Other,FO150,2827620,3268628,Leaf
Other,FO151,3017494,4272951,Leaf
Other,FO152,3538607,6459698,Leaf
Other,FO153,2770825,3941976,Leaf
Other,FO154,2828150,3367242,Leaf
Other,FO155,3363498,4893591,Leaf
Other,FO156,3688301,7497021,Leaf
Other,FO157,2615222,5948145,Leaf
Other,FO158,3289381,5731391,Leaf
Other,FO159,2680045,3718281,Leaf
Other,FO16,2746068,3692575,Leaf
Other,FO160,2790019,3910356,Leaf
Other,FO161,2866032,3915026,Leaf
Other,FO162,3103792,4122614,Leaf
Other,FO163,3365657,6304376,Leaf
Other,FO164,4048684,7594552,Leaf
Other,FO165,3491622,5737614,Leaf
Other,FO166,3177549,5088445,Leaf
Other,FO167,3086514,3764398,Leaf
Other,FO168,3278498,4060908,Leaf
Other,FO169,2648720,3072462,Leaf
Other,FO17,3814854,7850871,Leaf
Other,FO170,3051511,3748304,Leaf
Other,FO171,3225089,3953247,Leaf
Other,FO172,3154015,4979104,Leaf
Other,FO173,2995964,4695397,Leaf
Other,FO174,3647101,7338970,Leaf
Other,FO175,3333285,5906803,Leaf
Other,FO176,3135573,6218176,Leaf
Other,FO177,3136190,5883927,Leaf
Other,FO178,3542697,5629059,Leaf
Other,FO179,3038688,5265959,Leaf
Other,FO18,3077071,3536124,Leaf
Other,FO180,2902110,4565920,Leaf
Other,FO181,3344544,4533083,Leaf
Other,FO182,2765760,4475106,Leaf
Other,FO183,2338108,2941182,Leaf
Other,FO184,3323558,6002036,Leaf
Other,FO185,3377824,6553884,Leaf
Other,FO186,2666160,4094565,Leaf
Other,FO187,2972702,3861714,Leaf
Other,FO188,3373378,6287653,Leaf
Other,FO189,3352415,5539992,Leaf
Other,FO19,2666241,3257471,Leaf
Other,FO190,3059093,4504902,Leaf
Other,FO191,3205304,4595362,Leaf
Other,FO192,2860670,3275975,Leaf
Other,FO193,3413708,6247786,Leaf
Other,FO194,3250119,4537688,Leaf
Other,FO195,4876403,7737780,Leaf
Other,FO196,4022487,7109297,Leaf
Other,FO197,3060947,3900871,Leaf
Other,FO198,3122987,6756455,Leaf
Other,FO199,2649299,4212397,Leaf
Other,FO2,3013180,5084219,Leaf
Other,FO20,3045101,5865411,Leaf
Other,FO200,3297506,4581707,Leaf
Other,FO201,3405084,4393945,Leaf
Other,FO202,3580317,5922293,Leaf
Other,FO203,3153365,4453898,Leaf
Other,FO204,2831387,3260244,Leaf
Other,FO205,3169176,4048408,Leaf
Other,FO206,3053344,3985532,Leaf
Other,FO207,3097948,4056615,Leaf
Other,FO208,2791089,4098904,Leaf
Other,FO209,2667732,3711588,Leaf
Other,FO21,3795940,6482857,Leaf
Other,FO210,2975104,3386938,Leaf
Other,FO211,3583261,4212417,Leaf
Other,FO212,3643285,4310022,Leaf
Other,FO213,3920710,6011324,Leaf
Other,FO214,2717804,3086064,Leaf
Other,FO215,5044163,6989142,Leaf
Other,FO216,3680924,5886475,Leaf
Other,FO217,3140100,5233048,Leaf
Other,FO218,3000598,3693457,Leaf
Other,FO219,2873168,3259596,Leaf
Other,FO22,2898846,4756245,Leaf
Other,FO220,4409041,7703217,Leaf
Other,FO221,3823913,7400205,Leaf
Other,FO222,3260983,4346927,Leaf
Other,FO223,3305458,3895349,Leaf
Other,FO224,4916096,7154719,Leaf
Other,FO225,3479188,4097712,Leaf
Other,FO226,2911942,3595460,Leaf
Other,FO227,3377586,4681867,Leaf
Other,FO228,4140406,5947668,Leaf
Other,FO229,3321034,4459971,Leaf
Other,FO23,3616213,5141450,Leaf
Other,FO230,3257247,4878217,Leaf
Other,FO231,3621857,6503944,Leaf
Other,FO232,4323816,5147096,Leaf
Other,FO233,3332110,4282311,Leaf
Other,FO234,3574391,5922007,Leaf
Other,FO235,2935651,3451313,Leaf
Other,FO236,2708371,3644869,Leaf
Other,FO237,2721279,3433798,Leaf
Other,FO238,3681206,5841093,Leaf
Other,FO239,2821054,3791971,Leaf
Other,FO24,3104931,3681341,Leaf
Other,FO240,4245487,6148647,Leaf
Other,FO241,3146380,3693420,Leaf
Other,FO242,2560278,3265603,Leaf
Other,FO243,4350172,5680288,Leaf
Other,FO244,2717102,3200792,Leaf
Other,FO245,2650825,3712524,Leaf
Other,FO246,2457839,3375182,Leaf
Other,FO247,2718279,3337371,Leaf
Other,FO248,3058796,5234372,Leaf
Other,FO249,3751065,5818522,Leaf
Other,FO25,2821585,3726984,Leaf
Other,FO250,3236119,4391411,Leaf
Other,FO251,3504603,7071529,Leaf
Other,FO252,3147130,3991214,Leaf
Other,FO253,2991100,3668500,Leaf
Other,FO254,2971517,3586924,Leaf
Other,FO255,2917908,3789938,Leaf
Other,FO256,2980875,3771976,Leaf
Other,FO257,2799274,3551759,Leaf
Other,FO258,2993974,6823967,Leaf
Other,FO259,2738760,3168623,Leaf
Other,FO26,3142984,4269551,Leaf
Other,FO260,3565723,8153926,Leaf
Other,FO261,5413889,7716000,Leaf
Other,FO262,5127246,8317948,Leaf
Other,FO263,2594007,3506559,Leaf
Other,FO264,2959186,4085264,Leaf
Other,FO265,2805789,3938091,Leaf
Other,FO266,3482442,4155942,Leaf
Other,FO267,2998915,4368924,Leaf
Other,FO268,4027118,7829968,Leaf
Other,FO269,3795037,6444773,Leaf
Other,FO27,2725394,3254192,Leaf
Other,FO270,3609567,6483069,Leaf
Other,FO271,3471541,6642976,Leaf
Other,FO272,2523621,4562601,Leaf
Other,FO273,4135061,6301159,Leaf
Other,FO274,2461011,3307286,Leaf
Other,FO275,2711173,4670154,Leaf
Other,FO276,2642133,4565061,Leaf
Other,FO277,3314332,4498599,Leaf
Other,FO278,2864037,4828750,Leaf
Other,FO279,4698331,9460062,Leaf
Other,FO28,2857889,4500756,Leaf
Other,FO280,2932017,4685023,Leaf
Other,FO281,2519038,3261635,Leaf
Other,FO282,2846842,4702564,Leaf
Other,FO283,2332813,3295433,Leaf
Other,FO284,3074749,3558889,Leaf
Other,FO285,3068957,4769532,Leaf
Other,FO286,3063530,4984319,Leaf
Other,FO287,2317593,3097362,Leaf
Other,FO288,2891887,4954280,Leaf
Other,FO289,2655980,3733733,Leaf
Other,FO29,2554685,3605625,Leaf
Other,FO290,2947419,4099472,Leaf
Other,FO291,2985527,3913549,Leaf
Other,FO292,3155149,3645044,Leaf
Other,FO293,2915696,3320365,Leaf
Other,FO294,2719152,4381218,Leaf
Other,FO295,3306787,3660037,Leaf
Other,FO296,2787245,3677228,Leaf
Other,FO297,2702639,3338681,Leaf
Other,FO298,2637886,4288988,Leaf
Other,FO299,2684487,4450946,Leaf
Other,FO3,2802636,3557356,Leaf
Other,FO30,3766335,7398543,Leaf
Other,FO300,2655000,3558526,Leaf
Other,FO31,3836594,4451532,Leaf
Other,FO32,3321833,4689303,Leaf
Other,FO33,4908376,6042193,Leaf
Other,FO34,3442475,4428670,Leaf
Other,FO35,3258087,4070525,Leaf
Other,FO36,2713095,3745175,Leaf
Other,FO37,3939222,22430418,Leaf
Other,FO38,3347332,7230352,Leaf
Other,FO39,3188273,5773920,Leaf
Other,FO4,4178504,7332171,Leaf
Other,FO40,2765427,3645604,Leaf
Other,FO41,3100165,3751210,Leaf
Other,FO42,2854616,4943927,Leaf
Other,FO43,3001411,4660940,Leaf
Other,FO44,3076085,3599948,Leaf
Other,FO45,3462078,4360884,Leaf
Other,FO46,3913534,7397181,Leaf
Other,FO47,3214127,4035291,Leaf
Other,FO48,3334401,5764566,Leaf
Other,FO49,4088504,7067300,Leaf
Other,FO5,3109010,4801888,Leaf
Other,FO50,3212432,4312446,Leaf
Other,FO51,3712022,4760112,Leaf
Other,FO52,2670111,3552139,Leaf
Other,FO53,2927821,4910924,Leaf
Other,FO54,3407546,4560113,Leaf
Other,FO55,2973936,3510036,Leaf
Other,FO56,3912263,5267095,Leaf
Other,FO57,2991220,3790423,Leaf
Other,FO58,2975913,4085757,Leaf
Other,FO59,3557964,4684306,Leaf
Other,FO6,2662701,4433072,Leaf
Other,FO60,3237690,4088999,Leaf
Other,FO61,2556733,3583246,Leaf
Other,FO62,3143326,5415916,Leaf
Other,FO63,2712436,3475340,Leaf
Other,FO64,2574434,4191934,Leaf
Other,FO65,3436364,5160805,Leaf
Other,FO66,3863323,5099617,Leaf
Other,FO67,3982516,4765219,Leaf
Other,FO68,2999170,4700976,Leaf
Other,FO69,3662375,5066546,Leaf
Other,FO7,2391557,3834047,Leaf
Other,FO70,2369384,3634207,Leaf
Other,FO71,2996862,4196454,Leaf
Other,FO72,2943352,3287073,Leaf
Other,FO73,2520250,3270149,Leaf
Other,FO74,2714085,3433201,Leaf
Other,FO75,2338408,2633093,Leaf
Other,FO76,3253555,5253215,Leaf
Other,FO77,2755642,4463413,Leaf
Other,FO78,3962349,7299790,Leaf
Other,FO79,2873137,4521589,Leaf
Other,FO8,3333229,4184366,Leaf
Other,FO80,3527657,6470733,Leaf
Other,FO81,2464365,3406652,Leaf
Other,FO83,2608725,3595287,Leaf
Other,FO84,2441998,3567111,Leaf
Other,FO85,3956344,6217272,Leaf
Other,FO87,3436288,5961428,Leaf
Other,FO88,3086392,4467550,Leaf
Other,FO89,3922436,9487698,Leaf
Other,FO9,3250761,5810257,Leaf
Other,FO90,3460593,4297454,Leaf
Other,FO91,2364313,3465431,Leaf
Other,FO92,2852854,3562456,Leaf
Other,FO93,3056483,4305614,Leaf
Other,FO94,4075423,6563876,Leaf
Other,FO95,2269924,3189431,Leaf
Other,FO96,2764724,3735353,Leaf
Other,FO97,2856324,3477023,Leaf
Other,FO98,3380529,7229090,Leaf
Other,FO99,3792030,5394861,Leaf
Archaea,FO1,255,6378624,Leaf
Archaea,FO10,348,5911218,Leaf
Archaea,FO100,275,5159953,Leaf
Archaea,FO101,750,8037844,Leaf
Archaea,FO102,628,6761146,Leaf
Archaea,FO103,207,6126819,Leaf
Archaea,FO104,375,5160471,Leaf
Archaea,FO105,87,3571043,Leaf
Archaea,FO106,529,7789534,Leaf
Archaea,FO107,108,6057944,Leaf
Archaea,FO108,18,4375268,Leaf
Archaea,FO109,9,4116358,Leaf
Archaea,FO11,188,4305506,Leaf
Archaea,FO110,128,5688955,Leaf
Archaea,FO111,141,5455402,Leaf
Archaea,FO112,41,4436161,Leaf
Archaea,FO113,5,2801449,Leaf
Archaea,FO114,318,4670793,Leaf
Archaea,FO115,161,5934727,Leaf
Archaea,FO116,419,4042905,Leaf
Archaea,FO117,127,4326405,Leaf
Archaea,FO118,872,10677796,Leaf
Archaea,FO119,388,7014952,Leaf
Archaea,FO12,176,4969151,Leaf
Archaea,FO120,180,3414102,Leaf
Archaea,FO121,15,3127922,Leaf
Archaea,FO122,65,3841961,Leaf
Archaea,FO123,66,3778263,Leaf
Archaea,FO124,164,5486559,Leaf
Archaea,FO125,598,6454018,Leaf
Archaea,FO126,922,7246773,Leaf
Archaea,FO127,294,5237128,Leaf
Archaea,FO128,19,4097540,Leaf
Archaea,FO129,46,3723095,Leaf
Archaea,FO13,154,4669757,Leaf
Archaea,FO130,67,3957682,Leaf
Archaea,FO131,172,4767054,Leaf
Archaea,FO132,46,3919648,Leaf
Archaea,FO133,45,3074226,Leaf
Archaea,FO134,69,4998884,Leaf
Archaea,FO135,179,6266741,Leaf
Archaea,FO136,404,6959783,Leaf
Archaea,FO137,234,5705308,Leaf
Archaea,FO138,37,3140713,Leaf
Archaea,FO139,78,4625896,Leaf
Archaea,FO14,261,5544240,Leaf
Archaea,FO140,76,3949293,Leaf
Archaea,FO141,48,3914038,Leaf
Archaea,FO142,22,2748656,Leaf
Archaea,FO143,195,4321952,Leaf
Archaea,FO144,39,3453723,Leaf
Archaea,FO145,128,3842066,Leaf
Archaea,FO146,102,3560072,Leaf
Archaea,FO147,141,3783260,Leaf
Archaea,FO148,216,3945170,Leaf
Archaea,FO149,91,3746114,Leaf
Archaea,FO15,23,3828001,Leaf
Archaea,FO150,55,3268628,Leaf
Archaea,FO151,374,4272951,Leaf
Archaea,FO152,671,6459698,Leaf
Archaea,FO153,146,3941976,Leaf
Archaea,FO154,20,3367242,Leaf
Archaea,FO155,86,4893591,Leaf
Archaea,FO156,997,7497021,Leaf
Archaea,FO157,535,5948145,Leaf
Archaea,FO158,587,5731391,Leaf
Archaea,FO159,32,3718281,Leaf
Archaea,FO16,103,3692575,Leaf
Archaea,FO160,16,3910356,Leaf
Archaea,FO161,191,3915026,Leaf
Archaea,FO162,176,4122614,Leaf
Archaea,FO163,597,6304376,Leaf
Archaea,FO164,596,7594552,Leaf
Archaea,FO165,102,5737614,Leaf
Archaea,FO166,37,5088445,Leaf
Archaea,FO167,12,3764398,Leaf
Archaea,FO168,11,4060908,Leaf
Archaea,FO169,7,3072462,Leaf
Archaea,FO17,316,7850871,Leaf
Archaea,FO170,59,3748304,Leaf
Archaea,FO171,80,3953247,Leaf
Archaea,FO172,417,4979104,Leaf
Archaea,FO173,64,4695397,Leaf
Archaea,FO174,813,7338970,Leaf
Archaea,FO175,191,5906803,Leaf
Archaea,FO176,471,6218176,Leaf
Archaea,FO177,422,5883927,Leaf
Archaea,FO178,565,5629059,Leaf
Archaea,FO179,162,5265959,Leaf
Archaea,FO18,58,3536124,Leaf
Archaea,FO180,44,4565920,Leaf
Archaea,FO181,207,4533083,Leaf
Archaea,FO182,258,4475106,Leaf
Archaea,FO183,105,2941182,Leaf
Archaea,FO184,611,6002036,Leaf
Archaea,FO185,145,6553884,Leaf
Archaea,FO186,38,4094565,Leaf
Archaea,FO187,96,3861714,Leaf
Archaea,FO188,872,6287653,Leaf
Archaea,FO189,495,5539992,Leaf
Archaea,FO19,43,3257471,Leaf
Archaea,FO190,76,4504902,Leaf
Archaea,FO191,122,4595362,Leaf
Archaea,FO192,65,3275975,Leaf
Archaea,FO193,507,6247786,Leaf
Archaea,FO194,171,4537688,Leaf
Archaea,FO195,248,7737780,Leaf
Archaea,FO196,98,7109297,Leaf
Archaea,FO197,141,3900871,Leaf
Archaea,FO198,238,6756455,Leaf
Archaea,FO199,260,4212397,Leaf
Archaea,FO2,169,5084219,Leaf
Archaea,FO20,188,5865411,Leaf
Archaea,FO200,195,4581707,Leaf
Archaea,FO201,129,4393945,Leaf
Archaea,FO202,316,5922293,Leaf
Archaea,FO203,371,4453898,Leaf
Archaea,FO204,16,3260244,Leaf
Archaea,FO205,91,4048408,Leaf
Archaea,FO206,111,3985532,Leaf
Archaea,FO207,330,4056615,Leaf
Archaea,FO208,77,4098904,Leaf
Archaea,FO209,64,3711588,Leaf
Archaea,FO21,284,6482857,Leaf
Archaea,FO210,66,3386938,Leaf
Archaea,FO211,31,4212417,Leaf
Archaea,FO212,28,4310022,Leaf
Archaea,FO213,313,6011324,Leaf
Archaea,FO214,35,3086064,Leaf
Archaea,FO215,154,6989142,Leaf
Archaea,FO216,144,5886475,Leaf
Archaea,FO217,210,5233048,Leaf
Archaea,FO218,38,3693457,Leaf
Archaea,FO219,67,3259596,Leaf
Archaea,FO22,222,4756245,Leaf
Archaea,FO220,928,7703217,Leaf
Archaea,FO221,512,7400205,Leaf
Archaea,FO222,412,4346927,Leaf
Archaea,FO223,99,3895349,Leaf
Archaea,FO224,116,7154719,Leaf
Archaea,FO225,43,4097712,Leaf
Archaea,FO226,37,3595460,Leaf
Archaea,FO227,51,4681867,Leaf
Archaea,FO228,128,5947668,Leaf
Archaea,FO229,127,4459971,Leaf
Archaea,FO23,102,5141450,Leaf
Archaea,FO230,306,4878217,Leaf
Archaea,FO231,219,6503944,Leaf
Archaea,FO232,54,5147096,Leaf
Archaea,FO233,102,4282311,Leaf
Archaea,FO234,295,5922007,Leaf
Archaea,FO235,43,3451313,Leaf
Archaea,FO236,142,3644869,Leaf
Archaea,FO237,36,3433798,Leaf
Archaea,FO238,169,5841093,Leaf
Archaea,FO239,40,3791971,Leaf
Archaea,FO24,26,3681341,Leaf
Archaea,FO240,168,6148647,Leaf
Archaea,FO241,67,3693420,Leaf
Archaea,FO242,70,3265603,Leaf
Archaea,FO243,124,5680288,Leaf
Archaea,FO244,54,3200792,Leaf
Archaea,FO245,60,3712524,Leaf
Archaea,FO246,87,3375182,Leaf
Archaea,FO247,39,3337371,Leaf
Archaea,FO248,459,5234372,Leaf
Archaea,FO249,211,5818522,Leaf
Archaea,FO25,55,3726984,Leaf
Archaea,FO250,46,4391411,Leaf
Archaea,FO251,21,7071529,Leaf
Archaea,FO252,37,3991214,Leaf
Archaea,FO253,71,3668500,Leaf
Archaea,FO254,61,3586924,Leaf
Archaea,FO255,108,3789938,Leaf
Archaea,FO256,138,3771976,Leaf
Archaea,FO257,54,3551759,Leaf
Archaea,FO258,525,6823967,Leaf
Archaea,FO259,32,3168623,Leaf
Archaea,FO26,52,4269551,Leaf
Archaea,FO260,589,8153926,Leaf
Archaea,FO261,650,7716000,Leaf
Archaea,FO262,791,8317948,Leaf
Archaea,FO263,72,3506559,Leaf
Archaea,FO264,89,4085264,Leaf
Archaea,FO265,85,3938091,Leaf
Archaea,FO266,26,4155942,Leaf
Archaea,FO267,59,4368924,Leaf
Archaea,FO268,818,7829968,Leaf
Archaea,FO269,685,6444773,Leaf
Archaea,FO27,66,3254192,Leaf
Archaea,FO270,690,6483069,Leaf
Archaea,FO271,532,6642976,Leaf
Archaea,FO272,321,4562601,Leaf
Archaea,FO273,134,6301159,Leaf
Archaea,FO274,29,3307286,Leaf
Archaea,FO275,319,4670154,Leaf
Archaea,FO276,130,4565061,Leaf
Archaea,FO277,121,4498599,Leaf
Archaea,FO278,233,4828750,Leaf
Archaea,FO279,486,9460062,Leaf
Archaea,FO28,19,4500756,Leaf
Archaea,FO280,109,4685023,Leaf
Archaea,FO281,133,3261635,Leaf
Archaea,FO282,5,4702564,Leaf
Archaea,FO283,35,3295433,Leaf
Archaea,FO284,15,3558889,Leaf
Archaea,FO285,333,4769532,Leaf
Archaea,FO286,246,4984319,Leaf
Archaea,FO287,118,3097362,Leaf
Archaea,FO288,381,4954280,Leaf
Archaea,FO289,86,3733733,Leaf
Archaea,FO29,222,3605625,Leaf
Archaea,FO290,275,4099472,Leaf
Archaea,FO291,95,3913549,Leaf
Archaea,FO292,37,3645044,Leaf
Archaea,FO293,60,3320365,Leaf
Archaea,FO294,176,4381218,Leaf
Archaea,FO295,19,3660037,Leaf
Archaea,FO296,94,3677228,Leaf
Archaea,FO297,105,3338681,Leaf
Archaea,FO298,207,4288988,Leaf
Archaea,FO299,226,4450946,Leaf
Archaea,FO3,33,3557356,Leaf
Archaea,FO30,239,7398543,Leaf
Archaea,FO300,112,3558526,Leaf
Archaea,FO31,32,4451532,Leaf
Archaea,FO32,134,4689303,Leaf
Archaea,FO33,159,6042193,Leaf
Archaea,FO34,104,4428670,Leaf
Archaea,FO35,16,4070525,Leaf
Archaea,FO36,62,3745175,Leaf
Archaea,FO37,131,22430418,Leaf
Archaea,FO38,1417,7230352,Leaf
Archaea,FO39,847,5773920,Leaf
Archaea,FO4,281,7332171,Leaf
Archaea,FO40,156,3645604,Leaf
Archaea,FO41,77,3751210,Leaf
Archaea,FO42,335,4943927,Leaf
Archaea,FO43,159,4660940,Leaf
Archaea,FO44,90,3599948,Leaf
Archaea,FO45,48,4360884,Leaf
Archaea,FO46,346,7397181,Leaf
Archaea,FO47,31,4035291,Leaf
Archaea,FO48,173,5764566,Leaf
Archaea,FO49,384,7067300,Leaf
Archaea,FO5,237,4801888,Leaf
Archaea,FO50,39,4312446,Leaf
Archaea,FO51,33,4760112,Leaf
Archaea,FO52,150,3552139,Leaf
Archaea,FO53,309,4910924,Leaf
Archaea,FO54,204,4560113,Leaf
Archaea,FO55,29,3510036,Leaf
Archaea,FO56,100,5267095,Leaf
Archaea,FO57,42,3790423,Leaf
Archaea,FO58,167,4085757,Leaf
Archaea,FO59,155,4684306,Leaf
Archaea,FO6,244,4433072,Leaf
Archaea,FO60,42,4088999,Leaf
Archaea,FO61,102,3583246,Leaf
Archaea,FO62,640,5415916,Leaf
Archaea,FO63,93,3475340,Leaf
Archaea,FO64,196,4191934,Leaf
Archaea,FO65,63,5160805,Leaf
Archaea,FO66,292,5099617,Leaf
Archaea,FO67,42,4765219,Leaf
Archaea,FO68,284,4700976,Leaf
Archaea,FO69,39,5066546,Leaf
Archaea,FO7,159,3834047,Leaf
Archaea,FO70,99,3634207,Leaf
Archaea,FO71,161,4196454,Leaf
Archaea,FO72,8,3287073,Leaf
Archaea,FO73,134,3270149,Leaf
Archaea,FO74,195,3433201,Leaf
Archaea,FO75,5,2633093,Leaf
Archaea,FO76,187,5253215,Leaf
Archaea,FO77,202,4463413,Leaf
Archaea,FO78,564,7299790,Leaf
Archaea,FO79,99,4521589,Leaf
Archaea,FO8,38,4184366,Leaf
Archaea,FO80,284,6470733,Leaf
Archaea,FO81,130,3406652,Leaf
Archaea,FO83,80,3595287,Leaf
Archaea,FO84,119,3567111,Leaf
Archaea,FO85,260,6217272,Leaf
Archaea,FO87,334,5961428,Leaf
Archaea,FO88,153,4467550,Leaf
Archaea,FO89,1832,9487698,Leaf
Archaea,FO9,240,5810257,Leaf
Archaea,FO90,151,4297454,Leaf
Archaea,FO91,78,3465431,Leaf
Archaea,FO92,139,3562456,Leaf
Archaea,FO93,319,4305614,Leaf
Archaea,FO94,92,6563876,Leaf
Archaea,FO95,35,3189431,Leaf
Archaea,FO96,61,3735353,Leaf
Archaea,FO97,25,3477023,Leaf
Archaea,FO98,729,7229090,Leaf
Archaea,FO99,297,5394861,Leaf
Fungi,FOS1,98253,2232171,Stem
Fungi,FOS10,134171,3032681,Stem
Fungi,FOS100,115108,5519284,Stem
Fungi,FOS101,278723,5105575,Stem
Fungi,FOS102,166597,3769021,Stem
Fungi,FOS103,106703,3097749,Stem
Fungi,FOS104,168943,3695120,Stem
Fungi,FOS105,125126,3186733,Stem
Fungi,FOS107,114009,3584533,Stem
Fungi,FOS108,138732,3371621,Stem
Fungi,FOS109,132638,3588227,Stem
Fungi,FOS11,108774,3492578,Stem
Fungi,FOS110,109354,4347148,Stem
Fungi,FOS111,3388775,8270147,Stem
Fungi,FOS112,143549,3676650,Stem
Fungi,FOS113,571114,25967571,Stem
Fungi,FOS114,193400,3812832,Stem
Fungi,FOS115,150109,4473601,Stem
Fungi,FOS116,135088,3224657,Stem
Fungi,FOS117,158185,3845290,Stem
Fungi,FOS118,117201,3301960,Stem
Fungi,FOS119,170788,3927035,Stem
Fungi,FOS12,118377,3266278,Stem
Fungi,FOS120,158232,3575565,Stem
Fungi,FOS121,120900,3455596,Stem
Fungi,FOS122,140616,3741267,Stem
Fungi,FOS123,3434770,9674596,Stem
Fungi,FOS124,126904,3335557,Stem
Fungi,FOS125,162572,3768727,Stem
Fungi,FOS126,117275,8637287,Stem
Fungi,FOS127,167478,3111346,Stem
Fungi,FOS128,145282,3360357,Stem
Fungi,FOS129,132392,4417608,Stem
Fungi,FOS13,136130,3268593,Stem
Fungi,FOS130,196927,3191708,Stem
Fungi,FOS131,122612,3028854,Stem
Fungi,FOS132,124594,3473729,Stem
Fungi,FOS133,300563,3515996,Stem
Fungi,FOS134,193834,3519349,Stem
Fungi,FOS135,163004,4185167,Stem
Fungi,FOS137,168387,3830696,Stem
Fungi,FOS138,118560,3387899,Stem
Fungi,FOS139,113350,3454481,Stem
Fungi,FOS14,109169,3250379,Stem
Fungi,FOS140,117811,3328464,Stem
Fungi,FOS141,140337,3598211,Stem
Fungi,FOS142,112368,3622918,Stem
Fungi,FOS143,125552,3076390,Stem
Fungi,FOS144,165924,3807651,Stem
Fungi,FOS145,110444,2893054,Stem
Fungi,FOS146,131310,3200881,Stem
Fungi,FOS147,173835,2966367,Stem
Fungi,FOS148,115732,10995846,Stem
Fungi,FOS149,576147,3998904,Stem
Fungi,FOS15,122433,3097074,Stem
Fungi,FOS150,102785,2940700,Stem
Fungi,FOS151,118967,3396031,Stem
Fungi,FOS152,267242,2920074,Stem
Fungi,FOS153,123412,3031898,Stem
Fungi,FOS154,114342,3055383,Stem
Fungi,FOS155,123496,3152902,Stem
Fungi,FOS156,122431,3151837,Stem
Fungi,FOS157,160100,4633010,Stem
Fungi,FOS158,224527,2963641,Stem
Fungi,FOS159,102827,3269956,Stem
Fungi,FOS160,3517213,8333829,Stem
Fungi,FOS161,172463,4232604,Stem
Fungi,FOS162,288333,8496210,Stem
Fungi,FOS163,118824,3265363,Stem
Fungi,FOS164,104858,3249917,Stem
Fungi,FOS165,554854,3434881,Stem
Fungi,FOS167,195497,3008641,Stem
Fungi,FOS168,129449,2746446,Stem
Fungi,FOS169,104873,3438455,Stem
Fungi,FOS17,137061,2994927,Stem
Fungi,FOS170,112994,3585947,Stem
Fungi,FOS171,118415,3758317,Stem
Fungi,FOS172,143983,3430531,Stem
Fungi,FOS173,7806270,20375286,Stem
Fungi,FOS174,130553,3172417,Stem
Fungi,FOS175,131525,3511115,Stem
Fungi,FOS176,142254,2983643,Stem
Fungi,FOS177,729693,9367251,Stem
Fungi,FOS178,125297,3119290,Stem
Fungi,FOS179,112290,3179163,Stem
Fungi,FOS18,115201,3011461,Stem
Fungi,FOS180,1160725,3764724,Stem
Fungi,FOS181,113351,3411764,Stem
Fungi,FOS182,128852,4250937,Stem
Fungi,FOS183,120198,2800108,Stem
Fungi,FOS184,162295,3596208,Stem
Fungi,FOS185,112245,3582891,Stem
Fungi,FOS186,130136,3523217,Stem
Fungi,FOS187,127608,3818238,Stem
Fungi,FOS188,140045,3814150,Stem
Fungi,FOS189,123675,3127558,Stem
Fungi,FOS19,132979,3999222,Stem
Fungi,FOS190,142154,2944558,Stem
Fungi,FOS191,170059,4834451,Stem
Fungi,FOS192,140220,3506366,Stem
Fungi,FOS193,916341,6943953,Stem
Fungi,FOS194,121347,3336999,Stem
Fungi,FOS195,159838,3873733,Stem
Fungi,FOS197,110366,3383909,Stem
Fungi,FOS198,126512,17606386,Stem
Fungi,FOS199,108630,2978012,Stem
Fungi,FOS2,318227,4304137,Stem
Fungi,FOS20,531298,4138141,Stem
Fungi,FOS200,132577,3275644,Stem
Fungi,FOS201,113213,2928641,Stem
Fungi,FOS202,100478,3351211,Stem
Fungi,FOS203,124989,3374488,Stem
Fungi,FOS204,110656,3210269,Stem
Fungi,FOS205,143944,3304541,Stem
Fungi,FOS206,106050,2892906,Stem
Fungi,FOS207,109317,2775061,Stem
Fungi,FOS208,169457,2511274,Stem
Fungi,FOS209,115231,3106368,Stem
Fungi,FOS21,123872,3256258,Stem
Fungi,FOS210,129894,3209705,Stem
Fungi,FOS211,111618,3131085,Stem
Fungi,FOS212,108379,2602281,Stem
Fungi,FOS213,116312,3676011,Stem
Fungi,FOS214,234911,5918514,Stem
Fungi,FOS215,151409,4108977,Stem
Fungi,FOS216,18274,43420,Stem
Fungi,FOS217,104101,2798564,Stem
Fungi,FOS218,150707,2725318,Stem
Fungi,FOS219,98736,2888224,Stem
Fungi,FOS22,104517,2784591,Stem
Fungi,FOS220,102212,2688966,Stem
Fungi,FOS221,106169,2766417,Stem
Fungi,FOS222,120556,2559831,Stem
Fungi,FOS223,149112,3237099,Stem
Fungi,FOS224,112942,2719780,Stem
Fungi,FOS225,110189,3279380,Stem
Fungi,FOS227,120510,3190108,Stem
Fungi,FOS228,121506,3152773,Stem
Fungi,FOS229,93907,3107156,Stem
Fungi,FOS23,127175,3199798,Stem
Fungi,FOS230,104478,3093753,Stem
Fungi,FOS231,114463,2893160,Stem
Fungi,FOS232,116679,2658213,Stem
Fungi,FOS233,112416,3059913,Stem
Fungi,FOS234,112653,2965154,Stem
Fungi,FOS235,208341,2863256,Stem
Fungi,FOS236,130218,3005508,Stem
Fungi,FOS237,154222,2676141,Stem
Fungi,FOS238,121501,2807524,Stem
Fungi,FOS239,130127,3226898,Stem
Fungi,FOS24,122094,3166286,Stem
Fungi,FOS240,112243,3000642,Stem
Fungi,FOS241,115421,3182898,Stem
Fungi,FOS242,111886,3284694,Stem
Fungi,FOS243,117642,3072795,Stem
Fungi,FOS244,146912,2916383,Stem
Fungi,FOS245,153513,4251149,Stem
Fungi,FOS246,186247,2832621,Stem
Fungi,FOS247,116790,2905259,Stem
Fungi,FOS248,113031,3162081,Stem
Fungi,FOS249,165165,3502439,Stem
Fungi,FOS25,136462,3010037,Stem
Fungi,FOS250,147698,3364317,Stem
Fungi,FOS251,111162,3079556,Stem
Fungi,FOS252,198872,3298430,Stem
Fungi,FOS253,123302,3134729,Stem
Fungi,FOS254,102223,2776145,Stem
Fungi,FOS255,975073,1435901,Stem
Fungi,FOS257,101571,35562420,Stem
Fungi,FOS258,127290,3424415,Stem
Fungi,FOS259,150632,4001967,Stem
Fungi,FOS26,133609,3511702,Stem
Fungi,FOS260,99491,2818512,Stem
Fungi,FOS261,6946414,12262432,Stem
Fungi,FOS262,113353,2985277,Stem
Fungi,FOS263,100518,2562767,Stem
Fungi,FOS264,102073,2800713,Stem
Fungi,FOS265,258323,4175096,Stem
Fungi,FOS266,222849,2879777,Stem
Fungi,FOS267,188317,10788379,Stem
Fungi,FOS268,136266,2951341,Stem
Fungi,FOS269,120246,3196523,Stem
Fungi,FOS27,227984,3921471,Stem
Fungi,FOS270,108140,2566144,Stem
Fungi,FOS271,181323,3323316,Stem
Fungi,FOS272,105631,3375763,Stem
Fungi,FOS273,103267,2591128,Stem
Fungi,FOS274,112933,3186185,Stem
Fungi,FOS275,130927,2983246,Stem
Fungi,FOS276,201321,2957127,Stem
Fungi,FOS277,133569,2938883,Stem
Fungi,FOS278,103208,2931163,Stem
Fungi,FOS279,123200,4470539,Stem
Fungi,FOS28,141171,3048324,Stem
Fungi,FOS280,119175,2867928,Stem
Fungi,FOS281,113229,3194943,Stem
Fungi,FOS282,2159006,7847376,Stem
Fungi,FOS283,103840,3006453,Stem
Fungi,FOS284,105138,3070386,Stem
Fungi,FOS285,102750,3071246,Stem
Fungi,FOS287,136813,3594711,Stem
Fungi,FOS288,115268,3516800,Stem
Fungi,FOS289,103483,2732245,Stem
Fungi,FOS29,831411,3948459,Stem
Fungi,FOS290,106923,3677740,Stem
Fungi,FOS291,113620,2907471,Stem
Fungi,FOS292,109404,3081880,Stem
Fungi,FOS293,130565,3045793,Stem
Fungi,FOS294,117140,3057077,Stem
Fungi,FOS295,110758,3188460,Stem
Fungi,FOS296,135237,3189594,Stem
Fungi,FOS297,6301329,17017870,Stem
Fungi,FOS298,246951,2665273,Stem
Fungi,FOS299,99867,2920935,Stem
Fungi,FOS3,161885,3987724,Stem
Fungi,FOS30,131034,12661715,Stem
Fungi,FOS300,114682,3021656,Stem
Fungi,FOS301,106060,2977962,Stem
Fungi,FOS302,108340,2806296,Stem
Fungi,FOS303,92036,22971210,Stem
Fungi,FOS304,117286,2982613,Stem
Fungi,FOS305,107431,3234086,Stem
Fungi,FOS306,99445,2863616,Stem
Fungi,FOS307,94013,2807868,Stem
Fungi,FOS308,106689,3000757,Stem
Fungi,FOS309,115253,3138114,Stem
Fungi,FOS31,114618,4361128,Stem
Fungi,FOS310,122672,2934936,Stem
Fungi,FOS32,217421,5830273,Stem
Fungi,FOS33,134118,4126347,Stem
Fungi,FOS34,123644,3629871,Stem
Fungi,FOS35,133161,3623020,Stem
Fungi,FOS36,112100,5529479,Stem
Fungi,FOS37,117306,2984869,Stem
Fungi,FOS38,129580,3515694,Stem
Fungi,FOS39,111086,3473023,Stem
Fungi,FOS4,106860,2945890,Stem
Fungi,FOS40,126079,3799429,Stem
Fungi,FOS41,129005,3106861,Stem
Fungi,FOS42,119749,2924470,Stem
Fungi,FOS43,113035,3195366,Stem
Fungi,FOS44,124072,3596035,Stem
Fungi,FOS45,113193,2970697,Stem
Fungi,FOS47,103781,4323425,Stem
Fungi,FOS48,111643,3819658,Stem
Fungi,FOS49,64166,1571364,Stem
Fungi,FOS5,121035,4081186,Stem
Fungi,FOS50,113577,3544032,Stem
Fungi,FOS51,110431,4345843,Stem
Fungi,FOS52,111339,3872046,Stem
Fungi,FOS53,166603,5611423,Stem
Fungi,FOS54,114902,3219375,Stem
Fungi,FOS55,173702,3789730,Stem
Fungi,FOS56,149238,3497504,Stem
Fungi,FOS57,119339,3377733,Stem
Fungi,FOS58,128450,3191357,Stem
Fungi,FOS59,180964,3566977,Stem
Fungi,FOS6,144014,3906525,Stem
Fungi,FOS60,137336,3389922,Stem
Fungi,FOS61,144889,3203068,Stem
Fungi,FOS62,154878,3226551,Stem
Fungi,FOS63,124111,3553961,Stem
Fungi,FOS64,125433,4001511,Stem
Fungi,FOS65,115546,4627151,Stem
Fungi,FOS66,215274,3970198,Stem
Fungi,FOS67,125543,3533373,Stem
Fungi,FOS68,127928,2987583,Stem
Fungi,FOS69,114835,7905411,Stem
Fungi,FOS7,130823,2780133,Stem
Fungi,FOS70,144563,3010182,Stem
Fungi,FOS71,118502,3084500,Stem
Fungi,FOS72,1059126,2227992,Stem
Fungi,FOS73,124334,3360000,Stem
Fungi,FOS74,134628,3685982,Stem
Fungi,FOS75,122260,3361829,Stem
Fungi,FOS77,125007,3442278,Stem
Fungi,FOS78,749705,6459940,Stem
Fungi,FOS79,158718,3416543,Stem
Fungi,FOS8,100280,3199129,Stem
Fungi,FOS80,125063,3132653,Stem
Fungi,FOS81,145780,3680761,Stem
Fungi,FOS82,154234,5213933,Stem
Fungi,FOS83,130954,3677372,Stem
Fungi,FOS84,141450,3311098,Stem
Fungi,FOS85,157422,3156591,Stem
Fungi,FOS86,202164,12797706,Stem
Fungi,FOS87,324817,3618495,Stem
Fungi,FOS88,185758,3549514,Stem
Fungi,FOS89,160981,4490102,Stem
Fungi,FOS9,117020,3330616,Stem
Fungi,FOS90,113989,3229672,Stem
Fungi,FOS91,201533,3751265,Stem
Fungi,FOS92,136504,3210888,Stem
Fungi,FOS93,130456,3310579,Stem
Fungi,FOS94,123761,3348474,Stem
Fungi,FOS95,113285,3568194,Stem
Fungi,FOS96,158752,3389850,Stem
Fungi,FOS97,215343,4963572,Stem
Fungi,FOS98,135720,3068821,Stem
Fungi,FOS99,116444,7467811,Stem
Bacteria,FOS1,151019,2232171,Stem
Bacteria,FOS10,280751,3032681,Stem
Bacteria,FOS100,2834766,5519284,Stem
Bacteria,FOS101,569683,5105575,Stem
Bacteria,FOS102,413563,3769021,Stem
Bacteria,FOS103,162322,3097749,Stem
Bacteria,FOS104,255037,3695120,Stem
Bacteria,FOS105,222955,3186733,Stem
Bacteria,FOS107,207240,3584533,Stem
Bacteria,FOS108,264265,3371621,Stem
Bacteria,FOS109,257188,3588227,Stem
Bacteria,FOS11,230339,3492578,Stem
Bacteria,FOS110,402809,4347148,Stem
Bacteria,FOS111,2033074,8270147,Stem
Bacteria,FOS112,402406,3676650,Stem
Bacteria,FOS113,21280549,25967571,Stem
Bacteria,FOS114,298322,3812832,Stem
Bacteria,FOS115,284848,4473601,Stem
Bacteria,FOS116,190111,3224657,Stem
Bacteria,FOS117,877712,3845290,Stem
Bacteria,FOS118,202121,3301960,Stem
Bacteria,FOS119,340998,3927035,Stem
Bacteria,FOS12,220003,3266278,Stem
Bacteria,FOS120,284488,3575565,Stem
Bacteria,FOS121,194111,3455596,Stem
Bacteria,FOS122,316113,3741267,Stem
Bacteria,FOS123,2776849,9674596,Stem
Bacteria,FOS124,292641,3335557,Stem
Bacteria,FOS125,240571,3768727,Stem
Bacteria,FOS126,6100702,8637287,Stem
Bacteria,FOS127,298097,3111346,Stem
Bacteria,FOS128,312104,3360357,Stem
Bacteria,FOS129,344226,4417608,Stem
Bacteria,FOS13,473919,3268593,Stem
Bacteria,FOS130,214325,3191708,Stem
Bacteria,FOS131,178425,3028854,Stem
Bacteria,FOS132,261523,3473729,Stem
Bacteria,FOS133,206873,3515996,Stem
Bacteria,FOS134,376526,3519349,Stem
Bacteria,FOS135,322346,4185167,Stem
Bacteria,FOS137,263263,3830696,Stem
Bacteria,FOS138,192326,3387899,Stem
Bacteria,FOS139,278552,3454481,Stem
Bacteria,FOS14,219199,3250379,Stem
Bacteria,FOS140,218302,3328464,Stem
Bacteria,FOS141,447087,3598211,Stem
Bacteria,FOS142,333251,3622918,Stem
Bacteria,FOS143,246146,3076390,Stem
Bacteria,FOS144,355716,3807651,Stem
Bacteria,FOS145,232442,2893054,Stem
Bacteria,FOS146,230195,3200881,Stem
Bacteria,FOS147,209734,2966367,Stem
Bacteria,FOS148,7446508,10995846,Stem
Bacteria,FOS149,880794,3998904,Stem
Bacteria,FOS15,237386,3097074,Stem
Bacteria,FOS150,360044,2940700,Stem
Bacteria,FOS151,214528,3396031,Stem
Bacteria,FOS152,225543,2920074,Stem
Bacteria,FOS153,271044,3031898,Stem
Bacteria,FOS154,232869,3055383,Stem
Bacteria,FOS155,237536,3152902,Stem
Bacteria,FOS156,231968,3151837,Stem
Bacteria,FOS157,537639,4633010,Stem
Bacteria,FOS158,269387,2963641,Stem
Bacteria,FOS159,209227,3269956,Stem
Bacteria,FOS160,2356279,8333829,Stem
Bacteria,FOS161,383597,4232604,Stem
Bacteria,FOS162,4664954,8496210,Stem
Bacteria,FOS163,244649,3265363,Stem
Bacteria,FOS164,165666,3249917,Stem
Bacteria,FOS165,347742,3434881,Stem
Bacteria,FOS167,284001,3008641,Stem
Bacteria,FOS168,243059,2746446,Stem
Bacteria,FOS169,225408,3438455,Stem
Bacteria,FOS17,169703,2994927,Stem
Bacteria,FOS170,205085,3585947,Stem
Bacteria,FOS171,233713,3758317,Stem
Bacteria,FOS172,329789,3430531,Stem
Bacteria,FOS173,7583934,20375286,Stem
Bacteria,FOS174,269697,3172417,Stem
Bacteria,FOS175,167563,3511115,Stem
Bacteria,FOS176,218411,2983643,Stem
Bacteria,FOS177,5630557,9367251,Stem
Bacteria,FOS178,236600,3119290,Stem
Bacteria,FOS179,176408,3179163,Stem
Bacteria,FOS18,166791,3011461,Stem
Bacteria,FOS180,180134,3764724,Stem
Bacteria,FOS181,250182,3411764,Stem
Bacteria,FOS182,525676,4250937,Stem
Bacteria,FOS183,206539,2800108,Stem
Bacteria,FOS184,230597,3596208,Stem
Bacteria,FOS185,184624,3582891,Stem
Bacteria,FOS186,529865,3523217,Stem
Bacteria,FOS187,266924,3818238,Stem
Bacteria,FOS188,316681,3814150,Stem
Bacteria,FOS189,204736,3127558,Stem
Bacteria,FOS19,388675,3999222,Stem
Bacteria,FOS190,206659,2944558,Stem
Bacteria,FOS191,715188,4834451,Stem
Bacteria,FOS192,187790,3506366,Stem
Bacteria,FOS193,2813465,6943953,Stem
Bacteria,FOS194,216447,3336999,Stem
Bacteria,FOS195,270812,3873733,Stem
Bacteria,FOS197,265785,3383909,Stem
Bacteria,FOS198,13297532,17606386,Stem
Bacteria,FOS199,244740,2978012,Stem
Bacteria,FOS2,652968,4304137,Stem
Bacteria,FOS20,777947,4138141,Stem
Bacteria,FOS200,304981,3275644,Stem
Bacteria,FOS201,151864,2928641,Stem
Bacteria,FOS202,212381,3351211,Stem
Bacteria,FOS203,348319,3374488,Stem
Bacteria,FOS204,270664,3210269,Stem
Bacteria,FOS205,352778,3304541,Stem
Bacteria,FOS206,151933,2892906,Stem
Bacteria,FOS207,172081,2775061,Stem
Bacteria,FOS208,163314,2511274,Stem
Bacteria,FOS209,187497,3106368,Stem
Bacteria,FOS21,265302,3256258,Stem
Bacteria,FOS210,322398,3209705,Stem
Bacteria,FOS211,271676,3131085,Stem
Bacteria,FOS212,180631,2602281,Stem
Bacteria,FOS213,453416,3676011,Stem
Bacteria,FOS214,411635,5918514,Stem
Bacteria,FOS215,567407,4108977,Stem
Bacteria,FOS216,1406,43420,Stem
Bacteria,FOS217,166346,2798564,Stem
Bacteria,FOS218,165821,2725318,Stem
Bacteria,FOS219,149590,2888224,Stem
Bacteria,FOS22,204079,2784591,Stem
Bacteria,FOS220,227631,2688966,Stem
Bacteria,FOS221,155225,2766417,Stem
Bacteria,FOS222,175001,2559831,Stem
Bacteria,FOS223,454427,3237099,Stem
Bacteria,FOS224,174117,2719780,Stem
Bacteria,FOS225,207750,3279380,Stem
Bacteria,FOS227,278886,3190108,Stem
Bacteria,FOS228,335382,3152773,Stem
Bacteria,FOS229,189903,3107156,Stem
Bacteria,FOS23,205551,3199798,Stem
Bacteria,FOS230,149111,3093753,Stem
Bacteria,FOS231,168847,2893160,Stem
Bacteria,FOS232,177083,2658213,Stem
Bacteria,FOS233,249272,3059913,Stem
Bacteria,FOS234,165849,2965154,Stem
Bacteria,FOS235,187208,2863256,Stem
Bacteria,FOS236,154682,3005508,Stem
Bacteria,FOS237,161861,2676141,Stem
Bacteria,FOS238,202110,2807524,Stem
Bacteria,FOS239,314882,3226898,Stem
Bacteria,FOS24,225172,3166286,Stem
Bacteria,FOS240,191268,3000642,Stem
Bacteria,FOS241,195128,3182898,Stem
Bacteria,FOS242,307037,3284694,Stem
Bacteria,FOS243,181729,3072795,Stem
Bacteria,FOS244,209030,2916383,Stem
Bacteria,FOS245,620617,4251149,Stem
Bacteria,FOS246,226438,2832621,Stem
Bacteria,FOS247,174168,2905259,Stem
Bacteria,FOS248,157435,3162081,Stem
Bacteria,FOS249,683827,3502439,Stem
Bacteria,FOS25,196086,3010037,Stem
Bacteria,FOS250,793101,3364317,Stem
Bacteria,FOS251,171383,3079556,Stem
Bacteria,FOS252,216744,3298430,Stem
Bacteria,FOS253,266783,3134729,Stem
Bacteria,FOS254,216280,2776145,Stem
Bacteria,FOS255,267780,1435901,Stem
Bacteria,FOS257,30301069,35562420,Stem
Bacteria,FOS258,281307,3424415,Stem
Bacteria,FOS259,247729,4001967,Stem
Bacteria,FOS26,219923,3511702,Stem
Bacteria,FOS260,174970,2818512,Stem
Bacteria,FOS261,882181,12262432,Stem
Bacteria,FOS262,390890,2985277,Stem
Bacteria,FOS263,183343,2562767,Stem
Bacteria,FOS264,188478,2800713,Stem
Bacteria,FOS265,374108,4175096,Stem
Bacteria,FOS266,295938,2879777,Stem
Bacteria,FOS267,6543033,10788379,Stem
Bacteria,FOS268,420079,2951341,Stem
Bacteria,FOS269,815636,3196523,Stem
Bacteria,FOS27,752382,3921471,Stem
Bacteria,FOS270,203358,2566144,Stem
Bacteria,FOS271,238668,3323316,Stem
Bacteria,FOS272,253051,3375763,Stem
Bacteria,FOS273,173850,2591128,Stem
Bacteria,FOS274,197192,3186185,Stem
Bacteria,FOS275,208971,2983246,Stem
Bacteria,FOS276,254186,2957127,Stem
Bacteria,FOS277,196187,2938883,Stem
Bacteria,FOS278,227787,2931163,Stem
Bacteria,FOS279,1821080,4470539,Stem
Bacteria,FOS28,269005,3048324,Stem
Bacteria,FOS280,243906,2867928,Stem
Bacteria,FOS281,226618,3194943,Stem
Bacteria,FOS282,2963668,7847376,Stem
Bacteria,FOS283,254820,3006453,Stem
Bacteria,FOS284,202540,3070386,Stem
Bacteria,FOS285,204263,3071246,Stem
Bacteria,FOS287,307599,3594711,Stem
Bacteria,FOS288,528971,3516800,Stem
Bacteria,FOS289,207922,2732245,Stem
Bacteria,FOS29,280367,3948459,Stem
Bacteria,FOS290,216941,3677740,Stem
Bacteria,FOS291,234841,2907471,Stem
Bacteria,FOS292,259311,3081880,Stem
Bacteria,FOS293,310254,3045793,Stem
Bacteria,FOS294,233942,3057077,Stem
Bacteria,FOS295,335029,3188460,Stem
Bacteria,FOS296,275497,3189594,Stem
Bacteria,FOS297,7207116,17017870,Stem
Bacteria,FOS298,337448,2665273,Stem
Bacteria,FOS299,277052,2920935,Stem
Bacteria,FOS3,353401,3987724,Stem
Bacteria,FOS30,9232294,12661715,Stem
Bacteria,FOS300,173463,3021656,Stem
Bacteria,FOS301,302402,2977962,Stem
Bacteria,FOS302,362300,2806296,Stem
Bacteria,FOS303,19122773,22971210,Stem
Bacteria,FOS304,319633,2982613,Stem
Bacteria,FOS305,325067,3234086,Stem
Bacteria,FOS306,328850,2863616,Stem
Bacteria,FOS307,188676,2807868,Stem
Bacteria,FOS308,244017,3000757,Stem
Bacteria,FOS309,266504,3138114,Stem
Bacteria,FOS31,876348,4361128,Stem
Bacteria,FOS310,384722,2934936,Stem
Bacteria,FOS32,636722,5830273,Stem
Bacteria,FOS33,356286,4126347,Stem
Bacteria,FOS34,232935,3629871,Stem
Bacteria,FOS35,170697,3623020,Stem
Bacteria,FOS36,2635500,5529479,Stem
Bacteria,FOS37,165903,2984869,Stem
Bacteria,FOS38,180896,3515694,Stem
Bacteria,FOS39,405988,3473023,Stem
Bacteria,FOS4,242128,2945890,Stem
Bacteria,FOS40,511529,3799429,Stem
Bacteria,FOS41,170361,3106861,Stem
Bacteria,FOS42,183900,2924470,Stem
Bacteria,FOS43,173350,3195366,Stem
Bacteria,FOS44,329087,3596035,Stem
Bacteria,FOS45,188478,2970697,Stem
Bacteria,FOS47,477919,4323425,Stem
Bacteria,FOS48,198191,3819658,Stem
Bacteria,FOS49,103900,1571364,Stem
Bacteria,FOS5,364847,4081186,Stem
Bacteria,FOS50,281204,3544032,Stem
Bacteria,FOS51,302792,4345843,Stem
Bacteria,FOS52,220985,3872046,Stem
Bacteria,FOS53,513993,5611423,Stem
Bacteria,FOS54,185795,3219375,Stem
Bacteria,FOS55,309078,3789730,Stem
Bacteria,FOS56,343881,3497504,Stem
Bacteria,FOS57,348126,3377733,Stem
Bacteria,FOS58,212297,3191357,Stem
Bacteria,FOS59,300972,3566977,Stem
Bacteria,FOS6,242692,3906525,Stem
Bacteria,FOS60,223114,3389922,Stem
Bacteria,FOS61,190635,3203068,Stem
Bacteria,FOS62,492443,3226551,Stem
Bacteria,FOS63,209034,3553961,Stem
Bacteria,FOS64,307566,4001511,Stem
Bacteria,FOS65,576712,4627151,Stem
Bacteria,FOS66,230920,3970198,Stem
Bacteria,FOS67,195943,3533373,Stem
Bacteria,FOS68,202985,2987583,Stem
Bacteria,FOS69,4735552,7905411,Stem
Bacteria,FOS7,329378,2780133,Stem
Bacteria,FOS70,189559,3010182,Stem
Bacteria,FOS71,213989,3084500,Stem
Bacteria,FOS72,120771,2227992,Stem
Bacteria,FOS73,191156,3360000,Stem
Bacteria,FOS74,199708,3685982,Stem
Bacteria,FOS75,186896,3361829,Stem
Bacteria,FOS77,226211,3442278,Stem
Bacteria,FOS78,4581825,6459940,Stem
Bacteria,FOS79,320081,3416543,Stem
Bacteria,FOS8,306842,3199129,Stem
Bacteria,FOS80,186364,3132653,Stem
Bacteria,FOS81,273147,3680761,Stem
Bacteria,FOS82,357945,5213933,Stem
Bacteria,FOS83,211449,3677372,Stem
Bacteria,FOS84,214264,3311098,Stem
Bacteria,FOS85,314075,3156591,Stem
Bacteria,FOS86,2677816,12797706,Stem
Bacteria,FOS87,483334,3618495,Stem
Bacteria,FOS88,258566,3549514,Stem
Bacteria,FOS89,1393416,4490102,Stem
Bacteria,FOS9,184967,3330616,Stem
Bacteria,FOS90,226661,3229672,Stem
Bacteria,FOS91,316737,3751265,Stem
Bacteria,FOS92,224066,3210888,Stem
Bacteria,FOS93,233985,3310579,Stem
Bacteria,FOS94,269174,3348474,Stem
Bacteria,FOS95,266856,3568194,Stem
Bacteria,FOS96,224122,3389850,Stem
Bacteria,FOS97,1252604,4963572,Stem
Bacteria,FOS98,204209,3068821,Stem
Bacteria,FOS99,4357428,7467811,Stem
Other,FOS1,1982888,2232171,Stem
Other,FOS10,2617716,3032681,Stem
Other,FOS100,2569393,5519284,Stem
Other,FOS101,4257062,5105575,Stem
Other,FOS102,3188751,3769021,Stem
Other,FOS103,2828707,3097749,Stem
Other,FOS104,3271114,3695120,Stem
Other,FOS105,2838612,3186733,Stem
Other,FOS107,3263250,3584533,Stem
Other,FOS108,2968571,3371621,Stem
Other,FOS109,3198372,3588227,Stem
Other,FOS11,3153430,3492578,Stem
Other,FOS110,3834858,4347148,Stem
Other,FOS111,2847689,8270147,Stem
Other,FOS112,3130650,3676650,Stem
Other,FOS113,4115759,25967571,Stem
Other,FOS114,3321046,3812832,Stem
Other,FOS115,4038614,4473601,Stem
Other,FOS116,2899439,3224657,Stem
Other,FOS117,2809365,3845290,Stem
Other,FOS118,2982616,3301960,Stem
Other,FOS119,3415199,3927035,Stem
Other,FOS12,2927854,3266278,Stem
Other,FOS120,3132746,3575565,Stem
Other,FOS121,3140567,3455596,Stem
Other,FOS122,3284448,3741267,Stem
Other,FOS123,3462965,9674596,Stem
Other,FOS124,2915963,3335557,Stem
Other,FOS125,3365564,3768727,Stem
Other,FOS126,2416271,8637287,Stem
Other,FOS127,2645719,3111346,Stem
Other,FOS128,2902917,3360357,Stem
Other,FOS129,3940942,4417608,Stem
Other,FOS13,2658373,3268593,Stem
Other,FOS130,2780435,3191708,Stem
Other,FOS131,2727811,3028854,Stem
Other,FOS132,3087563,3473729,Stem
Other,FOS133,3008507,3515996,Stem
Other,FOS134,2948904,3519349,Stem
Other,FOS135,3699762,4185167,Stem
Other,FOS137,3399006,3830696,Stem
Other,FOS138,3076979,3387899,Stem
Other,FOS139,3062542,3454481,Stem
Other,FOS14,2921986,3250379,Stem
Other,FOS140,2992318,3328464,Stem
Other,FOS141,3010667,3598211,Stem
Other,FOS142,3177181,3622918,Stem
Other,FOS143,2704646,3076390,Stem
Other,FOS144,3285964,3807651,Stem
Other,FOS145,2550101,2893054,Stem
Other,FOS146,2839344,3200881,Stem
Other,FOS147,2582768,2966367,Stem
Other,FOS148,3429234,10995846,Stem
Other,FOS149,2541765,3998904,Stem
Other,FOS15,2737206,3097074,Stem
Other,FOS150,2477784,2940700,Stem
Other,FOS151,3062517,3396031,Stem
Other,FOS152,2427264,2920074,Stem
Other,FOS153,2637408,3031898,Stem
Other,FOS154,2708124,3055383,Stem
Other,FOS155,2791843,3152902,Stem
Other,FOS156,2797374,3151837,Stem
Other,FOS157,3935117,4633010,Stem
Other,FOS158,2469686,2963641,Stem
Other,FOS159,2957885,3269956,Stem
Other,FOS160,2460315,8333829,Stem
Other,FOS161,3676472,4232604,Stem
Other,FOS162,3541772,8496210,Stem
Other,FOS163,2901865,3265363,Stem
Other,FOS164,2979364,3249917,Stem
Other,FOS165,2532198,3434881,Stem
Other,FOS167,2529037,3008641,Stem
Other,FOS168,2373895,2746446,Stem
Other,FOS169,3108144,3438455,Stem
Other,FOS17,2688154,2994927,Stem
Other,FOS170,3267832,3585947,Stem
Other,FOS171,3406148,3758317,Stem
Other,FOS172,2956716,3430531,Stem
Other,FOS173,4982624,20375286,Stem
Other,FOS174,2772128,3172417,Stem
Other,FOS175,3212022,3511115,Stem
Other,FOS176,2622962,2983643,Stem
Other,FOS177,3005801,9367251,Stem
Other,FOS178,2757372,3119290,Stem
Other,FOS179,2890433,3179163,Stem
Other,FOS18,2729458,3011461,Stem
Other,FOS180,2423797,3764724,Stem
Other,FOS181,3048213,3411764,Stem
Other,FOS182,3596207,4250937,Stem
Other,FOS183,2473337,2800108,Stem
Other,FOS184,3203284,3596208,Stem
Other,FOS185,3286009,3582891,Stem
Other,FOS186,2862997,3523217,Stem
Other,FOS187,3423673,3818238,Stem
Other,FOS188,3357385,3814150,Stem
Other,FOS189,2799138,3127558,Stem
Other,FOS19,3477502,3999222,Stem
Other,FOS190,2595728,2944558,Stem
Other,FOS191,3949017,4834451,Stem
Other,FOS192,3178350,3506366,Stem
Other,FOS193,3213603,6943953,Stem
Other,FOS194,2999184,3336999,Stem
Other,FOS195,3443049,3873733,Stem
Other,FOS197,3007707,3383909,Stem
Other,FOS198,4181253,17606386,Stem
Other,FOS199,2624608,2978012,Stem
Other,FOS2,3332854,4304137,Stem
Other,FOS20,2828745,4138141,Stem
Other,FOS200,2838023,3275644,Stem
Other,FOS201,2663556,2928641,Stem
Other,FOS202,3038330,3351211,Stem
Other,FOS203,2901122,3374488,Stem
Other,FOS204,2828914,3210269,Stem
Other,FOS205,2807792,3304541,Stem
Other,FOS206,2634890,2892906,Stem
Other,FOS207,2493653,2775061,Stem
Other,FOS208,2178483,2511274,Stem
Other,FOS209,2803617,3106368,Stem
Other,FOS21,2867036,3256258,Stem
Other,FOS210,2757393,3209705,Stem
Other,FOS211,2747770,3131085,Stem
Other,FOS212,2313227,2602281,Stem
Other,FOS213,3106206,3676011,Stem
Other,FOS214,5271928,5918514,Stem
Other,FOS215,3390025,4108977,Stem
Other,FOS216,23740,43420,Stem
Other,FOS217,2528104,2798564,Stem
Other,FOS218,2408770,2725318,Stem
Other,FOS219,2639887,2888224,Stem
Other,FOS22,2475982,2784591,Stem
Other,FOS220,2359114,2688966,Stem
Other,FOS221,2505010,2766417,Stem
Other,FOS222,2264246,2559831,Stem
Other,FOS223,2633534,3237099,Stem
Other,FOS224,2432703,2719780,Stem
Other,FOS225,2961409,3279380,Stem
Other,FOS227,2790645,3190108,Stem
Other,FOS228,2695799,3152773,Stem
Other,FOS229,2823322,3107156,Stem
Other,FOS23,2867041,3199798,Stem
Other,FOS230,2840146,3093753,Stem
Other,FOS231,2609815,2893160,Stem
Other,FOS232,2364421,2658213,Stem
Other,FOS233,2698181,3059913,Stem
Other,FOS234,2686636,2965154,Stem
Other,FOS235,2467665,2863256,Stem
Other,FOS236,2720589,3005508,Stem
Other,FOS237,2360027,2676141,Stem
Other,FOS238,2483893,2807524,Stem
Other,FOS239,2781842,3226898,Stem
Other,FOS24,2818965,3166286,Stem
Other,FOS240,2697112,3000642,Stem
Other,FOS241,2872327,3182898,Stem
Other,FOS242,2865662,3284694,Stem
Other,FOS243,2773405,3072795,Stem
Other,FOS244,2560419,2916383,Stem
Other,FOS245,3476847,4251149,Stem
Other,FOS246,2419912,2832621,Stem
Other,FOS247,2614268,2905259,Stem
Other,FOS248,2891607,3162081,Stem
Other,FOS249,2653430,3502439,Stem
Other,FOS25,2677480,3010037,Stem
Other,FOS250,2423145,3364317,Stem
Other,FOS251,2796993,3079556,Stem
Other,FOS252,2882773,3298430,Stem
Other,FOS253,2744602,3134729,Stem
Other,FOS254,2457571,2776145,Stem
Other,FOS255,193036,1435901,Stem
Other,FOS257,5158743,35562420,Stem
Other,FOS258,3015778,3424415,Stem
Other,FOS259,3603588,4001967,Stem
Other,FOS26,3158151,3511702,Stem
Other,FOS260,2543976,2818512,Stem
Other,FOS261,4433049,12262432,Stem
Other,FOS262,2480931,2985277,Stem
Other,FOS263,2278877,2562767,Stem
Other,FOS264,2510119,2800713,Stem
Other,FOS265,3542493,4175096,Stem
Other,FOS266,2360919,2879777,Stem
Other,FOS267,4053046,10788379,Stem
Other,FOS268,2394923,2951341,Stem
Other,FOS269,2260422,3196523,Stem
Other,FOS27,2940967,3921471,Stem
Other,FOS270,2254610,2566144,Stem
Other,FOS271,2903254,3323316,Stem
Other,FOS272,3017010,3375763,Stem
Other,FOS273,2313985,2591128,Stem
Other,FOS274,2876032,3186185,Stem
Other,FOS275,2643317,2983246,Stem
Other,FOS276,2501589,2957127,Stem
Other,FOS277,2609108,2938883,Stem
Other,FOS278,2600124,2931163,Stem
Other,FOS279,2526043,4470539,Stem
Other,FOS28,2638093,3048324,Stem
Other,FOS280,2504794,2867928,Stem
Other,FOS281,2855045,3194943,Stem
Other,FOS282,2723891,7847376,Stem
Other,FOS283,2647748,3006453,Stem
Other,FOS284,2762650,3070386,Stem
Other,FOS285,2764183,3071246,Stem
Other,FOS287,3150241,3594711,Stem
Other,FOS288,2872536,3516800,Stem
Other,FOS289,2420807,2732245,Stem
Other,FOS29,2836618,3948459,Stem
Other,FOS290,3353838,3677740,Stem
Other,FOS291,2558938,2907471,Stem
Other,FOS292,2713128,3081880,Stem
Other,FOS293,2604922,3045793,Stem
Other,FOS294,2705957,3057077,Stem
Other,FOS295,2742633,3188460,Stem
Other,FOS296,2778792,3189594,Stem
Other,FOS297,3507462,17017870,Stem
Other,FOS298,2080775,2665273,Stem
Other,FOS299,2543977,2920935,Stem
Other,FOS3,3472381,3987724,Stem
Other,FOS30,3297700,12661715,Stem
Other,FOS300,2733483,3021656,Stem
Other,FOS301,2569420,2977962,Stem
Other,FOS302,2335548,2806296,Stem
Other,FOS303,3752513,22971210,Stem
Other,FOS304,2545626,2982613,Stem
Other,FOS305,2801505,3234086,Stem
Other,FOS306,2435210,2863616,Stem
Other,FOS307,2525144,2807868,Stem
Other,FOS308,2650000,3000757,Stem
Other,FOS309,2756306,3138114,Stem
Other,FOS31,3369423,4361128,Stem
Other,FOS310,2427431,2934936,Stem
Other,FOS32,4975972,5830273,Stem
Other,FOS33,3635874,4126347,Stem
Other,FOS34,3273261,3629871,Stem
Other,FOS35,3319142,3623020,Stem
Other,FOS36,2779766,5529479,Stem
Other,FOS37,2701650,2984869,Stem
Other,FOS38,3205201,3515694,Stem
Other,FOS39,2955844,3473023,Stem
Other,FOS4,2596861,2945890,Stem
Other,FOS40,3161660,3799429,Stem
Other,FOS41,2807479,3106861,Stem
Other,FOS42,2620791,2924470,Stem
Other,FOS43,2908956,3195366,Stem
Other,FOS44,3142804,3596035,Stem
Other,FOS45,2669013,2970697,Stem
Other,FOS47,3741693,4323425,Stem
Other,FOS48,3509800,3819658,Stem
Other,FOS49,1403298,1571364,Stem
Other,FOS5,3595269,4081186,Stem
Other,FOS50,3149194,3544032,Stem
Other,FOS51,3932576,4345843,Stem
Other,FOS52,3539675,3872046,Stem
Other,FOS53,4930721,5611423,Stem
Other,FOS54,2918663,3219375,Stem
Other,FOS55,3306909,3789730,Stem
Other,FOS56,3004301,3497504,Stem
Other,FOS57,2910248,3377733,Stem
Other,FOS58,2850576,3191357,Stem
Other,FOS59,3084996,3566977,Stem
Other,FOS6,3519787,3906525,Stem
Other,FOS60,3029381,3389922,Stem
Other,FOS61,2867521,3203068,Stem
Other,FOS62,2579114,3226551,Stem
Other,FOS63,3220806,3553961,Stem
Other,FOS64,3568393,4001511,Stem
Other,FOS65,3934669,4627151,Stem
Other,FOS66,3523969,3970198,Stem
Other,FOS67,3211869,3533373,Stem
Other,FOS68,2656630,2987583,Stem
Other,FOS69,3054377,7905411,Stem
Other,FOS7,2319824,2780133,Stem
Other,FOS70,2676042,3010182,Stem
Other,FOS71,2751999,3084500,Stem
Other,FOS72,1047992,2227992,Stem
Other,FOS73,3044492,3360000,Stem
Other,FOS74,3351617,3685982,Stem
Other,FOS75,3052653,3361829,Stem
Other,FOS77,3091019,3442278,Stem
Other,FOS78,1126742,6459940,Stem
Other,FOS79,2937697,3416543,Stem
Other,FOS8,2791900,3199129,Stem
Other,FOS80,2821215,3132653,Stem
Other,FOS81,3261816,3680761,Stem
Other,FOS82,4701718,5213933,Stem
Other,FOS83,3334839,3677372,Stem
Other,FOS84,2955338,3311098,Stem
Other,FOS85,2685036,3156591,Stem
Other,FOS86,9917712,12797706,Stem
Other,FOS87,2810245,3618495,Stem
Other,FOS88,3105144,3549514,Stem
Other,FOS89,2935666,4490102,Stem
Other,FOS9,3028610,3330616,Stem
Other,FOS90,2888975,3229672,Stem
Other,FOS91,3232919,3751265,Stem
Other,FOS92,2850289,3210888,Stem
Other,FOS93,2946083,3310579,Stem
Other,FOS94,2955495,3348474,Stem
Other,FOS95,3187979,3568194,Stem
Other,FOS96,3006937,3389850,Stem
Other,FOS97,3495347,4963572,Stem
Other,FOS98,2728877,3068821,Stem
Other,FOS99,2993901,7467811,Stem
Archaea,FOS1,11,2232171,Stem
Archaea,FOS10,43,3032681,Stem
Archaea,FOS100,17,5519284,Stem
Archaea,FOS101,107,5105575,Stem
Archaea,FOS102,110,3769021,Stem
Archaea,FOS103,17,3097749,Stem
Archaea,FOS104,26,3695120,Stem
Archaea,FOS105,40,3186733,Stem
Archaea,FOS107,34,3584533,Stem
Archaea,FOS108,53,3371621,Stem
Archaea,FOS109,29,3588227,Stem
Archaea,FOS11,35,3492578,Stem
Archaea,FOS110,127,4347148,Stem
Archaea,FOS111,609,8270147,Stem
Archaea,FOS112,45,3676650,Stem
Archaea,FOS113,149,25967571,Stem
Archaea,FOS114,64,3812832,Stem
Archaea,FOS115,30,4473601,Stem
Archaea,FOS116,19,3224657,Stem
Archaea,FOS117,28,3845290,Stem
Archaea,FOS118,22,3301960,Stem
Archaea,FOS119,50,3927035,Stem
Archaea,FOS12,44,3266278,Stem
Archaea,FOS120,99,3575565,Stem
Archaea,FOS121,18,3455596,Stem
Archaea,FOS122,90,3741267,Stem
Archaea,FOS123,12,9674596,Stem
Archaea,FOS124,49,3335557,Stem
Archaea,FOS125,20,3768727,Stem
Archaea,FOS126,3039,8637287,Stem
Archaea,FOS127,52,3111346,Stem
Archaea,FOS128,54,3360357,Stem
Archaea,FOS129,48,4417608,Stem
Archaea,FOS13,171,3268593,Stem
Archaea,FOS130,21,3191708,Stem
Archaea,FOS131,6,3028854,Stem
Archaea,FOS132,49,3473729,Stem
Archaea,FOS133,53,3515996,Stem
Archaea,FOS134,85,3519349,Stem
Archaea,FOS135,55,4185167,Stem
Archaea,FOS137,40,3830696,Stem
Archaea,FOS138,34,3387899,Stem
Archaea,FOS139,37,3454481,Stem
Archaea,FOS14,25,3250379,Stem
Archaea,FOS140,33,3328464,Stem
Archaea,FOS141,120,3598211,Stem
Archaea,FOS142,118,3622918,Stem
Archaea,FOS143,46,3076390,Stem
Archaea,FOS144,47,3807651,Stem
Archaea,FOS145,67,2893054,Stem
Archaea,FOS146,32,3200881,Stem
Archaea,FOS147,30,2966367,Stem
Archaea,FOS148,4372,10995846,Stem
Archaea,FOS149,198,3998904,Stem
Archaea,FOS15,49,3097074,Stem
Archaea,FOS150,87,2940700,Stem
Archaea,FOS151,19,3396031,Stem
Archaea,FOS152,25,2920074,Stem
Archaea,FOS153,34,3031898,Stem
Archaea,FOS154,48,3055383,Stem
Archaea,FOS155,27,3152902,Stem
Archaea,FOS156,64,3151837,Stem
Archaea,FOS157,154,4633010,Stem
Archaea,FOS158,41,2963641,Stem
Archaea,FOS159,17,3269956,Stem
Archaea,FOS160,22,8333829,Stem
Archaea,FOS161,72,4232604,Stem
Archaea,FOS162,1151,8496210,Stem
Archaea,FOS163,25,3265363,Stem
Archaea,FOS164,29,3249917,Stem
Archaea,FOS165,87,3434881,Stem
Archaea,FOS167,106,3008641,Stem
Archaea,FOS168,43,2746446,Stem
Archaea,FOS169,30,3438455,Stem
Archaea,FOS17,9,2994927,Stem
Archaea,FOS170,36,3585947,Stem
Archaea,FOS171,41,3758317,Stem
Archaea,FOS172,43,3430531,Stem
Archaea,FOS173,2458,20375286,Stem
Archaea,FOS174,39,3172417,Stem
Archaea,FOS175,5,3511115,Stem
Archaea,FOS176,16,2983643,Stem
Archaea,FOS177,1200,9367251,Stem
Archaea,FOS178,21,3119290,Stem
Archaea,FOS179,32,3179163,Stem
Archaea,FOS18,11,3011461,Stem
Archaea,FOS180,68,3764724,Stem
Archaea,FOS181,18,3411764,Stem
Archaea,FOS182,202,4250937,Stem
Archaea,FOS183,34,2800108,Stem
Archaea,FOS184,32,3596208,Stem
Archaea,FOS185,13,3582891,Stem
Archaea,FOS186,219,3523217,Stem
Archaea,FOS187,33,3818238,Stem
Archaea,FOS188,39,3814150,Stem
Archaea,FOS189,9,3127558,Stem
Archaea,FOS19,66,3999222,Stem
Archaea,FOS190,17,2944558,Stem
Archaea,FOS191,187,4834451,Stem
Archaea,FOS192,6,3506366,Stem
Archaea,FOS193,544,6943953,Stem
Archaea,FOS194,21,3336999,Stem
Archaea,FOS195,34,3873733,Stem
Archaea,FOS197,51,3383909,Stem
Archaea,FOS198,1089,17606386,Stem
Archaea,FOS199,34,2978012,Stem
Archaea,FOS2,88,4304137,Stem
Archaea,FOS20,151,4138141,Stem
Archaea,FOS200,63,3275644,Stem
Archaea,FOS201,8,2928641,Stem
Archaea,FOS202,22,3351211,Stem
Archaea,FOS203,58,3374488,Stem
Archaea,FOS204,35,3210269,Stem
Archaea,FOS205,27,3304541,Stem
Archaea,FOS206,33,2892906,Stem
Archaea,FOS207,10,2775061,Stem
Archaea,FOS208,20,2511274,Stem
Archaea,FOS209,23,3106368,Stem
Archaea,FOS21,48,3256258,Stem
Archaea,FOS210,20,3209705,Stem
Archaea,FOS211,21,3131085,Stem
Archaea,FOS212,44,2602281,Stem
Archaea,FOS213,77,3676011,Stem
Archaea,FOS214,40,5918514,Stem
Archaea,FOS215,136,4108977,Stem
Archaea,FOS216,0,43420,Stem
Archaea,FOS217,13,2798564,Stem
Archaea,FOS218,20,2725318,Stem
Archaea,FOS219,11,2888224,Stem
Archaea,FOS22,13,2784591,Stem
Archaea,FOS220,9,2688966,Stem
Archaea,FOS221,13,2766417,Stem
Archaea,FOS222,28,2559831,Stem
Archaea,FOS223,26,3237099,Stem
Archaea,FOS224,18,2719780,Stem
Archaea,FOS225,32,3279380,Stem
Archaea,FOS227,67,3190108,Stem
Archaea,FOS228,86,3152773,Stem
Archaea,FOS229,24,3107156,Stem
Archaea,FOS23,31,3199798,Stem
Archaea,FOS230,18,3093753,Stem
Archaea,FOS231,35,2893160,Stem
Archaea,FOS232,30,2658213,Stem
Archaea,FOS233,44,3059913,Stem
Archaea,FOS234,16,2965154,Stem
Archaea,FOS235,42,2863256,Stem
Archaea,FOS236,19,3005508,Stem
Archaea,FOS237,31,2676141,Stem
Archaea,FOS238,20,2807524,Stem
Archaea,FOS239,47,3226898,Stem
Archaea,FOS24,55,3166286,Stem
Archaea,FOS240,19,3000642,Stem
Archaea,FOS241,22,3182898,Stem
Archaea,FOS242,109,3284694,Stem
Archaea,FOS243,19,3072795,Stem
Archaea,FOS244,22,2916383,Stem
Archaea,FOS245,172,4251149,Stem
Archaea,FOS246,24,2832621,Stem
Archaea,FOS247,33,2905259,Stem
Archaea,FOS248,8,3162081,Stem
Archaea,FOS249,17,3502439,Stem
Archaea,FOS25,9,3010037,Stem
Archaea,FOS250,373,3364317,Stem
Archaea,FOS251,18,3079556,Stem
Archaea,FOS252,41,3298430,Stem
Archaea,FOS253,42,3134729,Stem
Archaea,FOS254,71,2776145,Stem
Archaea,FOS255,12,1435901,Stem
Archaea,FOS257,1037,35562420,Stem
Archaea,FOS258,40,3424415,Stem
Archaea,FOS259,18,4001967,Stem
Archaea,FOS26,19,3511702,Stem
Archaea,FOS260,75,2818512,Stem
Archaea,FOS261,788,12262432,Stem
Archaea,FOS262,103,2985277,Stem
Archaea,FOS263,29,2562767,Stem
Archaea,FOS264,43,2800713,Stem
Archaea,FOS265,172,4175096,Stem
Archaea,FOS266,71,2879777,Stem
Archaea,FOS267,3983,10788379,Stem
Archaea,FOS268,73,2951341,Stem
Archaea,FOS269,219,3196523,Stem
Archaea,FOS27,138,3921471,Stem
Archaea,FOS270,36,2566144,Stem
Archaea,FOS271,71,3323316,Stem
Archaea,FOS272,71,3375763,Stem
Archaea,FOS273,26,2591128,Stem
Archaea,FOS274,28,3186185,Stem
Archaea,FOS275,31,2983246,Stem
Archaea,FOS276,31,2957127,Stem
Archaea,FOS277,19,2938883,Stem
Archaea,FOS278,44,2931163,Stem
Archaea,FOS279,216,4470539,Stem
Archaea,FOS28,55,3048324,Stem
Archaea,FOS280,53,2867928,Stem
Archaea,FOS281,51,3194943,Stem
Archaea,FOS282,811,7847376,Stem
Archaea,FOS283,45,3006453,Stem
Archaea,FOS284,58,3070386,Stem
Archaea,FOS285,50,3071246,Stem
Archaea,FOS287,58,3594711,Stem
Archaea,FOS288,25,3516800,Stem
Archaea,FOS289,33,2732245,Stem
Archaea,FOS29,63,3948459,Stem
Archaea,FOS290,38,3677740,Stem
Archaea,FOS291,72,2907471,Stem
Archaea,FOS292,37,3081880,Stem
Archaea,FOS293,52,3045793,Stem
Archaea,FOS294,38,3057077,Stem
Archaea,FOS295,40,3188460,Stem
Archaea,FOS296,68,3189594,Stem
Archaea,FOS297,1963,17017870,Stem
Archaea,FOS298,99,2665273,Stem
Archaea,FOS299,39,2920935,Stem
Archaea,FOS3,57,3987724,Stem
Archaea,FOS30,687,12661715,Stem
Archaea,FOS300,28,3021656,Stem
Archaea,FOS301,80,2977962,Stem
Archaea,FOS302,108,2806296,Stem
Archaea,FOS303,3888,22971210,Stem
Archaea,FOS304,68,2982613,Stem
Archaea,FOS305,83,3234086,Stem
Archaea,FOS306,111,2863616,Stem
Archaea,FOS307,35,2807868,Stem
Archaea,FOS308,51,3000757,Stem
Archaea,FOS309,51,3138114,Stem
Archaea,FOS31,739,4361128,Stem
Archaea,FOS310,111,2934936,Stem
Archaea,FOS32,158,5830273,Stem
Archaea,FOS33,69,4126347,Stem
Archaea,FOS34,31,3629871,Stem
Archaea,FOS35,20,3623020,Stem
Archaea,FOS36,2113,5529479,Stem
Archaea,FOS37,10,2984869,Stem
Archaea,FOS38,17,3515694,Stem
Archaea,FOS39,105,3473023,Stem
Archaea,FOS4,41,2945890,Stem
Archaea,FOS40,161,3799429,Stem
Archaea,FOS41,16,3106861,Stem
Archaea,FOS42,30,2924470,Stem
Archaea,FOS43,25,3195366,Stem
Archaea,FOS44,72,3596035,Stem
Archaea,FOS45,13,2970697,Stem
Archaea,FOS47,32,4323425,Stem
Archaea,FOS48,24,3819658,Stem
Archaea,FOS49,0,1571364,Stem
Archaea,FOS5,35,4081186,Stem
Archaea,FOS50,57,3544032,Stem
Archaea,FOS51,44,4345843,Stem
Archaea,FOS52,47,3872046,Stem
Archaea,FOS53,106,5611423,Stem
Archaea,FOS54,15,3219375,Stem
Archaea,FOS55,41,3789730,Stem
Archaea,FOS56,84,3497504,Stem
Archaea,FOS57,20,3377733,Stem
Archaea,FOS58,34,3191357,Stem
Archaea,FOS59,45,3566977,Stem
Archaea,FOS6,32,3906525,Stem
Archaea,FOS60,91,3389922,Stem
Archaea,FOS61,23,3203068,Stem
Archaea,FOS62,116,3226551,Stem
Archaea,FOS63,10,3553961,Stem
Archaea,FOS64,119,4001511,Stem
Archaea,FOS65,224,4627151,Stem
Archaea,FOS66,35,3970198,Stem
Archaea,FOS67,18,3533373,Stem
Archaea,FOS68,40,2987583,Stem
Archaea,FOS69,647,7905411,Stem
Archaea,FOS7,108,2780133,Stem
Archaea,FOS70,18,3010182,Stem
Archaea,FOS71,10,3084500,Stem
Archaea,FOS72,103,2227992,Stem
Archaea,FOS73,18,3360000,Stem
Archaea,FOS74,29,3685982,Stem
Archaea,FOS75,20,3361829,Stem
Archaea,FOS77,41,3442278,Stem
Archaea,FOS78,1668,6459940,Stem
Archaea,FOS79,47,3416543,Stem
Archaea,FOS8,107,3199129,Stem
Archaea,FOS80,11,3132653,Stem
Archaea,FOS81,18,3680761,Stem
Archaea,FOS82,36,5213933,Stem
Archaea,FOS83,130,3677372,Stem
Archaea,FOS84,46,3311098,Stem
Archaea,FOS85,58,3156591,Stem
Archaea,FOS86,14,12797706,Stem
Archaea,FOS87,99,3618495,Stem
Archaea,FOS88,46,3549514,Stem
Archaea,FOS89,39,4490102,Stem
Archaea,FOS9,19,3330616,Stem
Archaea,FOS90,47,3229672,Stem
Archaea,FOS91,76,3751265,Stem
Archaea,FOS92,29,3210888,Stem
Archaea,FOS93,55,3310579,Stem
Archaea,FOS94,44,3348474,Stem
Archaea,FOS95,74,3568194,Stem
Archaea,FOS96,39,3389850,Stem
Archaea,FOS97,278,4963572,Stem
Archaea,FOS98,15,3068821,Stem
Archaea,FOS99,38,7467811,Stem
Bacteria,F10,37498475,43430272,Soil
Bacteria,F100,30300289,34265186,Soil
Bacteria,F101,29514394,33390930,Soil
Bacteria,F102,24084078,26817871,Soil
Bacteria,F103,28213381,31737018,Soil
Bacteria,F104,23958782,26722895,Soil
Bacteria,F105,21919454,24519915,Soil
Bacteria,F106,24194821,26771071,Soil
Bacteria,F107,23019749,25830306,Soil
Bacteria,F108,21513884,23687765,Soil
Bacteria,F109,25385198,28726223,Soil
Bacteria,F11,28578511,31876784,Soil
Bacteria,F110,23365424,27243062,Soil
Bacteria,F111,33918148,38447963,Soil
Bacteria,F112,24341522,26800483,Soil
Bacteria,F113,25294367,28040428,Soil
Bacteria,F114,32675680,37121596,Soil
Bacteria,F115,29920714,33960085,Soil
Bacteria,F116,32065390,36716831,Soil
Bacteria,F118,32604720,36766312,Soil
Bacteria,F119,29330596,33042842,Soil
Bacteria,F12,22714179,25306782,Soil
Bacteria,F120,25526539,28991516,Soil
Bacteria,F121,31243013,35399637,Soil
Bacteria,F122,28969626,32822306,Soil
Bacteria,F123,30513837,34664021,Soil
Bacteria,F124,29002976,33586191,Soil
Bacteria,F125,36342914,41780975,Soil
Bacteria,F126,24323282,27268007,Soil
Bacteria,F127,28166174,31326762,Soil
Bacteria,F128,26275472,29372886,Soil
Bacteria,F129,27089663,30202868,Soil
Bacteria,F130,29884691,33734896,Soil
Bacteria,F131,27128866,30002522,Soil
Bacteria,F132,20164990,22440526,Soil
Bacteria,F133,27339101,30531933,Soil
Bacteria,F134,19866296,22239079,Soil
Bacteria,F135,28679631,32303743,Soil
Bacteria,F136,17226308,19085822,Soil
Bacteria,F137,25840717,28793664,Soil
Bacteria,F138,29352137,32899612,Soil
Bacteria,F139,22434331,25039615,Soil
Bacteria,F14,37504299,42240662,Soil
Bacteria,F140,37810983,42771236,Soil
Bacteria,F141,34334952,39397868,Soil
Bacteria,F142,28100772,31513682,Soil
Bacteria,F143,23236927,25893811,Soil
Bacteria,F144,26940671,30332066,Soil
Bacteria,F145,29477379,32990621,Soil
Bacteria,F146,28934765,32524457,Soil
Bacteria,F147,38543930,43803057,Soil
Bacteria,F148,21614057,23904193,Soil
Bacteria,F149,27474109,30458202,Soil
Bacteria,F15,26767800,29960742,Soil
Bacteria,F150,29023993,32786260,Soil
Bacteria,F151,19317695,24282696,Soil
Bacteria,F153,21376896,24424416,Soil
Bacteria,F154,27813471,31406648,Soil
Bacteria,F155,32236280,36586476,Soil
Bacteria,F156,17187780,19830021,Soil
Bacteria,F157,24807738,28386729,Soil
Bacteria,F159,27581714,30929745,Soil
Bacteria,F16,31069927,35638379,Soil
Bacteria,F161,28482447,31593179,Soil
Bacteria,F162,26008030,29377851,Soil
Bacteria,F163,21687611,23908346,Soil
Bacteria,F164,34799581,39677836,Soil
Bacteria,F165,20419670,22600615,Soil
Bacteria,F166,27396567,30934029,Soil
Bacteria,F167,28542446,31794640,Soil
Bacteria,F169,44994548,50564327,Soil
Bacteria,F17,30028028,33876267,Soil
Bacteria,F170,44557801,51137379,Soil
Bacteria,F171,32074728,36760039,Soil
Bacteria,F172,41098441,46733747,Soil
Bacteria,F173,38841327,43419631,Soil
Bacteria,F174,33102727,37010952,Soil
Bacteria,F175,11626183,14121310,Soil
Bacteria,F176,37981568,43082944,Soil
Bacteria,F177,28020418,34153258,Soil
Bacteria,F178,28148112,31667863,Soil
Bacteria,F18,27924822,31234176,Soil
Bacteria,F180,29026131,33013228,Soil
Bacteria,F181,33685691,38163729,Soil
Bacteria,F182,13729552,19508588,Soil
Bacteria,F183,26392161,30084494,Soil
Bacteria,F184,29944977,33716935,Soil
Bacteria,F185,25673086,28816280,Soil
Bacteria,F186,28140776,31900940,Soil
Bacteria,F187,34772807,39110998,Soil
Bacteria,F188,29792281,33496825,Soil
Bacteria,F189,29890859,33313930,Soil
Bacteria,F19,32930182,37618204,Soil
Bacteria,F190,33266040,37807088,Soil
Bacteria,F191,28263268,31432298,Soil
Bacteria,F192,24309136,27213683,Soil
Bacteria,F193,28334075,31635913,Soil
Bacteria,F194,28292941,31449916,Soil
Bacteria,F195,31082910,34932445,Soil
Bacteria,F196,24369323,27689858,Soil
Bacteria,F197,31999324,36239765,Soil
Bacteria,F198,28841314,32429188,Soil
Bacteria,F199,32004118,35963412,Soil
Bacteria,F20,30499316,34760493,Soil
Bacteria,F200,34170312,38412466,Soil
Bacteria,F201,24526321,28583046,Soil
Bacteria,F202,23703496,26258326,Soil
Bacteria,F203,42791921,48221666,Soil
Bacteria,F204,27703348,31303096,Soil
Bacteria,F205,30451261,34868881,Soil
Bacteria,F206,52686332,59043990,Soil
Bacteria,F207,24948176,27616937,Soil
Bacteria,F208,22630486,25087793,Soil
Bacteria,F209,24973114,27521974,Soil
Bacteria,F21,31680920,36096042,Soil
Bacteria,F210,24316891,27297116,Soil
Bacteria,F211,28724917,32506694,Soil
Bacteria,F212,30956602,35122568,Soil
Bacteria,F213,31437585,35476330,Soil
Bacteria,F214,21271824,23833706,Soil
Bacteria,F215,34896815,39395078,Soil
Bacteria,F216,21152335,23806626,Soil
Bacteria,F217,21567060,23881750,Soil
Bacteria,F218,27891344,31783302,Soil
Bacteria,F219,24855643,28192766,Soil
Bacteria,F220,25392191,28375552,Soil
Bacteria,F221,23460846,26138096,Soil
Bacteria,F222,24033010,27028418,Soil
Bacteria,F223,22612763,25233570,Soil
Bacteria,F224,28334347,31388520,Soil
Bacteria,F225,29902436,33345675,Soil
Bacteria,F226,38052172,42989004,Soil
Bacteria,F227,28357074,31799948,Soil
Bacteria,F228,23504642,26016013,Soil
Bacteria,F229,28461128,32084242,Soil
Bacteria,F23,33306144,38603448,Soil
Bacteria,F230,33806506,38750241,Soil
Bacteria,F231,30873074,34965676,Soil
Bacteria,F232,28917083,35998934,Soil
Bacteria,F233,26748422,30426895,Soil
Bacteria,F234,65102653,73748702,Soil
Bacteria,F236,25971856,28890227,Soil
Bacteria,F237,29817797,32787499,Soil
Bacteria,F238,31208347,35770235,Soil
Bacteria,F240,29854961,33905918,Soil
Bacteria,F241,28137161,32664995,Soil
Bacteria,F242,34807610,38718216,Soil
Bacteria,F243,32936188,37365850,Soil
Bacteria,F244,38923300,44140618,Soil
Bacteria,F245,39457314,44420636,Soil
Bacteria,F246,21325866,23717676,Soil
Bacteria,F247,32621064,37198262,Soil
Bacteria,F248,35837369,40545259,Soil
Bacteria,F249,33421867,37139611,Soil
Bacteria,F25,29892112,33580453,Soil
Bacteria,F250,29849821,33301916,Soil
Bacteria,F251,24336120,26941866,Soil
Bacteria,F252,24762604,27728195,Soil
Bacteria,F254,29508120,32862209,Soil
Bacteria,F255,23462686,27766017,Soil
Bacteria,F256,35203868,39435701,Soil
Bacteria,F257,25846324,28592293,Soil
Bacteria,F258,26191096,29007210,Soil
Bacteria,F259,45363002,51539338,Soil
Bacteria,F26,29932764,33648215,Soil
Bacteria,F260,28850285,32422748,Soil
Bacteria,F261,35447305,40107482,Soil
Bacteria,F262,28103727,31726425,Soil
Bacteria,F263,21169185,24648890,Soil
Bacteria,F266,27584115,30923748,Soil
Bacteria,F267,38116229,43051481,Soil
Bacteria,F268,27993778,31974448,Soil
Bacteria,F269,25139186,28241907,Soil
Bacteria,F27,26938478,30361017,Soil
Bacteria,F270,34580536,38910321,Soil
Bacteria,F271,29874537,33335544,Soil
Bacteria,F272,31044725,35505866,Soil
Bacteria,F273,36344271,41452187,Soil
Bacteria,F274,37324455,42107924,Soil
Bacteria,F275,24250082,27003560,Soil
Bacteria,F276,18412619,20574282,Soil
Bacteria,F277,38285625,43151631,Soil
Bacteria,F278,28434324,31899284,Soil
Bacteria,F279,25565357,28434577,Soil
Bacteria,F28,29068021,33060352,Soil
Bacteria,F280,25880567,28627826,Soil
Bacteria,F281,27923792,31164304,Soil
Bacteria,F282,22620191,25283413,Soil
Bacteria,F283,29889448,33738498,Soil
Bacteria,F284,30035393,33968089,Soil
Bacteria,F285,24358006,27242302,Soil
Bacteria,F286,24207710,27206083,Soil
Bacteria,F287,21872532,25610738,Soil
Bacteria,F289,28782067,35339559,Soil
Bacteria,F29,40568253,46344016,Soil
Bacteria,F290,24404087,27946377,Soil
Bacteria,F291,30703520,34396033,Soil
Bacteria,F292,20912018,23193678,Soil
Bacteria,F294,38623162,44046146,Soil
Bacteria,F296,28808544,33486260,Soil
Bacteria,F297,33757196,38228751,Soil
Bacteria,F298,37124317,41890826,Soil
Bacteria,F299,28433269,32085247,Soil
Bacteria,F3,27470536,31164889,Soil
Bacteria,F30,44526773,50664539,Soil
Bacteria,F300,26640342,29426249,Soil
Bacteria,F301,23705414,26197408,Soil
Bacteria,F302,31860687,35964622,Soil
Bacteria,F303,33226348,37710037,Soil
Bacteria,F304,31681948,36057424,Soil
Bacteria,F31,29394107,34711937,Soil
Bacteria,F32,28366929,32287568,Soil
Bacteria,F33,23156824,25998769,Soil
Bacteria,F34,26004766,29329730,Soil
Bacteria,F35,29867359,33610374,Soil
Bacteria,F36,27259740,30719272,Soil
Bacteria,F37,25942011,30171541,Soil
Bacteria,F38,23640241,26838304,Soil
Bacteria,F39,33553486,37937216,Soil
Bacteria,F4,31513680,36265122,Soil
Bacteria,F40,26994899,30437190,Soil
Bacteria,F41,24826400,28180089,Soil
Bacteria,F42,24520470,27069596,Soil
Bacteria,F43,20191620,22661322,Soil
Bacteria,F44,24188374,26879163,Soil
Bacteria,F45,26708108,30101044,Soil
Bacteria,F46,25062914,27771157,Soil
Bacteria,F47,36738242,41283636,Soil
Bacteria,F48,34263190,38109087,Soil
Bacteria,F49,26027992,28873319,Soil
Bacteria,F50,33864734,38239790,Soil
Bacteria,F51,28096143,32217510,Soil
Bacteria,F52,11813950,20866510,Soil
Bacteria,F53,19714176,21801147,Soil
Bacteria,F54,19873001,22324959,Soil
Bacteria,F55,20320752,22569623,Soil
Bacteria,F56,27128460,30126599,Soil
Bacteria,F57,31522668,35586146,Soil
Bacteria,F58,28658103,32526151,Soil
Bacteria,F59,31356558,35636166,Soil
Bacteria,F60,27183798,30078801,Soil
Bacteria,F61,27404238,30473286,Soil
Bacteria,F62,31877912,35769474,Soil
Bacteria,F63,28156527,31494767,Soil
Bacteria,F64,29715432,34285075,Soil
Bacteria,F65,38678223,44060508,Soil
Bacteria,F66,33120375,37390218,Soil
Bacteria,F67,30741330,34078733,Soil
Bacteria,F69,29987832,34056004,Soil
Bacteria,F70,33355484,37637862,Soil
Bacteria,F71,21418941,23852776,Soil
Bacteria,F73,30186374,33440647,Soil
Bacteria,F74,32591892,36951110,Soil
Bacteria,F75,15130727,21472499,Soil
Bacteria,F76,17790612,20034726,Soil
Bacteria,F77,32683518,37028794,Soil
Bacteria,F79,15942538,18088648,Soil
Bacteria,F80,20291422,23231940,Soil
Bacteria,F81,35581803,39944230,Soil
Bacteria,F83,28551255,31741951,Soil
Bacteria,F84,29356018,33041185,Soil
Bacteria,F85,28202348,31482259,Soil
Bacteria,F86,27394182,31053943,Soil
Bacteria,F87,31374314,35453956,Soil
Bacteria,F88,31881888,35653153,Soil
Bacteria,F90,36351000,41107390,Soil
Bacteria,F91,41863288,47624233,Soil
Bacteria,F93,20876087,24485149,Soil
Bacteria,F94,24704790,27911859,Soil
Bacteria,F95,23883833,26804543,Soil
Bacteria,F96,31143872,35366517,Soil
Bacteria,F97,31185609,35260731,Soil
Bacteria,F98,27324605,30902735,Soil
Bacteria,F99,29080283,33337703,Soil
Bacteria,R1,30332674,34629600,Soil
Bacteria,R2,27527208,32681101,Soil
Bacteria,R3,20226946,23300749,Soil
Bacteria,R4,25245368,28673240,Soil
Bacteria,R5,30278481,34432238,Soil
Bacteria,R6,32405546,36493337,Soil
Bacteria,R7,27060675,30320046,Soil
Bacteria,R8,22379369,24670584,Soil
Bacteria,R9,32722282,36974357,Soil
Other,F10,4930086,43430272,Soil
Other,F100,3789294,34265186,Soil
Other,F101,3781159,33390930,Soil
Other,F102,2692928,26817871,Soil
Other,F103,3322509,31737018,Soil
Other,F104,2708999,26722895,Soil
Other,F105,2427035,24519915,Soil
Other,F106,2503030,26771071,Soil
Other,F107,2758843,25830306,Soil
Other,F108,2133219,23687765,Soil
Other,F109,3280073,28726223,Soil
Other,F11,3258894,31876784,Soil
Other,F110,2887237,27243062,Soil
Other,F111,4334455,38447963,Soil
Other,F112,2416826,26800483,Soil
Other,F113,2624656,28040428,Soil
Other,F114,4326656,37121596,Soil
Other,F115,3853189,33960085,Soil
Other,F116,4237480,36716831,Soil
Other,F118,3968550,36766312,Soil
Other,F119,3626552,33042842,Soil
Other,F12,2486862,25306782,Soil
Other,F120,3205779,28991516,Soil
Other,F121,3949857,35399637,Soil
Other,F122,3735809,32822306,Soil
Other,F123,4027514,34664021,Soil
Other,F124,3900366,33586191,Soil
Other,F125,4975640,41780975,Soil
Other,F126,2900248,27268007,Soil
Other,F127,3107633,31326762,Soil
Other,F128,3042620,29372886,Soil
Other,F129,2941647,30202868,Soil
Other,F130,3740639,33734896,Soil
Other,F131,2824483,30002522,Soil
Other,F132,2206345,22440526,Soil
Other,F133,3138229,30531933,Soil
Other,F134,2336778,22239079,Soil
Other,F135,3518615,32303743,Soil
Other,F136,1795605,19085822,Soil
Other,F137,2732601,28793664,Soil
Other,F138,3341846,32899612,Soil
Other,F139,2529791,25039615,Soil
Other,F14,4286354,42240662,Soil
Other,F140,4705257,42771236,Soil
Other,F141,4568082,39397868,Soil
Other,F142,3328934,31513682,Soil
Other,F143,2566906,25893811,Soil
Other,F144,3326768,30332066,Soil
Other,F145,3399418,32990621,Soil
Other,F146,3365169,32524457,Soil
Other,F147,4997850,43803057,Soil
Other,F148,2240378,23904193,Soil
Other,F149,2948018,30458202,Soil
Other,F15,3100767,29960742,Soil
Other,F150,3614406,32786260,Soil
Other,F151,2817973,24282696,Soil
Other,F153,2715993,24424416,Soil
Other,F154,3482881,31406648,Soil
Other,F155,4216518,36586476,Soil
Other,F156,2110835,19830021,Soil
Other,F157,3226165,28386729,Soil
Other,F159,3306846,30929745,Soil
Other,F16,4256559,35638379,Soil
Other,F161,3043519,31593179,Soil
Other,F162,3188379,29377851,Soil
Other,F163,2170549,23908346,Soil
Other,F164,4714567,39677836,Soil
Other,F165,2083287,22600615,Soil
Other,F166,3484839,30934029,Soil
Other,F167,3191861,31794640,Soil
Other,F169,5469087,50564327,Soil
Other,F17,3775352,33876267,Soil
Other,F170,6048920,51137379,Soil
Other,F171,3999784,36760039,Soil
Other,F172,5570887,46733747,Soil
Other,F173,4395193,43419631,Soil
Other,F174,3829983,37010952,Soil
Other,F175,2239675,14121310,Soil
Other,F176,4850197,43082944,Soil
Other,F177,4159371,34153258,Soil
Other,F178,3441325,31667863,Soil
Other,F18,3242315,31234176,Soil
Other,F180,3870498,33013228,Soil
Other,F181,4316677,38163729,Soil
Other,F182,5613973,19508588,Soil
Other,F183,3412010,30084494,Soil
Other,F184,3654260,33716935,Soil
Other,F185,2974765,28816280,Soil
Other,F186,3655453,31900940,Soil
Other,F187,4216475,39110998,Soil
Other,F188,3659814,33496825,Soil
Other,F189,3337544,33313930,Soil
Other,F19,4397788,37618204,Soil
Other,F190,4428098,37807088,Soil
Other,F191,3121431,31432298,Soil
Other,F192,2870254,27213683,Soil
Other,F193,3271298,31635913,Soil
Other,F194,3103575,31449916,Soil
Other,F195,3763509,34932445,Soil
Other,F196,2971176,27689858,Soil
Other,F197,4027354,36239765,Soil
Other,F198,3441108,32429188,Soil
Other,F199,3857933,35963412,Soil
Other,F20,3963035,34760493,Soil
Other,F200,4159442,38412466,Soil
Other,F201,3270729,28583046,Soil
Other,F202,2469759,26258326,Soil
Other,F203,5319139,48221666,Soil
Other,F204,3548206,31303096,Soil
Other,F205,3866300,34868881,Soil
Other,F206,6048585,59043990,Soil
Other,F207,2607282,27616937,Soil
Other,F208,2398783,25087793,Soil
Other,F209,2518026,27521974,Soil
Other,F21,4117414,36096042,Soil
Other,F210,2925715,27297116,Soil
Other,F211,3584356,32506694,Soil
Other,F212,4110098,35122568,Soil
Other,F213,3940719,35476330,Soil
Other,F214,2369056,23833706,Soil
Other,F215,4303356,39395078,Soil
Other,F216,2599273,23806626,Soil
Other,F217,2207088,23881750,Soil
Other,F218,3557274,31783302,Soil
Other,F219,3117858,28192766,Soil
Other,F220,2928440,28375552,Soil
Other,F221,2643312,26138096,Soil
Other,F222,2921300,27028418,Soil
Other,F223,2531520,25233570,Soil
Other,F224,2955148,31388520,Soil
Other,F225,3296765,33345675,Soil
Other,F226,4241790,42989004,Soil
Other,F227,3344543,31799948,Soil
Other,F228,2315207,26016013,Soil
Other,F229,3572316,32084242,Soil
Other,F23,4622494,38603448,Soil
Other,F230,4720799,38750241,Soil
Other,F231,3924978,34965676,Soil
Other,F232,4295860,35998934,Soil
Other,F233,3561599,30426895,Soil
Other,F234,8478809,73748702,Soil
Other,F236,2835512,28890227,Soil
Other,F237,2934060,32787499,Soil
Other,F238,4175527,35770235,Soil
Other,F240,3827748,33905918,Soil
Other,F241,3775794,32664995,Soil
Other,F242,3869241,38718216,Soil
Other,F243,4051862,37365850,Soil
Other,F244,5013574,44140618,Soil
Other,F245,4691605,44420636,Soil
Other,F246,2309878,23717676,Soil
Other,F247,4121107,37198262,Soil
Other,F248,4555659,40545259,Soil
Other,F249,3665391,37139611,Soil
Other,F25,3635364,33580453,Soil
Other,F250,3419241,33301916,Soil
Other,F251,2569782,26941866,Soil
Other,F252,2896455,27728195,Soil
Other,F254,3268875,32862209,Soil
Other,F255,3111056,27766017,Soil
Other,F256,4121077,39435701,Soil
Other,F257,2680909,28592293,Soil
Other,F258,2739303,29007210,Soil
Other,F259,6106363,51539338,Soil
Other,F26,3670882,33648215,Soil
Other,F260,3286221,32422748,Soil
Other,F261,4593248,40107482,Soil
Other,F262,3477676,31726425,Soil
Other,F263,2740378,24648890,Soil
Other,F266,3278085,30923748,Soil
Other,F267,4802764,43051481,Soil
Other,F268,3556776,31974448,Soil
Other,F269,2960505,28241907,Soil
Other,F27,3204083,30361017,Soil
Other,F270,4272398,38910321,Soil
Other,F271,3422090,33335544,Soil
Other,F272,4012928,35505866,Soil
Other,F273,4699630,41452187,Soil
Other,F274,4505740,42107924,Soil
Other,F275,2718777,27003560,Soil
Other,F276,2120519,20574282,Soil
Other,F277,4479726,43151631,Soil
Other,F278,3318139,31899284,Soil
Other,F279,2798813,28434577,Soil
Other,F28,3864128,33060352,Soil
Other,F280,2714116,28627826,Soil
Other,F281,3196934,31164304,Soil
Other,F282,2554480,25283413,Soil
Other,F283,3784606,33738498,Soil
Other,F284,3874734,33968089,Soil
Other,F285,2821951,27242302,Soil
Other,F286,2909842,27206083,Soil
Other,F287,2810401,25610738,Soil
Other,F289,4139865,35339559,Soil
Other,F29,5286765,46344016,Soil
Other,F290,3069855,27946377,Soil
Other,F291,3623126,34396033,Soil
Other,F292,2246798,23193678,Soil
Other,F294,5076070,44046146,Soil
Other,F296,3775777,33486260,Soil
Other,F297,4182562,38228751,Soil
Other,F298,4632555,41890826,Soil
Other,F299,3392239,32085247,Soil
Other,F3,3636379,31164889,Soil
Other,F30,5868517,50664539,Soil
Other,F300,2713547,29426249,Soil
Other,F301,2410524,26197408,Soil
Other,F302,4033553,35964622,Soil
Other,F303,4229991,37710037,Soil
Other,F304,4188113,36057424,Soil
Other,F31,3979001,34711937,Soil
Other,F32,3552410,32287568,Soil
Other,F33,2610604,25998769,Soil
Other,F34,3227053,29329730,Soil
Other,F35,3647871,33610374,Soil
Other,F36,3399691,30719272,Soil
Other,F37,3338106,30171541,Soil
Other,F38,3123001,26838304,Soil
Other,F39,4200710,37937216,Soil
Other,F4,4144652,36265122,Soil
Other,F40,3219989,30437190,Soil
Other,F41,2951861,28180089,Soil
Other,F42,2456113,27069596,Soil
Other,F43,2431499,22661322,Soil
Other,F44,2646001,26879163,Soil
Other,F45,3170053,30101044,Soil
Other,F46,2644701,27771157,Soil
Other,F47,4491180,41283636,Soil
Other,F48,3788480,38109087,Soil
Other,F49,2787969,28873319,Soil
Other,F50,4240165,38239790,Soil
Other,F51,3569126,32217510,Soil
Other,F52,3054496,20866510,Soil
Other,F53,2000758,21801147,Soil
Other,F54,2338503,22324959,Soil
Other,F55,2184831,22569623,Soil
Other,F56,2957848,30126599,Soil
Other,F57,3979560,35586146,Soil
Other,F58,3731435,32526151,Soil
Other,F59,4124340,35636166,Soil
Other,F60,2856625,30078801,Soil
Other,F61,3029101,30473286,Soil
Other,F62,3807116,35769474,Soil
Other,F63,3176401,31494767,Soil
Other,F64,4002647,34285075,Soil
Other,F65,5181342,44060508,Soil
Other,F66,4223219,37390218,Soil
Other,F67,3270239,34078733,Soil
Other,F69,3907956,34056004,Soil
Other,F70,4211308,37637862,Soil
Other,F71,2240206,23852776,Soil
Other,F73,3212022,33440647,Soil
Other,F74,4191300,36951110,Soil
Other,F75,2813621,21472499,Soil
Other,F76,1904395,20034726,Soil
Other,F77,4223572,37028794,Soil
Other,F79,1944897,18088648,Soil
Other,F80,2459228,23231940,Soil
Other,F81,4186330,39944230,Soil
Other,F83,3137539,31741951,Soil
Other,F84,3596364,33041185,Soil
Other,F85,3229553,31482259,Soil
Other,F86,3396587,31053943,Soil
Other,F87,3906029,35453956,Soil
Other,F88,3629311,35653153,Soil
Other,F90,4525025,41107390,Soil
Other,F91,5457782,47624233,Soil
Other,F93,2866454,24485149,Soil
Other,F94,2968588,27911859,Soil
Other,F95,2821923,26804543,Soil
Other,F96,4037945,35366517,Soil
Other,F97,3936213,35260731,Soil
Other,F98,3490969,30902735,Soil
Other,F99,3754064,33337703,Soil
Other,R1,4188257,34629600,Soil
Other,R2,3868021,32681101,Soil
Other,R3,2881306,23300749,Soil
Other,R4,3050775,28673240,Soil
Other,R5,3850119,34432238,Soil
Other,R6,4014447,36493337,Soil
Other,R7,3140580,30320046,Soil
Other,R8,2234558,24670584,Soil
Other,R9,4091594,36974357,Soil
Fungi,F10,991617,43430272,Soil
Fungi,F100,161695,34265186,Soil
Fungi,F101,64050,33390930,Soil
Fungi,F102,14904,26817871,Soil
Fungi,F103,189084,31737018,Soil
Fungi,F104,42164,26722895,Soil
Fungi,F105,14857,24519915,Soil
Fungi,F106,18578,26771071,Soil
Fungi,F107,42781,25830306,Soil
Fungi,F108,18928,23687765,Soil
Fungi,F109,45536,28726223,Soil
Fungi,F11,20159,31876784,Soil
Fungi,F110,975409,27243062,Soil
Fungi,F111,181912,38447963,Soil
Fungi,F112,20247,26800483,Soil
Fungi,F113,55629,28040428,Soil
Fungi,F114,86444,37121596,Soil
Fungi,F115,172947,33960085,Soil
Fungi,F116,382504,36716831,Soil
Fungi,F118,179086,36766312,Soil
Fungi,F119,54536,33042842,Soil
Fungi,F12,20732,25306782,Soil
Fungi,F120,178858,28991516,Soil
Fungi,F121,189178,35399637,Soil
Fungi,F122,56430,32822306,Soil
Fungi,F123,86580,34664021,Soil
Fungi,F124,668157,33586191,Soil
Fungi,F125,446594,41780975,Soil
Fungi,F126,31572,27268007,Soil
Fungi,F127,36549,31326762,Soil
Fungi,F128,40696,29372886,Soil
Fungi,F129,26184,30202868,Soil
Fungi,F130,95778,33734896,Soil
Fungi,F131,37238,30002522,Soil
Fungi,F132,15276,22440526,Soil
Fungi,F133,43954,30531933,Soil
Fungi,F134,28848,22239079,Soil
Fungi,F135,54755,32303743,Soil
Fungi,F136,13760,19085822,Soil
Fungi,F137,189701,28793664,Soil
Fungi,F138,192468,32899612,Soil
Fungi,F139,64235,25039615,Soil
Fungi,F14,439544,42240662,Soil
Fungi,F140,242792,42771236,Soil
Fungi,F141,442917,39397868,Soil
Fungi,F142,71316,31513682,Soil
Fungi,F143,80295,25893811,Soil
Fungi,F144,52497,30332066,Soil
Fungi,F145,100266,32990621,Soil
Fungi,F146,199647,32524457,Soil
Fungi,F147,246051,43803057,Soil
Fungi,F148,22503,23904193,Soil
Fungi,F149,20941,30458202,Soil
Fungi,F15,81418,29960742,Soil
Fungi,F150,68159,32786260,Soil
Fungi,F151,2107505,24282696,Soil
Fungi,F153,275077,24424416,Soil
Fungi,F154,95647,31406648,Soil
Fungi,F155,87855,36586476,Soil
Fungi,F156,522948,19830021,Soil
Fungi,F157,334925,28386729,Soil
Fungi,F159,27086,30929745,Soil
Fungi,F16,116739,35638379,Soil
Fungi,F161,35904,31593179,Soil
Fungi,F162,169745,29377851,Soil
Fungi,F163,16098,23908346,Soil
Fungi,F164,130142,39677836,Soil
Fungi,F165,46249,22600615,Soil
Fungi,F166,33824,30934029,Soil
Fungi,F167,49278,31794640,Soil
Fungi,F169,78432,50564327,Soil
Fungi,F17,52205,33876267,Soil
Fungi,F170,427066,51137379,Soil
Fungi,F171,675693,36760039,Soil
Fungi,F172,43613,46733747,Soil
Fungi,F173,164878,43419631,Soil
Fungi,F174,65313,37010952,Soil
Fungi,F175,249982,14121310,Soil
Fungi,F176,237941,43082944,Soil
Fungi,F177,1951770,34153258,Soil
Fungi,F178,66442,31667863,Soil
Fungi,F18,46156,31234176,Soil
Fungi,F180,84924,33013228,Soil
Fungi,F181,138556,38163729,Soil
Fungi,F182,120351,19508588,Soil
Fungi,F183,67260,30084494,Soil
Fungi,F184,101935,33716935,Soil
Fungi,F185,152594,28816280,Soil
Fungi,F186,73131,31900940,Soil
Fungi,F187,112789,39110998,Soil
Fungi,F188,30278,33496825,Soil
Fungi,F189,32570,33313930,Soil
Fungi,F19,231304,37618204,Soil
Fungi,F190,99589,37807088,Soil
Fungi,F191,37647,31432298,Soil
Fungi,F192,24277,27213683,Soil
Fungi,F193,18304,31635913,Soil
Fungi,F194,39750,31449916,Soil
Fungi,F195,74896,34932445,Soil
Fungi,F196,322599,27689858,Soil
Fungi,F197,181280,36239765,Soil
Fungi,F198,93242,32429188,Soil
Fungi,F199,79033,35963412,Soil
Fungi,F20,284570,34760493,Soil
Fungi,F200,53464,38412466,Soil
Fungi,F201,753206,28583046,Soil
Fungi,F202,25510,26258326,Soil
Fungi,F203,85059,48221666,Soil
Fungi,F204,39717,31303096,Soil
Fungi,F205,541193,34868881,Soil
Fungi,F206,292956,59043990,Soil
Fungi,F207,26384,27616937,Soil
Fungi,F208,47956,25087793,Soil
Fungi,F209,17726,27521974,Soil
Fungi,F21,284589,36096042,Soil
Fungi,F210,44723,27297116,Soil
Fungi,F211,180536,32506694,Soil
Fungi,F212,42063,35122568,Soil
Fungi,F213,61619,35476330,Soil
Fungi,F214,24835,23833706,Soil
Fungi,F215,166875,39395078,Soil
Fungi,F216,39220,23806626,Soil
Fungi,F217,19565,23881750,Soil
Fungi,F218,315478,31783302,Soil
Fungi,F219,212087,28192766,Soil
Fungi,F220,43330,28375552,Soil
Fungi,F221,21321,26138096,Soil
Fungi,F222,64631,27028418,Soil
Fungi,F223,60739,25233570,Soil
Fungi,F224,36958,31388520,Soil
Fungi,F225,78453,33345675,Soil
Fungi,F226,470653,42989004,Soil
Fungi,F227,70360,31799948,Soil
Fungi,F228,35689,26016013,Soil
Fungi,F229,38867,32084242,Soil
Fungi,F23,625130,38603448,Soil
Fungi,F230,189996,38750241,Soil
Fungi,F231,151581,34965676,Soil
Fungi,F232,2776792,35998934,Soil
Fungi,F233,79238,30426895,Soil
Fungi,F234,97692,73748702,Soil
Fungi,F236,59474,28890227,Soil
Fungi,F237,20338,32787499,Soil
Fungi,F238,358433,35770235,Soil
Fungi,F240,135305,33905918,Soil
Fungi,F241,743151,32664995,Soil
Fungi,F242,25079,38718216,Soil
Fungi,F243,351388,37365850,Soil
Fungi,F244,149756,44140618,Soil
Fungi,F245,241778,44420636,Soil
Fungi,F246,62162,23717676,Soil
Fungi,F247,445844,37198262,Soil
Fungi,F248,125871,40545259,Soil
Fungi,F249,29984,37139611,Soil
Fungi,F25,36260,33580453,Soil
Fungi,F250,18537,33301916,Soil
Fungi,F251,26333,26941866,Soil
Fungi,F252,60142,27728195,Soil
Fungi,F254,74303,32862209,Soil
Fungi,F255,1182848,27766017,Soil
Fungi,F256,90155,39435701,Soil
Fungi,F257,52271,28592293,Soil
Fungi,F258,55512,29007210,Soil
Fungi,F259,50264,51539338,Soil
Fungi,F26,31455,33648215,Soil
Fungi,F260,273622,32422748,Soil
Fungi,F261,52029,40107482,Soil
Fungi,F262,131644,31726425,Soil
Fungi,F263,732352,24648890,Soil
Fungi,F266,49929,30923748,Soil
Fungi,F267,62279,43051481,Soil
Fungi,F268,316840,31974448,Soil
Fungi,F269,116287,28241907,Soil
Fungi,F27,207729,30361017,Soil
Fungi,F270,33222,38910321,Soil
Fungi,F271,21820,33335544,Soil
Fungi,F272,437487,35505866,Soil
Fungi,F273,392747,41452187,Soil
Fungi,F274,257029,42107924,Soil
Fungi,F275,21475,27003560,Soil
Fungi,F276,23890,20574282,Soil
Fungi,F277,376796,43151631,Soil
Fungi,F278,130948,31899284,Soil
Fungi,F279,27797,28434577,Soil
Fungi,F28,49687,33060352,Soil
Fungi,F280,17703,28627826,Soil
Fungi,F281,31540,31164304,Soil
Fungi,F282,100135,25283413,Soil
Fungi,F283,40013,33738498,Soil
Fungi,F284,40309,33968089,Soil
Fungi,F285,39811,27242302,Soil
Fungi,F286,67716,27206083,Soil
Fungi,F287,918555,25610738,Soil
Fungi,F289,2410878,35339559,Soil
Fungi,F29,467927,46344016,Soil
Fungi,F290,460676,27946377,Soil
Fungi,F291,56858,34396033,Soil
Fungi,F292,21026,23193678,Soil
Fungi,F294,328667,44046146,Soil
Fungi,F296,854708,33486260,Soil
Fungi,F297,270384,38228751,Soil
Fungi,F298,107294,41890826,Soil
Fungi,F299,248534,32085247,Soil
Fungi,F3,46601,31164889,Soil
Fungi,F30,231167,50664539,Soil
Fungi,F300,36196,29426249,Soil
Fungi,F301,19574,26197408,Soil
Fungi,F302,56814,35964622,Soil
Fungi,F303,220726,37710037,Soil
Fungi,F304,88070,36057424,Soil
Fungi,F31,1318071,34711937,Soil
Fungi,F32,351661,32287568,Soil
Fungi,F33,224369,25998769,Soil
Fungi,F34,81983,29329730,Soil
Fungi,F35,76317,33610374,Soil
Fungi,F36,47003,30719272,Soil
Fungi,F37,881826,30171541,Soil
Fungi,F38,61889,26838304,Soil
Fungi,F39,150468,37937216,Soil
Fungi,F4,593183,36265122,Soil
Fungi,F40,180042,30437190,Soil
Fungi,F41,378509,28180089,Soil
Fungi,F42,18116,27069596,Soil
Fungi,F43,30513,22661322,Soil
Fungi,F44,36250,26879163,Soil
Fungi,F45,206074,30101044,Soil
Fungi,F46,44065,27771157,Soil
Fungi,F47,34567,41283636,Soil
Fungi,F48,37954,38109087,Soil
Fungi,F49,38598,28873319,Soil
Fungi,F50,111072,38239790,Soil
Fungi,F51,531073,32217510,Soil
Fungi,F52,5988827,20866510,Soil
Fungi,F53,59677,21801147,Soil
Fungi,F54,102438,22324959,Soil
Fungi,F55,45601,22569623,Soil
Fungi,F56,25803,30126599,Soil
Fungi,F57,70120,35586146,Soil
Fungi,F58,125210,32526151,Soil
Fungi,F59,141285,35636166,Soil
Fungi,F60,17722,30078801,Soil
Fungi,F61,26466,30473286,Soil
Fungi,F62,72159,35769474,Soil
Fungi,F63,83835,31494767,Soil
Fungi,F64,194027,34285075,Soil
Fungi,F65,140757,44060508,Soil
Fungi,F66,31543,37390218,Soil
Fungi,F67,53135,34078733,Soil
Fungi,F69,143620,34056004,Soil
Fungi,F70,41157,37637862,Soil
Fungi,F71,31591,23852776,Soil
Fungi,F73,26888,33440647,Soil
Fungi,F74,113273,36951110,Soil
Fungi,F75,3473279,21472499,Soil
Fungi,F76,291890,20034726,Soil
Fungi,F77,102547,37028794,Soil
Fungi,F79,185149,18088648,Soil
Fungi,F80,439187,23231940,Soil
Fungi,F81,166134,39944230,Soil
Fungi,F83,41170,31741951,Soil
Fungi,F84,75415,33041185,Soil
Fungi,F85,36032,31482259,Soil
Fungi,F86,250020,31053943,Soil
Fungi,F87,148868,35453956,Soil
Fungi,F88,130023,35653153,Soil
Fungi,F90,206208,41107390,Soil
Fungi,F91,277613,47624233,Soil
Fungi,F93,730200,24485149,Soil
Fungi,F94,181452,27911859,Soil
Fungi,F95,90797,26804543,Soil
Fungi,F96,173142,35366517,Soil
Fungi,F97,127648,35260731,Soil
Fungi,F98,59534,30902735,Soil
Fungi,F99,484669,33337703,Soil
Fungi,R1,64121,34629600,Soil
Fungi,R2,1263217,32681101,Soil
Fungi,R3,181427,23300749,Soil
Fungi,R4,365492,28673240,Soil
Fungi,R5,261711,34432238,Soil
Fungi,R6,49216,36493337,Soil
Fungi,R7,108088,30320046,Soil
Fungi,R8,21338,24670584,Soil
Fungi,R9,67120,36974357,Soil
Archaea,F10,10094,43430272,Soil
Archaea,F100,13908,34265186,Soil
Archaea,F101,31327,33390930,Soil
Archaea,F102,25961,26817871,Soil
Archaea,F103,12044,31737018,Soil
Archaea,F104,12950,26722895,Soil
Archaea,F105,158569,24519915,Soil
Archaea,F106,54642,26771071,Soil
Archaea,F107,8933,25830306,Soil
Archaea,F108,21734,23687765,Soil
Archaea,F109,15416,28726223,Soil
Archaea,F11,19220,31876784,Soil
Archaea,F110,14992,27243062,Soil
Archaea,F111,13448,38447963,Soil
Archaea,F112,21888,26800483,Soil
Archaea,F113,65776,28040428,Soil
Archaea,F114,32816,37121596,Soil
Archaea,F115,13235,33960085,Soil
Archaea,F116,31457,36716831,Soil
Archaea,F118,13956,36766312,Soil
Archaea,F119,31158,33042842,Soil
Archaea,F12,85009,25306782,Soil
Archaea,F120,80340,28991516,Soil
Archaea,F121,17589,35399637,Soil
Archaea,F122,60441,32822306,Soil
Archaea,F123,36090,34664021,Soil
Archaea,F124,14692,33586191,Soil
Archaea,F125,15827,41780975,Soil
Archaea,F126,12905,27268007,Soil
Archaea,F127,16406,31326762,Soil
Archaea,F128,14098,29372886,Soil
Archaea,F129,145374,30202868,Soil
Archaea,F130,13788,33734896,Soil
Archaea,F131,11935,30002522,Soil
Archaea,F132,53915,22440526,Soil
Archaea,F133,10649,30531933,Soil
Archaea,F134,7157,22239079,Soil
Archaea,F135,50742,32303743,Soil
Archaea,F136,50149,19085822,Soil
Archaea,F137,30645,28793664,Soil
Archaea,F138,13161,32899612,Soil
Archaea,F139,11258,25039615,Soil
Archaea,F14,10465,42240662,Soil
Archaea,F140,12204,42771236,Soil
Archaea,F141,51917,39397868,Soil
Archaea,F142,12660,31513682,Soil
Archaea,F143,9683,25893811,Soil
Archaea,F144,12130,30332066,Soil
Archaea,F145,13558,32990621,Soil
Archaea,F146,24876,32524457,Soil
Archaea,F147,15226,43803057,Soil
Archaea,F148,27255,23904193,Soil
Archaea,F149,15134,30458202,Soil
Archaea,F15,10757,29960742,Soil
Archaea,F150,79702,32786260,Soil
Archaea,F151,39523,24282696,Soil
Archaea,F153,56450,24424416,Soil
Archaea,F154,14649,31406648,Soil
Archaea,F155,45823,36586476,Soil
Archaea,F156,8458,19830021,Soil
Archaea,F157,17901,28386729,Soil
Archaea,F159,14099,30929745,Soil
Archaea,F16,195154,35638379,Soil
Archaea,F161,31309,31593179,Soil
Archaea,F162,11697,29377851,Soil
Archaea,F163,34088,23908346,Soil
Archaea,F164,33546,39677836,Soil
Archaea,F165,51409,22600615,Soil
Archaea,F166,18799,30934029,Soil
Archaea,F167,11055,31794640,Soil
Archaea,F169,22260,50564327,Soil
Archaea,F17,20682,33876267,Soil
Archaea,F170,103592,51137379,Soil
Archaea,F171,9834,36760039,Soil
Archaea,F172,20806,46733747,Soil
Archaea,F173,18233,43419631,Soil
Archaea,F174,12929,37010952,Soil
Archaea,F175,5470,14121310,Soil
Archaea,F176,13238,43082944,Soil
Archaea,F177,21699,34153258,Soil
Archaea,F178,11984,31667863,Soil
Archaea,F18,20883,31234176,Soil
Archaea,F180,31675,33013228,Soil
Archaea,F181,22805,38163729,Soil
Archaea,F182,44712,19508588,Soil
Archaea,F183,213063,30084494,Soil
Archaea,F184,15763,33716935,Soil
Archaea,F185,15835,28816280,Soil
Archaea,F186,31580,31900940,Soil
Archaea,F187,8927,39110998,Soil
Archaea,F188,14452,33496825,Soil
Archaea,F189,52957,33313930,Soil
Archaea,F19,58930,37618204,Soil
Archaea,F190,13361,37807088,Soil
Archaea,F191,9952,31432298,Soil
Archaea,F192,10016,27213683,Soil
Archaea,F193,12236,31635913,Soil
Archaea,F194,13650,31449916,Soil
Archaea,F195,11130,34932445,Soil
Archaea,F196,26760,27689858,Soil
Archaea,F197,31807,36239765,Soil
Archaea,F198,53524,32429188,Soil
Archaea,F199,22328,35963412,Soil
Archaea,F20,13572,34760493,Soil
Archaea,F200,29248,38412466,Soil
Archaea,F201,32790,28583046,Soil
Archaea,F202,59561,26258326,Soil
Archaea,F203,25547,48221666,Soil
Archaea,F204,11825,31303096,Soil
Archaea,F205,10127,34868881,Soil
Archaea,F206,16117,59043990,Soil
Archaea,F207,35095,27616937,Soil
Archaea,F208,10568,25087793,Soil
Archaea,F209,13108,27521974,Soil
Archaea,F21,13119,36096042,Soil
Archaea,F210,9787,27297116,Soil
Archaea,F211,16885,32506694,Soil
Archaea,F212,13805,35122568,Soil
Archaea,F213,36407,35476330,Soil
Archaea,F214,167991,23833706,Soil
Archaea,F215,28032,39395078,Soil
Archaea,F216,15798,23806626,Soil
Archaea,F217,88037,23881750,Soil
Archaea,F218,19206,31783302,Soil
Archaea,F219,7178,28192766,Soil
Archaea,F220,11591,28375552,Soil
Archaea,F221,12617,26138096,Soil
Archaea,F222,9477,27028418,Soil
Archaea,F223,28548,25233570,Soil
Archaea,F224,62067,31388520,Soil
Archaea,F225,68021,33345675,Soil
Archaea,F226,224389,42989004,Soil
Archaea,F227,27971,31799948,Soil
Archaea,F228,160475,26016013,Soil
Archaea,F229,11931,32084242,Soil
Archaea,F23,49680,38603448,Soil
Archaea,F230,32940,38750241,Soil
Archaea,F231,16043,34965676,Soil
Archaea,F232,9199,35998934,Soil
Archaea,F233,37636,30426895,Soil
Archaea,F234,69548,73748702,Soil
Archaea,F236,23385,28890227,Soil
Archaea,F237,15304,32787499,Soil
Archaea,F238,27928,35770235,Soil
Archaea,F240,87904,33905918,Soil
Archaea,F241,8889,32664995,Soil
Archaea,F242,16286,38718216,Soil
Archaea,F243,26412,37365850,Soil
Archaea,F244,53988,44140618,Soil
Archaea,F245,29939,44420636,Soil
Archaea,F246,19770,23717676,Soil
Archaea,F247,10247,37198262,Soil
Archaea,F248,26360,40545259,Soil
Archaea,F249,22369,37139611,Soil
Archaea,F25,16717,33580453,Soil
Archaea,F250,14317,33301916,Soil
Archaea,F251,9631,26941866,Soil
Archaea,F252,8994,27728195,Soil
Archaea,F254,10911,32862209,Soil
Archaea,F255,9427,27766017,Soil
Archaea,F256,20601,39435701,Soil
Archaea,F257,12789,28592293,Soil
Archaea,F258,21299,29007210,Soil
Archaea,F259,19709,51539338,Soil
Archaea,F26,13114,33648215,Soil
Archaea,F260,12620,32422748,Soil
Archaea,F261,14900,40107482,Soil
Archaea,F262,13378,31726425,Soil
Archaea,F263,6975,24648890,Soil
Archaea,F266,11619,30923748,Soil
Archaea,F267,70209,43051481,Soil
Archaea,F268,107054,31974448,Soil
Archaea,F269,25929,28241907,Soil
Archaea,F27,10727,30361017,Soil
Archaea,F270,24165,38910321,Soil
Archaea,F271,17097,33335544,Soil
Archaea,F272,10726,35505866,Soil
Archaea,F273,15539,41452187,Soil
Archaea,F274,20700,42107924,Soil
Archaea,F275,13226,27003560,Soil
Archaea,F276,17254,20574282,Soil
Archaea,F277,9484,43151631,Soil
Archaea,F278,15873,31899284,Soil
Archaea,F279,42610,28434577,Soil
Archaea,F28,78516,33060352,Soil
Archaea,F280,15440,28627826,Soil
Archaea,F281,12038,31164304,Soil
Archaea,F282,8607,25283413,Soil
Archaea,F283,24431,33738498,Soil
Archaea,F284,17653,33968089,Soil
Archaea,F285,22534,27242302,Soil
Archaea,F286,20815,27206083,Soil
Archaea,F287,9250,25610738,Soil
Archaea,F289,6749,35339559,Soil
Archaea,F29,21071,46344016,Soil
Archaea,F290,11759,27946377,Soil
Archaea,F291,12529,34396033,Soil
Archaea,F292,13836,23193678,Soil
Archaea,F294,18247,44046146,Soil
Archaea,F296,47231,33486260,Soil
Archaea,F297,18609,38228751,Soil
Archaea,F298,26660,41890826,Soil
Archaea,F299,11205,32085247,Soil
Archaea,F3,11373,31164889,Soil
Archaea,F30,38082,50664539,Soil
Archaea,F300,36164,29426249,Soil
Archaea,F301,61896,26197408,Soil
Archaea,F302,13568,35964622,Soil
Archaea,F303,32972,37710037,Soil
Archaea,F304,99293,36057424,Soil
Archaea,F31,20758,34711937,Soil
Archaea,F32,16568,32287568,Soil
Archaea,F33,6972,25998769,Soil
Archaea,F34,15928,29329730,Soil
Archaea,F35,18827,33610374,Soil
Archaea,F36,12838,30719272,Soil
Archaea,F37,9598,30171541,Soil
Archaea,F38,13173,26838304,Soil
Archaea,F39,32552,37937216,Soil
Archaea,F4,13607,36265122,Soil
Archaea,F40,42260,30437190,Soil
Archaea,F41,23319,28180089,Soil
Archaea,F42,74897,27069596,Soil
Archaea,F43,7690,22661322,Soil
Archaea,F44,8538,26879163,Soil
Archaea,F45,16809,30101044,Soil
Archaea,F46,19477,27771157,Soil
Archaea,F47,19647,41283636,Soil
Archaea,F48,19463,38109087,Soil
Archaea,F49,18760,28873319,Soil
Archaea,F50,23819,38239790,Soil
Archaea,F51,21168,32217510,Soil
Archaea,F52,9237,20866510,Soil
Archaea,F53,26536,21801147,Soil
Archaea,F54,11017,22324959,Soil
Archaea,F55,18439,22569623,Soil
Archaea,F56,14488,30126599,Soil
Archaea,F57,13798,35586146,Soil
Archaea,F58,11403,32526151,Soil
Archaea,F59,13983,35636166,Soil
Archaea,F60,20656,30078801,Soil
Archaea,F61,13481,30473286,Soil
Archaea,F62,12287,35769474,Soil
Archaea,F63,78004,31494767,Soil
Archaea,F64,372969,34285075,Soil
Archaea,F65,60186,44060508,Soil
Archaea,F66,15081,37390218,Soil
Archaea,F67,14029,34078733,Soil
Archaea,F69,16596,34056004,Soil
Archaea,F70,29913,37637862,Soil
Archaea,F71,162038,23852776,Soil
Archaea,F73,15363,33440647,Soil
Archaea,F74,54645,36951110,Soil
Archaea,F75,54872,21472499,Soil
Archaea,F76,47829,20034726,Soil
Archaea,F77,19157,37028794,Soil
Archaea,F79,16064,18088648,Soil
Archaea,F80,42103,23231940,Soil
Archaea,F81,9963,39944230,Soil
Archaea,F83,11987,31741951,Soil
Archaea,F84,13388,33041185,Soil
Archaea,F85,14326,31482259,Soil
Archaea,F86,13154,31053943,Soil
Archaea,F87,24745,35453956,Soil
Archaea,F88,11931,35653153,Soil
Archaea,F90,25157,41107390,Soil
Archaea,F91,25550,47624233,Soil
Archaea,F93,12408,24485149,Soil
Archaea,F94,57029,27911859,Soil
Archaea,F95,7990,26804543,Soil
Archaea,F96,11558,35366517,Soil
Archaea,F97,11261,35260731,Soil
Archaea,F98,27627,30902735,Soil
Archaea,F99,18687,33337703,Soil
Archaea,R1,44548,34629600,Soil
Archaea,R2,22655,32681101,Soil
Archaea,R3,11070,23300749,Soil
Archaea,R4,11605,28673240,Soil
Archaea,R5,41927,34432238,Soil
Archaea,R6,24128,36493337,Soil
Archaea,R7,10703,30320046,Soil
Archaea,R8,35319,24670584,Soil
Archaea,R9,93361,36974357,Soil
